hotel_id,name,address,city,country,latitude,longitude,avg_score,total_reviews,price_per_night,has_wifi,has_pool,has_gym,has_sauna,has_restaurant,has_room_service,has_lounge,has_event_space
0,Shepherd s Bush Boutique Hotel,11 12 Poplar Mews Shepherd s Bush Hammersmith and Fulham London W12 7JS United Kingdom,London,United Kingdom,51.5054544,-0.2262216,8.0,1069,235,1,0,0,0,1,0,0,0
1,Holiday Inn London Oxford Circus,57 59 Welbeck Street Westminster Borough London W1G 9BL United Kingdom,London,United Kingdom,51.516843,-0.1495574,7.5,1287,210,1,0,0,0,1,0,0,0
2,Relais Christine,3 Rue Christine 6th arr 75006 Paris France,Paris,France,48.8542454,2.339956,9.1,287,295,1,0,0,0,1,0,0,0
3,H tel Le M,20 bis rue de la Ga t 14th arr 75014 Paris France,Paris,France,48.8397623,2.3235324,8.2,1140,220,1,0,0,0,1,0,0,0
4,Grand Pigalle Hotel,29 rue Victor Mass 9th arr 75009 Paris France,Paris,France,48.880856,2.3375085,9.1,399,245,1,0,0,0,1,0,0,0
5,Dikker en Thijs Fenice Hotel,Prinsengracht 444 Amsterdam City Center 1017 KE Amsterdam Netherlands,Amsterdam,Netherlands,52.364971,4.8839827,8.4,1971,220,1,0,1,0,1,0,0,0
6,NH City Centre Amsterdam,Spuistraat 288 292 Amsterdam City Center 1012 VX Amsterdam Netherlands,Amsterdam,Netherlands,52.3697554,4.8887815,8.2,3417,230,1,0,0,0,1,0,0,0
7,Urban Lodge Hotel,Arlandaweg 10 Westpoort 1043 EW Amsterdam Netherlands,Amsterdam,Netherlands,52.3856494,4.834443,8.6,5018,205,1,0,0,0,1,0,1,0
8,Thistle Kensington Gardens,104 Bayswater Rd Westminster Borough London W2 3HL United Kingdom,London,United Kingdom,51.5108439,-0.1839074,8.2,2134,220,1,0,0,0,1,0,0,0
9,Platine Hotel Spa,20 rue de l Ing nieur Robert Keller 15th arr 75015 Paris France,Paris,France,48.8473459,2.2832408,8.6,729,250,1,0,0,1,1,0,0,0
10,NH Amsterdam Zuid,Van Leijenberghlaan 221 Zuideramstel 1082 GG Amsterdam Netherlands,Amsterdam,Netherlands,52.3266672,4.8800884,7.8,1245,205,1,0,1,0,1,1,0,0
11,Mercure London Paddington Hotel,144 Praed St Paddington Westminster Borough London W2 1HU United Kingdom,London,United Kingdom,51.5161139,-0.1749521,7.6,1458,230,1,0,0,0,1,0,0,0
12,H tel Hor,160 Rue La Fayette 10th arr 75010 Paris France,Paris,France,48.8793427,2.3577745,8.6,1090,235,1,0,0,0,1,0,0,0
13,LHP Hotel Napoleon,Via Ozanam 12 Citt Studi 20129 Milan Italy,Milan,Italy,45.4802415,9.2131919,8.3,599,200,1,0,0,0,1,0,0,0
14,Hotel Georgette,36 rue du Grenier Saint Lazare 3rd arr 75003 Paris France,Paris,France,48.8632723,2.352691,8.8,307,225,1,0,0,0,1,0,0,0
15,Park Plaza Westminster Bridge London,Westminster Bridge Road Lambeth London SE1 7UT United Kingdom,London,United Kingdom,51.5009609,-0.1165913,8.7,12158,280,1,1,1,1,1,1,1,0
16,Villa d Estr es,17 rue g t le coeur 6th arr 75006 Paris France,Paris,France,48.8535089,2.3425787,8.7,59,265,1,0,0,0,1,0,0,0
17,H tel Elysees Mermoz,30 Rue Jean Mermoz 8th arr 75008 Paris France,Paris,France,48.8715079,2.3122259,8.7,564,245,1,0,0,0,1,0,0,0
18,Le Pavillon de la Reine Spa,28 place des Vosges 3rd arr 75003 Paris France,Paris,France,48.8562725,2.3660412,9.2,376,265,1,0,1,1,1,1,0,0
19,Shaftesbury Hyde Park International,52 56 Inverness Terrace Westminster Borough London W2 3LB United Kingdom,London,United Kingdom,51.5123968,-0.186124,8.0,2907,235,1,0,0,0,1,0,0,0
20,The Park Grand London Paddington,1 3 Queens Garden Westminster Borough London W2 3BA United Kingdom,London,United Kingdom,51.5142184,-0.1809032,7.7,4380,235,1,0,0,0,1,1,0,0
21,Gran Hotel La Florida,Carretera Vallvidrera Tibidabo 83 93 Horta Guinard 08035 Barcelona Spain,Barcelona,Spain,41.4253332,2.1211028,8.7,943,180,1,1,1,1,1,1,0,0
22,Andreola Central Hotel,Via Domenico Scarlatti 24 Central Station 20124 Milan Italy,Milan,Italy,45.4836517,9.2078581,8.3,1135,205,1,0,0,0,1,0,0,0
23,Novotel London Excel,7 Western Gateway Royal Victoria Dock Newham London E16 1AA United Kingdom,London,United Kingdom,51.5077198,0.0229805,8.5,1158,270,1,0,1,0,1,1,0,0
24,Room Mate Giulia,Silvio Pellico 4 Milan City Center 20121 Milan Italy,Milan,Italy,45.4651371,9.1895249,9.3,2011,225,1,0,1,0,1,1,0,0
25,Dorset Square Hotel,39 40 Dorset Square Hotel Westminster Borough London NW1 6QN United Kingdom,London,United Kingdom,51.5226361,-0.1602871,9.0,263,280,0,0,0,0,1,1,0,0
26,H tel France d Antin Op ra,22 rue d Antin 2nd arr 75002 Paris France,Paris,France,48.8692566,2.3339369,8.5,173,240,1,0,0,0,1,0,0,0
27,Glam Milano,Piazza Duca D Aosta 4 6 Central Station 20124 Milan Italy,Milan,Italy,45.4838504,9.2034067,8.8,7371,205,1,0,0,0,1,0,0,0
28,Corendon Vitality Hotel Amsterdam,Aletta Jacobslaan 7 Slotervaart 1066 BP Amsterdam Netherlands,Amsterdam,Netherlands,52.3466449,4.8310984,8.4,4410,200,1,1,1,1,1,1,0,0
29,Arenas Atiram Hotels,Capitan Arenas 20 Les Corts 08034 Barcelona Spain,Barcelona,Spain,41.3904305,2.1262314,7.5,779,160,1,0,0,0,1,0,0,0
30,Threadneedles Autograph Collection,5 Threadneedle Street City of London London EC2R 8AY United Kingdom,London,United Kingdom,51.5140208,-0.0854919,8.8,390,265,1,0,0,0,1,1,0,0
31,The Hub Hotel,Via Privata Polonia 10 20157 Milan Italy,Milan,Italy,45.5138582,9.1194759,7.7,1160,175,1,1,1,1,1,0,0,0
32,Hotel Barcelona Center,Balmes 103 105 Eixample 08008 Barcelona Spain,Barcelona,Spain,41.3917169,2.1592614,8.4,1472,175,1,0,0,1,1,1,0,0
33,Ca Bianca Hotel Corte Del Naviglio,Via Lodovico Il Moro 117 Navigli 20143 Milan Italy,Milan,Italy,45.443502,9.1377081,7.7,1319,170,1,0,0,0,1,0,0,0
34,Holiday Inn Paris Saint Germain des Pr s,92 rue de Vaugirard 6th arr 75006 Paris France,Paris,France,48.846837,2.3258066,8.1,1407,220,1,0,0,0,1,0,0,0
35,Palais Coburg Residenz,Coburgbastei 4 01 Innere Stadt 1010 Vienna Austria,Vienna,Austria,48.2058584,16.3766545,9.5,98,185,1,0,0,0,1,0,0,0
36,Grange Blooms Hotel,7 Montague Street Bloomsbury Camden London WC1B 5BP United Kingdom,London,United Kingdom,51.5196913,-0.1254243,8.3,393,235,1,0,0,0,1,1,0,0
37,Mercure London Bloomsbury Hotel,130 134 Southampton Row Camden London WC1B 5AF United Kingdom,London,United Kingdom,51.5210085,-0.1230966,8.3,1361,245,1,0,0,0,1,0,0,0
38,Batty Langley s,12 Folgate Street City of London London E1 6BX United Kingdom,London,United Kingdom,51.5208575,-0.0779503,9.4,644,295,1,0,0,0,1,1,1,0
39,Andaz Amsterdam Prinsengracht A Hyatt Hotel,Prinsengracht 587 Amsterdam City Center 1067 HT Amsterdam Netherlands,Amsterdam,Netherlands,52.3678368,4.8830788,9.3,851,235,0,0,0,1,1,1,0,0
40,Novotel Amsterdam City,Europaboulevard 10 Zuideramstel 1083 AD Amsterdam Netherlands,Amsterdam,Netherlands,52.333803,4.8884708,7.8,2501,200,1,0,1,0,1,1,0,0
41,Grand Visconti Palace,Viale Isonzo 14 Porta Romana 20135 Milan Italy,Milan,Italy,45.4471408,9.2070051,8.6,1536,205,1,1,1,1,1,1,0,0
42,Holiday Inn London Kensington Forum,97 Cromwell Road Kensington and Chelsea London SW7 4DN United Kingdom,London,United Kingdom,51.4942305,-0.1851141,7.8,3867,235,1,0,0,0,1,0,1,0
43,Les Jardins Du Marais,74 rue Amelot 11th arr 75011 Paris France,Paris,France,48.8605219,2.3680239,8.1,838,215,1,0,1,1,1,1,0,0
44,Mercure London Kensington Hotel,1a Lexham Gardens Kensington and Chelsea London W8 5JJ United Kingdom,London,United Kingdom,51.4950098,-0.1906195,7.5,1016,210,1,0,0,0,1,0,0,0
45,Hotel Balmoral,Via Augusta 5 08006 Barcelona Spain,Barcelona,Spain,41.3961294,2.1551626,8.3,1023,160,1,1,1,1,1,0,0,0
46,Olivia Balmes Hotel,Balmes 117 Eixample 08008 Barcelona Spain,Barcelona,Spain,41.392095,2.158493,9.3,1835,215,1,1,1,0,1,0,0,0
47,Le Parisis Paris Tour Eiffel,102 Bd De Grenelle 15th arr 75015 Paris France,Paris,France,48.8494851,2.2955063,8.6,1477,240,1,0,0,0,1,1,0,0
48,Ashburn Hotel,111 Cromwell Road Kensington and Chelsea London SW7 4DP United Kingdom,London,United Kingdom,51.4945522,-0.1861213,8.6,629,245,1,0,0,0,1,0,1,0
49,Great Northern Hotel A Tribute Portfolio Hotel London,King s Cross St Pancras International Station Pancras Road Camden London N1C 4TB United Kingdom,London,United Kingdom,51.531427,-0.126133,8.9,1110,250,1,0,0,0,1,0,0,0
50,Lindner Hotel Am Belvedere,Rennweg 12 03 Landstra e 1030 Vienna Austria,Vienna,Austria,48.1955998,16.3826989,8.4,790,195,1,0,1,1,1,0,0,0
51,Eurostars Angli,Angli 60 Sarri St Gervasi 08017 Barcelona Spain,Barcelona,Spain,41.4031654,2.1231637,8.3,847,165,1,1,0,0,1,1,0,0
52,The Montcalm Marble Arch,2 Wallenberg Place Westminster Borough London W1H 7TN United Kingdom,London,United Kingdom,51.5150522,-0.159239,8.9,2752,290,1,0,0,1,1,1,1,0
53,Hotel Bristol A Luxury Collection Hotel,K rntner Ring 1 01 Innere Stadt 1015 Vienna Austria,Vienna,Austria,48.2024907,16.3702656,9.1,336,225,1,0,0,0,1,1,1,0
54,Hotel Capitol Milano,Via Cimarosa 6 Fiera Milano City 20144 Milan Italy,Milan,Italy,45.4661781,9.1588367,8.3,584,200,1,0,0,1,1,0,0,0
55,Hotel Royal Elys es,6 Avenue Victor Hugo 16th arr 75116 Paris France,Paris,France,48.8729666,2.2926226,7.0,251,185,0,0,0,0,1,0,0,0
56,Hotel Wandl,Petersplatz 9 01 Innere Stadt 1010 Vienna Austria,Vienna,Austria,48.2097026,16.3703902,8.5,1799,210,1,0,0,0,1,0,0,0
57,Best Western Atlantic Hotel,Via Napo Torriani 24 Central Station 20124 Milan Italy,Milan,Italy,45.4830211,9.2033246,8.5,1738,185,1,0,0,0,1,0,0,0
58,Sall s Hotel Pere IV,Pallars 128 130 Sant Mart 08018 Barcelona Spain,Barcelona,Spain,41.3969273,2.192267,7.9,3130,170,1,1,1,1,1,0,0,0
59,London Marriott Hotel Regents Park,128 King Henry s Road Camden London NW3 3ST United Kingdom,London,United Kingdom,51.5421476,-0.1703073,8.3,1640,245,1,1,1,1,1,1,0,0
60,Grange Rochester Hotel,69 Vincent Square Westminster Borough London SW1P 2PA United Kingdom,London,United Kingdom,51.4942654,-0.1366026,8.2,1046,240,1,0,0,0,1,1,0,0
61,Best Western Mercedes Arc de Triomphe,128 avenue de Wagram 17th arr 75017 Paris France,Paris,France,48.8848292,2.3035189,7.8,368,210,1,0,0,1,1,0,0,0
62,Maison Borella,Alzaia Naviglio Grande 8 Navigli 20144 Milan Italy,Milan,Italy,45.4521067,9.1758135,9.1,777,220,1,0,0,0,1,0,1,0
63,L Hotel Pergol se Paris,3 Rue Pergolese 16th arr 75116 Paris France,Paris,France,48.8756618,2.2863468,8.2,1281,225,1,0,0,0,1,1,0,0
64,Melia Paris Tour Eiffel,35 Rue Jean Goujon 8th arr 75008 Paris France,Paris,France,48.8651994,2.3045076,8.1,241,230,1,0,0,0,0,0,0,0
65,Copthorne Tara Hotel London Kensington,Scarsdale Place Kensington Kensington and Chelsea London W8 5SY United Kingdom,London,United Kingdom,51.499046,-0.1917073,8.1,7105,225,1,0,0,0,1,1,1,0
66,Britannia International Hotel Canary Wharf,163 Marsh Wall Docklands Tower Hamlets London E14 9SJ United Kingdom,London,United Kingdom,51.5019097,-0.0232208,7.1,9086,185,1,1,1,1,1,1,0,0
67,Hotel Roemer Amsterdam,Roemer Visscherstraat 8 10 Oud West 1054 EV Amsterdam Netherlands,Amsterdam,Netherlands,52.3617577,4.8780052,8.3,974,200,1,0,0,1,1,0,0,0
68,St James Hotel Club Mayfair,7 8 Park Place Westminster Borough London SW1A 1LP United Kingdom,London,United Kingdom,51.5061587,-0.1402803,8.7,363,270,1,0,1,0,1,1,0,0
69,Palazzo Parigi Hotel Grand Spa Milano,Corso Di Porta Nuova 1 Milan City Center 20121 Milan Italy,Milan,Italy,45.473348,9.1910733,9.3,534,240,1,1,0,1,1,0,0,0
70,H tel La Parizienne by Elegancia,33 Boulevard du Montparnasse 6th arr 75006 Paris France,Paris,France,48.8450894,2.3209503,8.5,672,250,1,0,0,0,1,0,0,0
71,Onix Liceo,Nou de la Rambla 36 Ciutat Vella 08001 Barcelona Spain,Barcelona,Spain,41.3780229,2.1730782,8.1,1257,165,1,1,0,0,1,0,0,0
72,NH Milano Touring,Via Tarchetti 2 Milan City Center 20121 Milan Italy,Milan,Italy,45.4769167,9.196665,8.4,4568,190,1,0,0,0,1,1,0,0
73,Admiral Hotel,Via Domodossola 16 Fiera Milano City 20145 Milan Italy,Milan,Italy,45.480515,9.160063,7.3,330,165,1,0,0,0,1,0,0,0
74,Palais Hansen Kempinski Vienna,Schottenring 24 01 Innere Stadt 1010 Vienna Austria,Vienna,Austria,48.2163149,16.3685103,9.2,865,230,1,1,0,1,1,1,1,0
75,DoubleTree by Hilton Amsterdam Centraal Station,Oosterdoksstraat 4 Amsterdam City Center 1011 DK Amsterdam Netherlands,Amsterdam,Netherlands,52.376752,4.904618,8.4,3911,220,1,0,0,0,1,1,1,0
76,Park Grand London Hyde Park,78 82 Westbourne Terrace Westminster Borough London W2 6QA United Kingdom,London,United Kingdom,51.5157316,-0.1802179,7.5,1891,215,1,0,0,0,1,0,0,0
77,Arbor City,12 Osborn Street Aldgate East Tower Hamlets London E1 6TE United Kingdom,London,United Kingdom,51.5166755,-0.0697897,8.9,2197,270,1,0,0,0,1,0,0,0
78,Thistle Euston,Cardington Street Euston Camden London NW1 2LP United Kingdom,London,United Kingdom,51.5291423,-0.1372782,8.3,2474,255,1,0,0,0,1,1,0,0
79,Knightsbridge Hotel,10 Beaufort Gardens Kensington and Chelsea London SW3 1PT United Kingdom,London,United Kingdom,51.4980052,-0.1643238,9.1,473,265,1,0,1,0,1,1,0,0
80,Best Western Seraphine Kensington Olympia,225 High Street Kensington Kensington and Chelsea London W8 6SA United Kingdom,London,United Kingdom,51.4992791,-0.1973593,7.4,895,200,1,0,0,0,1,0,0,0
81,Hotel Best Western PLUS Alfa Aeropuerto,Calle K s n Entrada principal Mercabarna Sants Montju c 08040 Barcelona Spain,Barcelona,Spain,41.3283758,2.1129638,7.8,2521,160,1,1,1,1,1,0,0,0
82,Hotel Maison Ath n e,19 Rue De Caumartin 9th arr 75009 Paris France,Paris,France,48.8713421,2.3280723,8.8,346,245,1,0,0,0,1,0,0,0
83,Pulitzer Amsterdam,Prinsengracht 315 331 Amsterdam City Center 1016 GZ Amsterdam Netherlands,Amsterdam,Netherlands,52.3728353,4.883326,9.1,909,235,1,0,0,0,1,1,0,0
84,H10 Marina Barcelona,Avenida Bogatell 64 68 Sant Mart 08005 Barcelona Spain,Barcelona,Spain,41.393227,2.1927427,8.2,1579,180,1,1,1,1,1,1,1,0
85,Sofitel Paris Baltimore Tour Eiffel,88 Bis Avenue Kl ber 16th arr 75016 Paris France,Paris,France,48.8663089,2.289609,8.3,420,225,1,0,1,0,1,1,0,0
86,H tel des Academies et des Arts,15 Rue De La Grande Chaumi re 6th arr 75006 Paris France,Paris,France,48.8420669,2.3304091,8.8,215,255,1,0,0,0,1,0,0,0
87,Hotel Park Lane Paris,4 Rue La Boetie 8th arr 75008 Paris France,Paris,France,48.8745879,2.3188143,8.7,824,225,1,0,0,0,1,1,0,0
88,Medinaceli,Duc De Medinaceli 8 Ciutat Vella 08002 Barcelona Spain,Barcelona,Spain,41.3781685,2.1786627,7.8,523,165,1,0,0,0,1,0,0,0
89,Lyric H tel Paris,2 rue de Gramont 2nd arr 75002 Paris France,Paris,France,48.8690126,2.3368708,8.9,480,225,1,1,1,1,1,0,0,0
90,Hotel Gran Derby Suites,Loreto 28 Les Corts 08029 Barcelona Spain,Barcelona,Spain,41.3900104,2.1422396,8.5,470,170,1,1,0,0,1,0,0,0
91,Ambassade Hotel,Herengracht 341 Amsterdam City Center 1016 AZ Amsterdam Netherlands,Amsterdam,Netherlands,52.369391,4.8871721,9.3,1611,225,1,0,0,0,1,1,0,0
92,Apex City Of London Hotel,No 1 Seething Lane City of London London EC3N 4AX United Kingdom,London,United Kingdom,51.5104624,-0.0795502,9.0,2750,265,1,0,0,0,1,1,0,0
93,Acad mie H tel Saint Germain,32 rue des Saints P res 7th arr 75007 Paris France,Paris,France,48.855263,2.3305901,9.0,855,270,1,0,0,1,1,0,0,0
94,Shaftesbury Premier London Paddington,55 61 Westbourne Terrace Westminster Borough London W2 3UY United Kingdom,London,United Kingdom,51.5153672,-0.1783271,7.3,3609,210,1,0,0,0,1,0,0,0
95,Saint SHERMIN bed breakfast champagne,Rilke Platz 7 04 Wieden 1040 Vienna Austria,Vienna,Austria,48.1978409,16.367087,9.0,651,205,1,0,0,0,1,0,0,0
96,Hotel Regina,Rooseveltplatz 15 09 Alsergrund 1090 Vienna Austria,Vienna,Austria,48.2163343,16.3595536,8.4,1948,180,1,0,0,0,1,0,0,0
97,The Corner Hotel,Mallorca 178 Eixample 08036 Barcelona Spain,Barcelona,Spain,41.3890578,2.1565948,9.3,460,195,1,1,0,0,1,1,1,0
98,The Grosvenor,101 Buckingham Palace Road Westminster Borough London SW1W 0SJ United Kingdom,London,United Kingdom,51.4956657,-0.1452793,8.4,3274,245,1,0,0,0,1,1,1,0
99,Hotel Verneuil Saint Germain,8 rue de Verneuil 7th arr 75007 Paris France,Paris,France,48.8573706,2.3314669,8.7,165,250,1,0,0,0,1,0,0,0
100,Pullman Barcelona Skipper,Avenida Litoral 10 Ciutat Vella 08005 Barcelona Spain,Barcelona,Spain,41.3860183,2.19473,8.6,1424,175,1,1,1,1,1,1,0,0
101,The Nadler Soho,10 Carlisle Street Westminster Borough London W1D 3BR United Kingdom,London,United Kingdom,51.5147387,-0.1341108,9.0,1394,275,1,0,0,0,1,1,0,0
102,Hotel Carrobbio,Via Medici 3 Milan City Center 20123 Milan Italy,Milan,Italy,45.4606597,9.1810947,8.0,888,180,1,0,0,1,1,0,0,0
103,Hotel Elys es Bassano,24 rue Bassano 16th arr 75016 Paris France,Paris,France,48.8689307,2.2974503,7.9,652,235,1,0,0,0,1,1,0,0
104,Hotel Manin,Via Manin 7 Milan City Center 20121 Milan Italy,Milan,Italy,45.4739801,9.1960671,8.4,1757,215,1,0,0,0,1,0,0,0
105,Hotel degli Arcimboldi,Viale Sarca 336 Bicocca Zara 20125 Milan Italy,Milan,Italy,45.5257221,9.2150033,8.3,10842,195,1,0,0,0,1,0,0,0
106,NH Milano Grand Hotel Verdi,Via Melchiorre Gioia 6 Garibaldi Station 20124 Milan Italy,Milan,Italy,45.4814923,9.192023,8.2,1178,200,1,0,0,0,1,1,0,0
107,Hotel Saint Dominique,62 Rue Saint Dominique 7th arr 75007 Paris France,Paris,France,48.8599998,2.3087425,8.7,516,230,1,0,0,0,1,0,0,0
108,Residence Henri IV,50 rue des Bernardins 5th arr 75005 Paris France,Paris,France,48.8481917,2.3490316,9.1,454,235,1,0,0,0,1,0,0,0
109,St Martins Lane A Morgans Original,45 St Martin s Lane Westminster Borough London WC2N 4HX United Kingdom,London,United Kingdom,51.5104696,-0.1265824,9.0,1241,270,1,0,1,0,1,1,0,0
110,Millennium Hotel London Knightsbridge,17 25 Sloane Street Knightsbridge Kensington and Chelsea London SW1X 9NU United Kingdom,London,United Kingdom,51.4999683,-0.1599927,7.5,2746,235,1,0,0,0,1,1,1,0
111,Atahotel Linea Uno,Viale Monza 139 Distretto Viale Monza 20125 Milan Italy,Milan,Italy,45.50054,9.2208089,8.0,1199,195,1,0,0,0,1,0,0,0
112,Hotel Arena,s Gravesandestraat 55 Oost 1092 AA Amsterdam Netherlands,Amsterdam,Netherlands,52.3605759,4.9159683,7.7,1403,195,1,0,0,0,1,0,0,0
113,The Soho Hotel,4 Richmond Mews Westminster Borough London W1D 3DH United Kingdom,London,United Kingdom,51.5139805,-0.1337948,9.5,385,275,1,0,1,0,1,1,0,0
114,Hotel Ciutadella Barcelona,Avenida Marqu s de l Argentera 4 Ciutat Vella 08003 Barcelona Spain,Barcelona,Spain,41.3837583,2.1846933,8.1,448,160,1,0,0,0,1,0,0,0
115,NH Collection Amsterdam Grand Hotel Krasnapolsky,Dam 9 Amsterdam City Center 1012 JS Amsterdam Netherlands,Amsterdam,Netherlands,52.3727067,4.8943658,8.4,4686,235,1,0,0,0,1,1,0,0
116,Hotel Gallitzinberg,Johann Staud Stra e 32 16 Ottakring 1160 Vienna Austria,Vienna,Austria,48.2145071,16.2845042,8.6,173,225,1,0,0,0,1,0,0,0
117,H tel Le Marianne,11 rue Paul Baudry 8th arr 75008 Paris France,Paris,France,48.8725794,2.3075779,8.7,213,260,1,0,0,0,1,0,0,0
118,Fifty Four Boutique Hotel,54 Queens Gate Kensington and Chelsea London SW7 5JW United Kingdom,London,United Kingdom,51.4963008,-0.1796853,8.2,684,250,1,0,0,0,1,0,0,0
119,Armani Hotel Milano,Via Manzoni 31 Milan City Center 20121 Milan Italy,Milan,Italy,45.470532,9.19302,9.2,835,250,1,0,1,1,1,1,1,0
120,AC Hotel Victoria Suites a Marriott Lifestyle Hotel,Beltran i R zpide 7 9 Les Corts 08034 Barcelona Spain,Barcelona,Spain,41.3893478,2.1209755,8.6,375,175,0,1,0,0,1,0,0,0
121,H tel Victor Hugo Paris Kl ber,19 Rue Copernic 16th arr 75016 Paris France,Paris,France,48.8690198,2.2891278,7.9,236,185,1,0,0,0,0,0,0,0
122,Hotel Moonlight,9 Knaresborough Place Kensington and Chelsea London SW5 0TP United Kingdom,London,United Kingdom,51.4940285,-0.1910497,9.0,617,240,1,0,0,0,1,0,0,0
123,Hotel Claridge Paris,37 rue Fran ois 1er 8th arr 75008 Paris France,Paris,France,48.8684243,2.3036244,8.1,724,210,1,0,0,0,1,0,0,0
124,D clic Hotel,17 rue Duhesme 18th arr 75018 Paris France,Paris,France,48.8908018,2.3380204,8.8,360,275,1,0,0,0,1,0,0,0
125,H tel Duc De St Simon,14 Rue St Simon 7th arr 75007 Paris France,Paris,France,48.8560685,2.3236846,9.0,379,275,1,0,0,0,1,1,0,0
126,Hotel ViennArt am Museumsquartier,Breite Gasse 9 07 Neubau 1070 Vienna Austria,Vienna,Austria,48.2035677,16.356445,8.4,2692,185,1,0,0,0,1,0,1,0
127,H tel Lancaster Paris Champs Elys es,7 rue de Berri 8th arr 75008 Paris France,Paris,France,48.8723438,2.3033378,8.8,254,240,1,0,0,0,1,1,0,0
128,Drawing Hotel,17 rue de Richelieu 1st arr 75001 Paris France,Paris,France,48.8644382,2.3359148,8.9,67,230,0,0,0,0,1,0,0,0
129,Hotel 55,Hanger Lane Ealing London W5 3HL United Kingdom,London,United Kingdom,51.5213303,-0.2915052,8.5,722,240,1,0,0,0,1,0,0,0
130,Hotel Cambon,3 Rue Cambon 1st arr 75001 Paris France,Paris,France,48.866435,2.3251076,8.3,323,255,1,0,0,0,1,0,0,0
131,Golden Tulip Amsterdam West,Molenwerf 1 1014 AG Amsterdam Netherlands,Amsterdam,Netherlands,52.385601,4.8470597,8.5,7586,205,1,0,0,0,1,1,0,0
132,London Bridge Hotel,8 18 London Bridge St Southwark London SE1 9SG United Kingdom,London,United Kingdom,51.5052188,-0.088166,8.7,311,270,1,0,0,0,1,1,0,0
133,Chateau Frontenac,54 rue Pierre Charron 8th arr 75008 Paris France,Paris,France,48.8689468,2.3026559,8.5,858,240,1,0,1,0,1,1,0,0
134,Tryp Barcelona Apolo Hotel,Avenida Paralelo 57 59 Sants Montju c 08004 Barcelona Spain,Barcelona,Spain,41.3747031,2.1707106,7.8,883,170,1,1,1,0,1,0,0,0
135,Hotel Square,3 Rue De Boulainvilliers 16th arr 75016 Paris France,Paris,France,48.851589,2.2777274,8.5,148,240,1,0,0,0,1,0,0,0
136,NH Carlton Amsterdam,Vijzelstraat 4 Amsterdam City Center 1017 HK Amsterdam Netherlands,Amsterdam,Netherlands,52.3663727,4.8930505,7.0,4231,185,1,0,0,0,1,1,0,0
137,Mercure Paris Notre Dame Saint Germain des Pr s,20 rue du Sommerard 5th arr 75005 Paris France,Paris,France,48.8503074,2.3450612,8.0,268,210,1,0,0,0,1,0,0,0
138,Hotel Schani Wien,Karl Popper Stra e 22 10 Favoriten 1100 Vienna Austria,Vienna,Austria,48.1824271,16.3808291,8.8,2464,180,1,0,0,0,1,0,0,0
139,The RE London Shoreditch,419 437 Hackney Road London E2 8PP United Kingdom,London,United Kingdom,51.531979,-0.061598,7.8,2147,205,1,0,1,0,1,1,0,0
140,Holiday Inn Paris Gare de Lyon Bastille,11 15 Rue De Lyon 12th arr 75012 Paris France,Paris,France,48.8468064,2.3714789,8.3,2200,245,1,0,0,0,1,0,0,0
141,Courtyard by Marriott Vienna Prater Messe,Trabrennstra e 4 02 Leopoldstadt 1020 Vienna Austria,Vienna,Austria,48.2130607,16.4133973,8.7,1766,205,1,0,1,1,1,1,0,0
142,ME London by Melia,336 337 Strand London Westminster Borough London WC2R 1HA United Kingdom,London,United Kingdom,51.511879,-0.118552,9.2,1017,290,1,0,1,0,1,1,0,0
143,Rafayel Hotel Spa,34 Lombard Road Battersea London SW11 3RF United Kingdom,London,United Kingdom,51.4703604,-0.1779869,8.0,1378,250,1,1,1,1,1,1,0,0
144,NH Sants Barcelona,Numancia 74 Les Corts 08029 Barcelona Spain,Barcelona,Spain,41.384591,2.1378107,8.2,1122,170,1,0,0,0,1,0,0,0
145,Amba Hotel Marble Arch,Bryanston Street Marble Arch Westminster Borough London W1H 7EH United Kingdom,London,United Kingdom,51.5144004,-0.1565506,8.5,3980,270,1,0,0,0,1,1,1,0
146,Hotel Indigo Barcelona Plaza Catalunya,Gran Via de las Corts Catalanes 629 Eixample 08010 Barcelona Spain,Barcelona,Spain,41.391362,2.1700953,8.6,802,175,1,1,1,0,1,0,0,0
147,St James Court A Taj Hotel London,41 54 Buckingham Gate Westminster Borough London SW1E 6AF United Kingdom,London,United Kingdom,51.4986732,-0.1376867,8.7,5394,265,1,0,0,1,1,1,0,0
148,Catalonia Born,Rec Comtal 16 18 Ciutat Vella 08003 Barcelona Spain,Barcelona,Spain,41.3896916,2.1798661,8.8,2094,185,1,1,0,0,1,0,0,0
149,Blakes Hotel,33 Roland Gardens Kensington and Chelsea London SW7 3PF United Kingdom,London,United Kingdom,51.4892447,-0.1803196,8.0,190,230,1,0,1,0,1,0,0,0
150,B Montmartre,6 Rue Lecluse 17th arr 75017 Paris France,Paris,France,48.883631,2.3257643,9.2,332,270,1,0,0,0,1,0,1,0
151,Banke H tel,20 Rue La Fayette 9th arr 75009 Paris France,Paris,France,48.8735736,2.335965,8.4,688,255,1,0,1,1,1,1,0,0
152,Mercure Hotel Raphael Wien,Wallgasse 23 06 Mariahilf 1060 Vienna Austria,Vienna,Austria,48.1919288,16.3391395,8.5,1264,195,1,0,0,0,1,0,0,0
153,NH Collection Amsterdam Barbizon Palace,Prins Hendrikkade 59 72 Amsterdam City Center 1012 AD Amsterdam Netherlands,Amsterdam,Netherlands,52.3764175,4.9002201,8.6,2865,245,1,0,0,0,1,1,0,0
154,Le Burgundy Paris,6 8 Rue Duphot 1st arr 75001 Paris France,Paris,France,48.8680055,2.3260075,9.1,683,250,1,1,1,1,1,1,0,0
155,Hotel Xenia Autograph Collection,160 Cromwell Road Kensington Kensington and Chelsea London SW5 0TL United Kingdom,London,United Kingdom,51.4946905,-0.1910197,9.0,682,270,1,0,0,0,1,0,0,0
156,Le Relais Montmartre,6 Rue Constance 18th arr 75018 Paris France,Paris,France,48.8854538,2.3335809,9.3,744,255,1,0,0,0,1,0,0,0
157,Novotel Paris 17,34 Avenue Porte d Asni res 17th arr 75017 Paris France,Paris,France,48.8920485,2.3023791,7.9,750,235,1,0,0,0,1,0,0,0
158,Hotel Maison FL,6 Rue De La Tour 16th arr 75016 Paris France,Paris,France,48.8396395,2.2663056,8.7,417,250,1,0,0,0,1,0,0,0
159,Best Western Ducs de Bourgogne,19 Rue Du Pont Neuf 1st arr 75001 Paris France,Paris,France,48.8603483,2.3440535,7.7,684,220,1,0,0,0,1,0,0,0
160,Charlotte Street Hotel,15 17 Charlotte Street Hotel Westminster Borough London W1T 1RJ United Kingdom,London,United Kingdom,51.5184158,-0.1348509,9.5,319,260,1,0,0,0,1,0,1,0
161,Ritz Paris,15 Place Vend me 1st arr 75001 Paris France,Paris,France,48.8679466,2.3289593,9.8,122,305,0,0,0,0,1,0,0,0
162,Hotel Le Six,14 Rue Stanislas 6th arr 75006 Paris France,Paris,France,48.8438352,2.3280708,9.1,177,250,1,0,0,0,1,0,0,0
163,La Villa Maillot,143 Avenue De Malakoff 16th arr 75016 Paris France,Paris,France,48.875551,2.2835191,8.9,445,255,1,0,0,1,1,1,0,0
164,Hotel De Vigny,9 11 rue Balzac 8th arr 75008 Paris France,Paris,France,48.8738672,2.3005894,7.5,368,190,1,0,0,0,1,0,0,0
165,Crowne Plaza Milan City,Via Melchiorre Gioia 73 Central Station 20124 Milan Italy,Milan,Italy,45.4896727,9.2006406,8.5,838,190,1,1,1,1,1,1,0,0
166,Gardette Park Hotel,1 Rue Du G n ral Blaise 11th arr 75011 Paris France,Paris,France,48.8610265,2.3788974,8.2,1011,215,1,0,0,0,1,0,0,0
167,Senator Hotel Vienna,Hernalser Hauptstra e 105 17 Hernals 1170 Vienna Austria,Vienna,Austria,48.2195864,16.3255339,8.1,2718,170,1,0,0,0,1,0,0,0
168,Albus Hotel Amsterdam City Centre,Vijzelstraat 49 Amsterdam City Center 1017 HE Amsterdam Netherlands,Amsterdam,Netherlands,52.365823,4.893243,8.2,564,220,1,0,0,0,1,1,0,0
169,The Mandeville Hotel,Mandeville Place Westminster Borough London W1U 2BE United Kingdom,London,United Kingdom,51.5165165,-0.1509735,8.5,2300,245,1,0,0,0,1,1,0,0
170,H tel La Comtesse by Elegancia,29 Avenue De Tourville 7th arr 75007 Paris France,Paris,France,48.853865,2.3072019,9.0,363,280,1,0,0,0,1,1,0,0
171,Grand Hotel Wien,K rntner Ring 9 01 Innere Stadt 1010 Vienna Austria,Vienna,Austria,48.2021105,16.3720841,9.0,1375,220,1,0,1,1,1,1,0,0
172,H tel D Aubusson,33 Rue Dauphine 6th arr 75006 Paris France,Paris,France,48.8547329,2.3395277,9.4,941,270,1,0,0,0,1,0,1,0
173,Luxury Suites Amsterdam,Oudeschans 75 Amsterdam City Center 1011 KW Amsterdam Netherlands,Amsterdam,Netherlands,52.3702613,4.9032489,9.3,720,220,1,0,0,0,1,1,0,0
174,Enterprise Hotel Design Boutique,Corso Sempione 91 Fiera Milano City 20149 Milan Italy,Milan,Italy,45.4867005,9.1575137,8.5,1686,210,1,0,0,1,1,0,0,0
175,Mercure Paris Terminus Nord,21 rue de Dunkerque 10th arr 75010 Paris France,Paris,France,48.8794843,2.3556545,7.4,5575,200,1,0,0,0,1,0,0,0
176,Vice Versa,213 rue de la Croix Nivert 15th arr 75015 Paris France,Paris,France,48.8363819,2.2897793,8.3,637,220,1,0,0,0,0,0,0,0
177,Hampshire Hotel Amsterdam American,Leidsekade 97 Amsterdam City Center 1017 PN Amsterdam Netherlands,Amsterdam,Netherlands,52.363889,4.881302,8.5,4032,240,1,0,0,0,1,0,0,0
178,InterContinental Amstel Amsterdam,Professor Tulpplein 1 Amsterdam City Center 1018 GX Amsterdam Netherlands,Amsterdam,Netherlands,52.3600068,4.9051643,9.0,151,265,0,1,0,1,1,0,0,0
179,Best Western Premier Op ra Faubourg Ex Hotel Jules,49 Rue La Fayette 9th arr 75009 Paris France,Paris,France,48.8753359,2.3414617,8.1,1966,235,1,0,0,0,1,0,0,0
180,art otel Amsterdam,Prins Hendrikkade 33 Amsterdam City Center 1012 TM Amsterdam Netherlands,Amsterdam,Netherlands,52.377743,4.897057,9.0,3158,220,1,1,1,1,1,1,0,0
181,Courthouse Hotel London,19 21 Gt Marlborough St Westminster Borough London W1F 7HL United Kingdom,London,United Kingdom,51.5143624,-0.1394483,8.0,1786,245,1,1,0,1,1,1,0,0
182,Hotel Dieci,Largo Rio de Janeiro 12 Citt Studi 20133 Milan Italy,Milan,Italy,45.4738012,9.2239702,8.1,458,165,1,0,0,0,1,0,0,0
183,Hotel Casa Camper,Elisabets 11 Ciutat Vella 08001 Barcelona Spain,Barcelona,Spain,41.3832414,2.1685298,9.6,732,185,1,0,1,0,1,0,1,0
184,Olivia Plaza Hotel,Plaza de Catalunya 19 Ciutat Vella 08002 Barcelona Spain,Barcelona,Spain,41.3861459,2.1711594,9.3,2757,195,1,0,0,0,1,0,0,0
185,Mercure Josefshof Wien,Josefsgasse 4 6 08 Josefstadt 1080 Vienna Austria,Vienna,Austria,48.2085627,16.3541687,8.3,2526,205,1,0,0,0,1,1,0,0
186,H10 Urquinaona Plaza,Pla a Urquinaona 2 Eixample 08010 Barcelona Spain,Barcelona,Spain,41.3892128,2.1726015,9.1,1875,190,1,1,1,0,1,0,0,0
187,DoubleTree By Hilton Milan,Via Ludovico Di Breme 77 Certosa 20156 Milan Italy,Milan,Italy,45.5005657,9.1383663,8.1,277,165,1,0,0,0,1,0,0,0
188,Radisson Blu Hotel Milan,Via Villapizzone 24 Certosa 20156 Milan Italy,Milan,Italy,45.500667,9.1445874,8.2,1626,215,1,1,1,1,1,1,0,0
189,Hilton London Tower Bridge,5 More London Place Tooley Street Southwark London SE1 2BY United Kingdom,London,United Kingdom,51.504575,-0.082675,8.7,1705,270,1,0,0,0,1,0,1,0
190,Park Plaza Vondelpark Amsterdam,Koninginneweg 34 36 Oud Zuid 1075 CZ Amsterdam Netherlands,Amsterdam,Netherlands,52.3542655,4.8664365,7.5,2176,180,1,0,1,0,1,1,0,0
191,Eccleston Square Hotel,37 Eccleston Square Westminster Borough London SW1V 1PB United Kingdom,London,United Kingdom,51.4911924,-0.1449474,8.5,369,270,1,0,0,0,1,1,0,0
192,The Academy,21 Gower Street Camden London WC1E 6HG United Kingdom,London,United Kingdom,51.5205441,-0.1308091,7.8,612,220,1,0,0,0,1,1,0,0
193,Apollofirst Boutique Hotel,Apollolaan 123 125 Oud Zuid 1077 AP Amsterdam Netherlands,Amsterdam,Netherlands,52.350396,4.8756404,8.5,1284,220,1,0,0,0,1,0,0,0
194,Hotel Les Bains Paris,7 Rue Du Bourg L abb 3rd arr 75003 Paris France,Paris,France,48.863828,2.3519345,8.9,153,270,0,0,0,0,1,0,0,0
195,Mercure Paris Op ra Faubourg Montmartre,5 Rue de Montyon 9th arr 75009 Paris France,Paris,France,48.8729639,2.3444899,7.5,223,230,0,0,0,0,1,0,0,0
196,Le A,4 rue d Artois 8th arr 75008 Paris France,Paris,France,48.8723844,2.3088663,8.9,348,260,1,0,0,0,1,1,0,0
197,Holiday Inn London Whitechapel,5 Cavell Street Tower Hamlets London E1 2BP United Kingdom,London,United Kingdom,51.5154006,-0.0572364,8.5,1131,240,1,0,1,0,1,1,0,0
198,Radisson Blu Edwardian Mercer Street,20 Mercer Street Covent Garden Camden London WC2H 9HD United Kingdom,London,United Kingdom,51.5139275,-0.1271506,8.7,1478,250,1,0,0,0,1,1,0,0
199,H tel Mansart Esprit de France,5 rue des Capucines 1st arr 75001 Paris France,Paris,France,48.8684776,2.3298238,8.6,611,215,1,0,0,0,1,0,0,0
200,The Waldorf Hilton,Aldwych Westminster Borough London WC2B 4DD United Kingdom,London,United Kingdom,51.5131979,-0.1174504,8.4,1479,235,1,1,1,0,1,1,1,0
201,Carlyle Brera Hotel,Corso Garibaldi 84 Milan City Center 20121 Milan Italy,Milan,Italy,45.4769923,9.1844899,8.2,1969,190,1,0,0,0,1,0,0,0
202,NH Amsterdam Noord,Distelkade 21 Amsterdam Noord 1031 XP Amsterdam Netherlands,Amsterdam,Netherlands,52.3923684,4.9110442,8.2,734,225,1,0,1,0,1,0,0,0
203,My Chelsea,35 Ixworth Place Kensington and Chelsea London SW3 3QX United Kingdom,London,United Kingdom,51.4919083,-0.1684398,8.2,1003,220,1,0,0,0,1,1,0,0
204,Club Quarters Hotel Trafalgar Square,8 Northumberland Avenue Westminster Borough London WC2N 5BY United Kingdom,London,United Kingdom,51.506935,-0.126012,8.5,2494,245,1,0,0,0,1,1,0,0
205,Hotel Topazz,Lichtensteg 3 01 Innere Stadt 1010 Vienna Austria,Vienna,Austria,48.210285,16.373579,8.7,809,205,1,0,1,0,1,0,1,0
206,Hilton London Canary Wharf,South Quay Marsh Wall Tower Hamlets London E14 9SH United Kingdom,London,United Kingdom,51.5007324,-0.01655,9.0,3040,250,1,0,0,0,1,1,1,0
207,Adria Boutique Hotel,88 Queens Gate Kensington and Chelsea London SW7 5AB United Kingdom,London,United Kingdom,51.4933372,-0.1788931,8.8,478,255,1,0,0,0,1,0,1,0
208,Aparthotel Arai 4 Superior,Avinyo 30 Ciutat Vella 08002 Barcelona Spain,Barcelona,Spain,41.3807517,2.1772425,9.3,520,195,1,1,0,0,1,0,0,0
209,Roger de Ll ria,Roger de Lluria 28 Eixample 08010 Barcelona Spain,Barcelona,Spain,41.3910786,2.1717285,8.5,596,190,1,0,0,0,1,1,0,0
210,H tel Westminster,13 Rue De La Paix 2nd arr 75002 Paris France,Paris,France,48.8693409,2.3310263,8.4,1374,240,1,0,1,1,1,1,0,0
211,H tel Brighton Esprit de France,218 rue de Rivoli 1st arr 75001 Paris France,Paris,France,48.8649306,2.3290844,8.7,973,250,1,0,0,0,1,1,0,0
212,Grange Fitzrovia Hotel,20 28 Bolsover Street Westminster Borough London W1W 5NB United Kingdom,London,United Kingdom,51.521759,-0.1425381,8.1,1034,235,1,0,0,0,1,1,0,0
213,Fleming s Conference Hotel Wien,Neubaug rtel 26 28 07 Neubau 1070 Vienna Austria,Vienna,Austria,48.1995177,16.3388225,8.5,2080,180,1,0,1,1,1,0,0,0
214,Mercure Paris 15 Porte de Versailles,6 Rue Saint Lambert 15th arr 75015 Paris France,Paris,France,48.8382542,2.2903494,8.0,221,230,0,0,0,0,1,0,0,0
215,Ilunion Bel Art,Lepanto 406 Horta Guinard 08025 Barcelona Spain,Barcelona,Spain,41.4101934,2.1695574,7.9,353,150,1,0,0,0,1,0,0,0
216,My Bloomsbury,11 13 Bayley Street Bedford Square Camden London WC1B 3HD United Kingdom,London,United Kingdom,51.5188555,-0.1319172,8.1,1161,255,1,0,0,0,1,0,0,0
217,Novotel Paris Vaugirard Montparnasse,257 Rue De Vaugirard 15th arr 75015 Paris France,Paris,France,48.8399018,2.3031011,7.6,1313,240,1,0,0,0,1,0,0,0
218,Le Dokhan s a Tribute Portfolio Hotel,117 Rue Lauriston 16th arr 75116 Paris France,Paris,France,48.8663359,2.2867935,7.9,222,225,1,0,0,0,1,0,0,0
219,UNA Hotel Scandinavia,Via Giovanni Battista Fauch Sempione 20154 Milan Italy,Milan,Italy,45.4859983,9.1637603,8.5,579,205,1,0,0,0,1,0,0,0
220,Innkeeper s Lodge London Greenwich,291 Greenwich High Road Greenwich Greenwich London SE10 8NA United Kingdom,London,United Kingdom,51.4801631,-0.0097201,8.2,1191,235,1,0,0,0,1,0,0,0
221,IH Hotels Milano Lorenteggio,Via Lorenteggio 278 Lorenteggio 20152 Milan Italy,Milan,Italy,45.4436132,9.1161094,7.0,2181,155,1,1,0,0,1,0,0,0
222,Ayre Hotel Gran V a,Gran V a de les Corts Catalanes 322 Sants Montju c 08004 Barcelona Spain,Barcelona,Spain,41.3732462,2.1474351,8.8,4887,190,1,1,1,0,1,0,0,0
223,H10 Metropolitan 4 Sup,Rambla Catalunya 7 9 Eixample 08007 Barcelona Spain,Barcelona,Spain,41.3875467,2.1673975,9.2,1834,190,1,1,1,1,1,0,1,0
224,DoubleTree by Hilton Hotel London Marble Arch,4 Bryanston St Marble Arch Westminster Borough London W1H 7BY United Kingdom,London,United Kingdom,51.514573,-0.15666,8.1,1290,235,1,0,0,0,1,0,0,0
225,The Curtain,45 Curtain Road Hackney London EC2A 4PJ United Kingdom,London,United Kingdom,51.5237209,-0.0806178,9.1,59,280,0,1,0,1,1,0,0,0
226,Hotel Das Tigra,Tiefer Graben 14 20 01 Innere Stadt 1010 Vienna Austria,Vienna,Austria,48.2121772,16.3680771,8.9,1817,195,1,0,0,0,1,0,0,0
227,Le Roch Hotel Spa,28 rue Saint Roch 1st arr 75001 Paris France,Paris,France,48.8661991,2.3328826,9.0,118,215,0,1,0,1,1,0,0,0
228,H tel Recamier,3 Bis Place Saint Sulpice 6th arr 75006 Paris France,Paris,France,48.8503493,2.3344305,9.0,164,300,0,0,0,0,1,0,0,0
229,Novotel Milano Linate Aeroporto,Via Mecenate 121 20138 Milan Italy,Milan,Italy,45.4481878,9.2570459,8.0,1607,190,1,1,0,0,1,0,1,0
230,H tel Juliana Paris,10 12 rue Cognacq Jay 7th arr 75007 Paris France,Paris,France,48.8619373,2.3040298,8.6,577,250,1,0,1,1,1,1,0,0
231,Mercure London Hyde Park,8 14 Talbot Sq Paddington Westminster Borough London W2 1TS United Kingdom,London,United Kingdom,51.5151149,-0.1743857,8.6,527,275,1,0,0,0,1,1,0,0
232,Radisson Blu Hotel Amsterdam,Rusland 17 Amsterdam City Center 1012 CK Amsterdam Netherlands,Amsterdam,Netherlands,52.3702469,4.8966743,8.6,4593,215,1,0,0,0,1,1,0,0
233,H tel Bedford,17 rue de l Arcade 8th arr 75008 Paris France,Paris,France,48.8720593,2.3236802,8.6,1703,255,1,0,0,0,1,0,0,0
234,Maxim Op ra,13 rue Geoffroy Marie 9th arr 75009 Paris France,Paris,France,48.8738557,2.3444232,8.4,256,235,1,0,0,0,1,0,0,0
235,Negresco Princess 4 Sup,Roger de Lluria 16 18 Eixample 08010 Barcelona Spain,Barcelona,Spain,41.3905166,2.1725643,8.9,2369,185,1,1,1,1,1,1,0,0
236,Park Hyatt Vienna,Am Hof 2 01 Innere Stadt 1010 Vienna Austria,Vienna,Austria,48.2105243,16.3683592,9.3,532,225,1,1,1,1,1,1,0,0
237,Maison Souquet,10 rue de Bruxelles 9th arr 75009 Paris France,Paris,France,48.88366,2.3313845,9.3,282,285,1,1,0,1,1,0,0,0
238,Vincci Mae,Avenida Diagonal 596 Sarri St Gervasi 08021 Barcelona Spain,Barcelona,Spain,41.3933943,2.1461315,8.9,546,195,1,1,1,0,1,1,0,0
239,Newhotel Roblin,6 rue Chauveau Lagarde 8th arr 75008 Paris France,Paris,France,48.8714152,2.3239679,8.8,1327,235,1,0,0,0,1,0,0,0
240,Hotel Plaza Elys es,177 Boulevard Haussmann 8th arr 75008 Paris France,Paris,France,48.8746128,2.3056956,8.5,563,250,1,0,0,0,1,0,0,0
241,Gran Hotel Torre Catalunya,Avenida Roma 2 4 Sants Montju c 08014 Barcelona Spain,Barcelona,Spain,41.3795572,2.1425457,8.5,1671,190,1,1,0,1,1,1,0,0
242,Condes de Barcelona,Paseo de Gracia 73 Eixample 08008 Barcelona Spain,Barcelona,Spain,41.3935497,2.1627098,8.7,1319,185,1,1,1,0,1,0,0,0
243,Exe Vienna,Ottakringer Stra e 34 36 17 Hernals 1170 Vienna Austria,Vienna,Austria,48.2149414,16.3365285,7.7,2667,170,1,1,1,0,1,0,0,0
244,Hotel Prinz Eugen,Wiedner G rtel 14 04 Wieden 1040 Vienna Austria,Vienna,Austria,48.1877258,16.3781454,8.3,3308,180,1,0,0,0,1,0,0,0
245,Radisson Blu Edwardian Bloomsbury Street,9 13 Bloomsbury Street Nr Covent Garden Camden London WC1B 3QD United Kingdom,London,United Kingdom,51.517608,-0.1276253,8.6,1641,245,1,0,0,0,1,0,0,0
246,Hotel Beethoven Wien,Papagenogasse 6 06 Mariahilf 1060 Vienna Austria,Vienna,Austria,48.2000165,16.3641802,8.9,578,215,1,0,0,0,1,0,1,0
247,Grand Hotel Central,Via Laietana 30 Ciutat Vella 08003 Barcelona Spain,Barcelona,Spain,41.3849695,2.1776631,8.9,988,195,1,1,1,0,1,1,0,0
248,NH Milano Palazzo Moscova,Viale Monte Grappa 12 Garibaldi Station 20124 Milan Italy,Milan,Italy,45.480968,9.189977,8.2,948,220,1,0,1,1,1,0,0,0
249,Hotel Casa Fuster G L Monumento,Passeig de Gracia 132 Gr cia 08008 Barcelona Spain,Barcelona,Spain,41.3980162,2.1581229,9.0,935,200,1,1,1,1,1,1,0,0
250,Catalonia Magdalenes,Magdalenes 13 15 Ciutat Vella 08002 Barcelona Spain,Barcelona,Spain,41.3861283,2.1745291,9.4,1108,205,1,1,1,1,1,0,0,0
251,FourSide Hotel Suites Vienna,Freytaggasse 25 27 21 Floridsdorf 1210 Vienna Austria,Vienna,Austria,48.2565936,16.4031426,8.6,1146,185,1,0,0,1,1,0,0,0
252,H tel Horset Op ra Best Western Premier Collection,18 Rue d Antin 2nd arr 75002 Paris France,Paris,France,48.8691686,2.3337818,8.5,941,245,1,0,0,0,1,0,0,0
253,Worldhotel Cristoforo Colombo,Corso Buenos Aires 3 Milan City Center 20124 Milan Italy,Milan,Italy,45.4758842,9.205791,8.6,2875,205,1,1,0,1,1,0,0,0
254,Conrad London St James,22 28 Broadway Westminster Borough London SW1H 0BH United Kingdom,London,United Kingdom,51.4993927,-0.1329128,9.1,944,270,1,0,1,0,1,1,1,0
255,Aparthotel Mariano Cubi Barcelona,Mariano Cubi 62 64 Sarri St Gervasi 08006 Barcelona Spain,Barcelona,Spain,41.3982129,2.1494179,8.3,635,165,1,0,0,0,1,0,0,0
256,Hotel Lombardia,Viale Lombardia 74 76 Citt Studi 20131 Milan Italy,Milan,Italy,45.4872511,9.2237385,7.9,713,190,1,0,0,0,1,1,0,0
257,The Chamberlain,130 135 Minories City of London London EC3N 1NU United Kingdom,London,United Kingdom,51.5122457,-0.0757326,8.9,2543,240,1,0,0,0,1,1,0,0
258,Royal Garden Hotel,2 24 Kensington High St Kensington and Chelsea London W8 4PT United Kingdom,London,United Kingdom,51.5027022,-0.1882164,8.8,2213,280,1,0,0,0,1,1,0,0
259,Hotel Nestroy Wien,Rotensterngasse 7a 02 Leopoldstadt 1020 Vienna Austria,Vienna,Austria,48.2178332,16.3821636,8.1,682,165,1,0,1,1,1,0,0,0
260,Novotel London West,1 Shortlands Hammersmith and Fulham London W6 8DR United Kingdom,London,United Kingdom,51.4919588,-0.2200956,8.3,2443,240,1,0,1,0,1,1,0,0
261,Rochester Champs Elysees,92 Rue La Boetie 8th arr 75008 Paris France,Paris,France,48.8724945,2.3091549,8.5,570,250,1,0,1,0,1,1,0,0
262,Radisson Blu Edwardian Vanderbilt,68 86 Cromwell Road Kensington Kensington and Chelsea London SW7 5BT United Kingdom,London,United Kingdom,51.4953691,-0.1818966,8.2,2665,235,1,0,0,0,1,1,0,0
263,The Cranley Hotel,10 Bina Gardens South Kensington Kensington and Chelsea London SW5 0LA United Kingdom,London,United Kingdom,51.4916378,-0.1832833,7.8,388,255,1,0,0,0,1,1,0,0
264,Melia Vienna,Donau City Stra e 7 22 Donaustadt 1220 Vienna Austria,Vienna,Austria,48.231911,16.4129493,8.6,3557,205,1,1,1,0,1,1,1,0
265,The Ampersand Hotel,10 Harrington Road Kensington and Chelsea London SW7 3ER United Kingdom,London,United Kingdom,51.4943077,-0.1755579,9.1,902,290,1,0,0,0,1,0,0,0
266,Prince de Galles a Luxury Collection hotel Paris,33 avenue George V 8th arr 75008 Paris France,Paris,France,48.869143,2.3006526,9.0,171,255,0,0,0,0,1,0,0,0
267,Hotel Marconi,Via Fabio Filzi 3 Central Station 20124 Milan Italy,Milan,Italy,45.4868744,9.2018407,8.3,1806,190,1,0,0,0,1,0,0,0
268,Colombia,Via Roberto Lepetit 15 Central Station 20124 Milan Italy,Milan,Italy,45.4829817,9.2041911,8.3,1114,195,1,0,1,0,1,0,0,0
269,H tel Keppler,10 Rue Kepler 16th arr 75016 Paris France,Paris,France,48.8699103,2.2973386,9.1,338,235,1,0,0,0,1,0,0,0
270,Canary Riverside Plaza Hotel,46 Westferry Circus Tower Hamlets London E14 8RS United Kingdom,London,United Kingdom,51.5066991,-0.0280208,8.9,310,285,1,1,1,1,1,1,0,0
271,Simm s Hotel,Simmeringer Hauptstra e 55 57 11 Simmering 1110 Vienna Austria,Vienna,Austria,48.1790835,16.4116997,8.5,849,185,1,0,0,0,1,0,0,0
272,Attica 21 Barcelona Mar,Proven als 10 Sant Mart 08019 Barcelona Spain,Barcelona,Spain,41.4052324,2.2117289,8.1,926,185,1,1,0,0,1,1,0,0
273,The Student Hotel Amsterdam City,Wibautstraat 129 Oost 1091 GL Amsterdam Netherlands,Amsterdam,Netherlands,52.3546649,4.9131641,8.7,7656,210,1,1,1,0,1,1,0,0
274,Petit Palace Barcelona,Roger De Lluria 21 Esq Gran Via 662 Eixample 08037 Barcelona Spain,Barcelona,Spain,41.3909816,2.1714938,7.9,1148,160,1,0,0,0,1,0,0,0
275,Barcel Sants,Plaza Paisos Catalans s n Sants Montju c 08014 Barcelona Spain,Barcelona,Spain,41.3798964,2.1412433,8.6,4379,195,1,0,1,0,1,0,0,0
276,The Beaumont Hotel,8 Balderton Street Brown Hart Gardens Westminster Borough London W1K 6TF United Kingdom,London,United Kingdom,51.513055,-0.152257,9.4,334,280,0,0,0,1,1,0,0,0
277,Hotel Spa Villa Olimpica Suites,Pallars 121 125 Sant Mart 08018 Barcelona Spain,Barcelona,Spain,41.3971434,2.1921947,8.0,3565,185,1,1,1,1,1,1,0,0
278,Melia Paris Champs Elys es,102 Avenue Victor Hugo 16th arr 75016 Paris France,Paris,France,48.8688962,2.2827459,8.3,95,240,1,0,0,0,1,0,0,0
279,Goralska R sidences H tel Paris Bastille,7 Boulevard Bourdon 4th arr 75004 Paris France,Paris,France,48.8482842,2.3657251,9.4,107,255,1,0,0,0,1,0,0,0
280,Sixtytwo Hotel,Passeig de Gracia 62 Eixample 08007 Barcelona Spain,Barcelona,Spain,41.3930168,2.1646148,9.2,1010,185,1,0,0,0,1,0,1,0
281,The Cleveland,39 40 Cleveland Square Westminster Borough London W2 6DA United Kingdom,London,United Kingdom,51.5139692,-0.1828202,8.2,909,215,1,0,0,0,1,0,0,0
282,Park Lane Mews Hotel,2 Stanhope Row Park Lane Westminster Borough London W1J 7BS United Kingdom,London,United Kingdom,51.5059334,-0.1489418,7.0,2061,205,1,0,0,0,1,0,0,0
283,Norfolk Towers Paddington,34 Norfolk Place Paddington Westminster Borough London W2 1QW United Kingdom,London,United Kingdom,51.5162883,-0.1721078,7.9,4065,235,1,0,0,0,1,0,0,0
284,Holiday Inn Amsterdam Arena Towers,Hoogoorddreef 66 Zuidoost 1101 BE Amsterdam Netherlands,Amsterdam,Netherlands,52.3096835,4.9422614,8.4,1992,200,1,0,0,0,1,1,0,0
285,citizenM Amsterdam,Prinses Irenestraat 30 Zuideramstel 1077 WX Amsterdam Netherlands,Amsterdam,Netherlands,52.3419432,4.8759604,8.6,4530,220,1,0,0,0,1,0,1,0
286,NH Hesperia Barcelona Presidente,Avenida Diagonal 570 Sarri St Gervasi 08021 Barcelona Spain,Barcelona,Spain,41.3941338,2.1489569,8.6,847,185,1,0,0,0,1,0,0,0
287,Windsor Opera,10 Rue Gabriel Laumain 10th arr 75010 Paris France,Paris,France,48.8734851,2.3485111,8.3,168,260,1,0,0,0,1,0,0,0
288,Milan Marriott Hotel,Via Washington 66 Fiera Milano City 20146 Milan Italy,Milan,Italy,45.4611287,9.1542675,7.6,576,200,1,0,0,0,1,0,0,0
289,Eurostars Grand Marina Hotel GL,Moll de Barcelona WTC Ciutat Vella 08039 Barcelona Spain,Barcelona,Spain,41.371308,2.181698,8.5,4559,200,1,1,1,1,1,1,0,0
290,Mandarin Oriental Paris,251 rue Saint Honor 1st arr 75001 Paris France,Paris,France,48.8671889,2.326927,9.1,81,275,0,0,0,0,1,0,0,0
291,Intercontinental London The O2,1 Waterview Drive Greenwich London SE10 0TW United Kingdom,London,United Kingdom,51.5024348,-0.0002497,9.4,4204,300,1,1,0,1,1,1,0,0
292,Hotel Vienna,Gro e Stadtgutgasse 31 02 Leopoldstadt 1020 Vienna Austria,Vienna,Austria,48.2196722,16.3863588,8.1,1044,190,1,0,0,0,1,0,0,0
293,HCC Regente,Rambla de Catalunya 76 Eixample 08008 Barcelona Spain,Barcelona,Spain,41.3922919,2.1622256,8.1,354,170,1,1,0,0,1,0,0,0
294,Hotel Imlauer Wien,Rotensterngasse 10 02 Leopoldstadt 1020 Vienna Austria,Vienna,Austria,48.2176776,16.3821364,8.5,1152,190,1,0,1,1,1,1,0,0
295,Leonardo Hotel Vienna,Matrosengasse 6 8 06 Mariahilf 1060 Vienna Austria,Vienna,Austria,48.1945297,16.340327,8.1,6373,190,1,0,1,0,1,1,0,0
296,Hotel Le Sainte Beuve,9 Rue Sainte Beuve 6th arr 75006 Paris France,Paris,France,48.8438998,2.3294858,8.9,143,230,0,0,0,0,1,0,0,0
297,Majestic Hotel Spa,30 Rue La P rouse 16th arr 75016 Paris France,Paris,France,48.8703672,2.2938868,8.7,232,250,0,1,0,1,1,0,0,0
298,Crowne Plaza London Docklands,Royal Victoria Dock Western Gateway Newham London E16 1AL United Kingdom,London,United Kingdom,51.5083537,0.0198855,8.8,2768,245,1,1,1,1,1,1,0,0
299,Park Grand Paddington Court,27 Devonshire Terrace Westminster Borough London W2 3DP United Kingdom,London,United Kingdom,51.5135555,-0.180002,8.1,6608,230,1,0,0,0,1,0,0,0
300,Idea Hotel Milano San Siro,Via Gaetano Airaghi 125 20153 Milan Italy,Milan,Italy,45.4720654,9.0777871,6.9,5742,160,1,0,0,0,1,0,0,0
301,INK Hotel Amsterdam MGallery by Sofitel,Nieuwezijds Voorburgwal 67 Amsterdam City Center 1012 RE Amsterdam Netherlands,Amsterdam,Netherlands,52.3754926,4.8929878,8.9,2574,230,1,0,0,0,1,1,0,0
302,Plaza Tour Eiffel,32 Rue Greuze 16th arr 75016 Paris France,Paris,France,48.8645647,2.2821827,8.5,266,265,1,0,1,0,1,1,0,0
303,Eurostars Embassy,Landstra er Hauptstra e 120 03 Landstra e 1030 Vienna Austria,Vienna,Austria,48.1964001,16.3958668,8.4,1442,170,1,0,0,0,1,0,0,0
304,Austria Trend Hotel Bosei Wien,Gutheil Schoder Gasse 7B 10 Favoriten 1100 Vienna Austria,Vienna,Austria,48.1629737,16.3404024,8.3,3287,165,1,0,0,0,1,0,0,0
305,The Zetter Hotel,86 88 Clerkenwell Road Islington London EC1M 5RJ United Kingdom,London,United Kingdom,51.522672,-0.1036841,8.9,394,245,1,0,0,0,1,0,0,0
306,Das Triest Hotel,Wiedner Hauptstra e 12 04 Wieden 1040 Vienna Austria,Vienna,Austria,48.1974036,16.3673003,8.1,275,175,1,0,0,0,1,0,0,0
307,Savoy Hotel Amsterdam,Ferdinand Bolstraat 194 Oud Zuid 1072 LW Amsterdam Netherlands,Amsterdam,Netherlands,52.3497431,4.8911908,6.4,995,165,1,0,0,0,1,0,0,0
308,Westside Arc de Triomphe Hotel,36 rue Pierre Demours 17th arr 75017 Paris France,Paris,France,48.8811741,2.2948337,8.1,1738,210,1,1,0,1,1,0,0,0
309,The Rookery,Peters Lane Cowcross Street Islington London EC1M 6DS United Kingdom,London,United Kingdom,51.520171,-0.102463,9.1,501,255,1,0,0,0,1,1,1,0
310,Paris Marriott Rive Gauche Hotel,17 Boulevard Saint Jacques 14th arr 75014 Paris France,Paris,France,48.8315962,2.3399796,7.5,239,210,1,0,0,0,1,0,0,0
311,Mercure Paris Montparnasse Raspail,207 Boulevard Raspail 14th arr 75014 Paris France,Paris,France,48.8412131,2.3302954,8.2,369,250,1,0,0,0,1,0,0,0
312,Hotel Opera Cadet,24 rue Cadet 9th arr 75009 Paris France,Paris,France,48.8754371,2.3434586,8.5,349,230,1,0,0,0,1,0,0,0
313,Chiswick Rooms,407 Goldhawk Rd Chiswick London W6 0SA United Kingdom,London,United Kingdom,51.4937409,-0.244896,7.8,882,220,1,0,0,0,1,0,0,0
314,Barcelona Princess,Avenida Diagonal 1 Sant Mart 08019 Barcelona Spain,Barcelona,Spain,41.4109715,2.2186535,8.3,4293,170,1,1,1,1,1,1,0,0
315,Hotel Am Schubertring,Schubertring 11 01 Innere Stadt 1010 Vienna Austria,Vienna,Austria,48.2017277,16.375463,8.2,1259,180,1,0,0,0,1,0,0,0
316,Jumeirah Carlton Tower,Cadogan Place Kensington and Chelsea London SW1X 9PY United Kingdom,London,United Kingdom,51.4973568,-0.1576728,8.6,265,245,1,1,1,1,1,1,0,0
317,Blakemore Hyde Park,30 Leinster Gardens Bayswater Westminster Borough London W2 3AN United Kingdom,London,United Kingdom,51.5129736,-0.1837431,8.5,6596,245,1,0,0,0,1,1,0,0
318,Warwick Paris Former Warwick Champs Elysees,5 rue de Berri 8th arr 75008 Paris France,Paris,France,48.8722019,2.3030866,8.1,1813,240,1,0,0,0,1,1,0,0
319,Hotel Malte Astotel,63 rue de Richelieu 2nd arr 75002 Paris France,Paris,France,48.8672474,2.33738,8.9,121,205,1,0,0,0,1,0,0,0
320,Royal Saint Honore,221 Rue Saint Honore 1st arr 75001 Paris France,Paris,France,48.8658792,2.3298903,8.6,667,230,1,0,0,0,1,0,0,0
321,Paris Marriott Champs Elysees Hotel,70 avenue des Champs Elysees 8th arr 75008 Paris France,Paris,France,48.8711365,2.3050482,7.9,372,225,1,0,0,0,1,0,0,0
322,Melia White House Hotel,Albany Street London NW1 3UP United Kingdom,London,United Kingdom,51.5298597,-0.1444623,8.3,1871,260,1,0,0,0,1,1,1,0
323,DoubleTree by Hilton London West End,92 Southampton Row Camden London WC1B 4BH United Kingdom,London,United Kingdom,51.5201065,-0.1221393,8.3,1774,260,1,0,0,0,1,1,0,0
324,Suite Hotel 900 m zur Oper,Wiedner Hauptstra e 44 04 Wieden 1040 Vienna Austria,Vienna,Austria,48.1935235,16.3669145,8.0,3461,170,1,0,0,0,1,0,0,0
325,Holiday Inn London Kensington,Wrights Lane Kensington and Chelsea London W8 5SP United Kingdom,London,United Kingdom,51.499981,-0.1928791,7.8,5945,235,1,1,1,1,1,1,0,0
326,Relais Du Louvre,19 Rue Des Pretres Saint Germain L Auxerrois 1st arr 75001 Paris France,Paris,France,48.8592264,2.340996,8.9,406,235,1,0,0,0,1,0,0,0
327,Ako Suites Hotel,Diputaci 195 Eixample 08011 Barcelona Spain,Barcelona,Spain,41.3861153,2.1611899,8.7,771,195,1,1,0,0,1,0,0,0
328,Holiday Inn Milan Garibaldi Station,Via Ugo Bassi 1 A Ang Via C Farini Garibaldi Station 20159 Milan Italy,Milan,Italy,45.488764,9.183057,8.3,484,205,1,1,1,1,1,1,0,0
329,Catalonia Passeig de Gr cia 4 Sup,Gran Via de les Corts Catalanes 644 Eixample 08007 Barcelona Spain,Barcelona,Spain,41.3901396,2.1696699,9.2,2116,215,1,1,0,0,1,0,0,0
330,Marlin Waterloo,111 Westminster Bridge Road Lambeth London SE1 7JD United Kingdom,London,United Kingdom,51.4990953,-0.1132136,8.6,218,265,1,0,1,0,1,0,0,0
331,W Barcelona,Pla a Rosa dels Vents 1 Passeig Joan de Borbo Ciutat Vella 08039 Barcelona Spain,Barcelona,Spain,41.368437,2.1901534,8.5,2708,200,1,1,1,1,1,1,0,0
332,Hotel Vueling Bcn by HC,Gran Via 550 Eixample 08011 Barcelona Spain,Barcelona,Spain,41.3831641,2.1604736,8.8,1696,175,1,1,1,0,1,1,0,0
333,UNA Maison Milano,Via Mazzini 4 Milan City Center 20123 Milan Italy,Milan,Italy,45.4633289,9.1884242,9.3,1108,220,1,0,1,0,1,1,0,0
334,Legend Saint Germain by Elegancia,151 bis Rue de Rennes 6th arr 75006 Paris France,Paris,France,48.8453774,2.3256427,8.9,406,270,1,0,0,0,1,0,0,0
335,Graben Hotel,Dorotheergasse 3 01 Innere Stadt 1010 Vienna Austria,Vienna,Austria,48.2078955,16.3701084,8.6,657,170,1,0,0,0,1,0,0,0
336,Bulgari Hotel Milano,Via Privata Fratelli Gabba 7 B Milan City Center 20121 Milan Italy,Milan,Italy,45.4701334,9.1897405,9.2,136,205,0,0,0,1,1,0,0,0
337,Hotel Sanpi Milano,Via Lazzaro Palazzi 18 Central Station 20124 Milan Italy,Milan,Italy,45.4777623,9.203169,8.5,904,180,1,0,0,0,1,0,0,0
338,Hotel Stefanie,Taborstra e 12 02 Leopoldstadt 1020 Vienna Austria,Vienna,Austria,48.2142766,16.3801779,9.1,3883,180,1,0,0,0,1,0,0,0
339,H tel L Echiquier Op ra Paris MGallery by Sofitel,38 rue de l Echiquier 10th arr 75010 Paris France,Paris,France,48.8719889,2.3492913,9.1,666,225,1,0,1,0,1,0,1,0
340,Senator Barcelona Spa Hotel,Cardenal Reig 11 Les Corts 08028 Barcelona Spain,Barcelona,Spain,41.3777977,2.1135971,7.7,3097,160,1,1,0,1,1,0,0,0
341,Austria Trend Hotel Ananas Wien,Sonnenhofgasse 8 10 05 Margareten 1050 Vienna Austria,Vienna,Austria,48.1915401,16.3546263,8.2,4217,180,1,0,0,0,1,0,0,0
342,Hotel La Spezia Gruppo MiniHotel,Via La Spezia 25 Famagosta 20142 Milan Italy,Milan,Italy,45.4408963,9.1728003,8.4,507,195,1,0,0,0,1,0,0,0
343,Amsterdam Marriott Hotel,Stadhouderskade 12 Oud West 1054 ES Amsterdam Netherlands,Amsterdam,Netherlands,52.362514,4.8800077,8.1,1556,205,1,0,0,0,1,0,1,0
344,Best Western Premier Faubourg 88,88 rue du Faubourg Poissoni re 10th arr 75010 Paris France,Paris,France,48.8776756,2.3493159,8.4,728,230,1,0,0,0,1,0,0,0
345,Les Matins de Paris Spa,3 rue Clauzel 9th arr 75009 Paris France,Paris,France,48.878932,2.3394182,8.6,413,250,1,1,0,1,1,0,0,0
346,Windermere Hotel,142 To 144 Warwick Way Victoria Westminster Borough London SW1V 4JE United Kingdom,London,United Kingdom,51.4903724,-0.1459218,8.7,221,255,1,0,0,0,1,0,0,0
347,Hotel Corvinus,Mariahilfer Stra e 57 59 06 Mariahilf 1060 Vienna Austria,Vienna,Austria,48.1990335,16.3525051,8.5,581,180,1,0,0,0,1,0,0,0
348,NH Collection Milano President,Largo Augusto 10 Milan City Center 20122 Milan Italy,Milan,Italy,45.4630685,9.1979367,8.7,3754,225,1,0,1,0,1,1,0,0
349,Hotel Vittoria,Via Pietro Calvi 32 P Vittoria 20129 Milan Italy,Milan,Italy,45.463135,9.2102,8.1,676,180,1,0,0,0,1,0,0,0
350,STRAF a Member of Design Hotels,Via San Raffaele 3 Milan City Center 20121 Milan Italy,Milan,Italy,45.465237,9.191247,8.3,1062,225,1,0,1,1,1,1,0,0
351,Washington Mayfair Hotel,5 Curzon St Westminster Borough London W1J 5HL United Kingdom,London,United Kingdom,51.5060237,-0.151078,7.9,1532,245,1,0,0,0,1,1,0,0
352,Sofitel Paris Le Faubourg,15 Rue Boissy d Anglas 8th arr 75008 Paris France,Paris,France,48.868414,2.3213247,8.5,564,255,1,0,0,0,1,1,0,0
353,Boundary Rooms Suites,2 4 Boundary Street Hackney London E2 7DD United Kingdom,London,United Kingdom,51.5244224,-0.0764614,8.4,45,255,0,0,0,0,1,0,0,0
354,The Marylebone Hotel,47 Welbeck Street Westminster Borough London W1G 8DN United Kingdom,London,United Kingdom,51.5180207,-0.1500567,8.9,1738,260,1,1,1,1,1,1,0,0
355,Seven Hotel,20 rue Berthollet 5th arr 75005 Paris France,Paris,France,48.8389823,2.3455528,8.5,467,215,0,0,0,0,1,0,0,0
356,Grosvenor House A JW Marriott Hotel,Park Lane Westminster Borough London W1K 7TN United Kingdom,London,United Kingdom,51.5082019,-0.1545589,7.9,564,250,1,0,0,0,1,1,1,0
357,Starhotels Echo,Viale Andrea Doria 4 Central Station 20124 Milan Italy,Milan,Italy,45.4847398,9.2072916,8.9,3774,200,1,0,1,0,1,1,0,0
358,Vincci Maritimo,Llull 340 Sant Mart 08019 Barcelona Spain,Barcelona,Spain,41.4082054,2.2124626,8.3,2573,180,1,1,1,0,1,0,0,0
359,Radisson Blu Edwardian Berkshire,350 Oxford Street Westminster Borough London W1C 1BY United Kingdom,London,United Kingdom,51.5146025,-0.1481978,8.1,1600,230,1,0,0,0,1,0,0,0
360,Relais H tel du Vieux Paris,9 rue Git le Coeur 6th arr 75006 Paris France,Paris,France,48.8538608,2.3429487,8.9,464,250,1,0,0,0,1,0,0,0
361,Golden Tulip Opera de Noailles,9 rue de la Michodi re 2nd arr 75002 Paris France,Paris,France,48.8696173,2.3346428,8.6,823,255,1,0,1,0,1,0,0,0
362,Hotel Royal,Singerstra e 3 01 Innere Stadt 1010 Vienna Austria,Vienna,Austria,48.2078727,16.3724042,8.6,840,210,1,0,0,0,1,0,0,0
363,Hotel Silver,Via Riccardo Lombardi 9 11 20153 Milan Italy,Milan,Italy,45.4589731,9.0687506,8.4,213,205,0,0,0,0,1,0,0,0
364,Hotel Balmes,Mallorca 216 Eixample 08008 Barcelona Spain,Barcelona,Spain,41.3910621,2.1593373,8.5,931,195,1,1,0,1,1,0,0,0
365,Hotel Alimara,Berruguete 126 Horta Guinard 08035 Barcelona Spain,Barcelona,Spain,41.4337561,2.147327,8.1,1991,175,1,1,0,0,1,1,0,0
366,Villa Eugenie,167 rue de Rome 17th arr 75017 Paris France,Paris,France,48.8871283,2.314205,6.8,165,190,1,0,0,0,0,0,0,0
367,Cotton House Hotel Autograph Collection,Gran V a de les Corts Catalanes 670 Eixample 08010 Barcelona Spain,Barcelona,Spain,41.3915897,2.1720108,8.8,156,190,0,1,0,0,1,0,0,0
368,Hotel Auriga,Via G B Pirelli 7 Central Station 20124 Milan Italy,Milan,Italy,45.4858877,9.2042827,8.2,1299,205,1,0,0,0,1,0,0,0
369,Park Hyatt Milano,Via Tommaso Grossi 1 Milan City Center 20121 Milan Italy,Milan,Italy,45.4654912,9.1889612,9.1,428,240,1,0,1,0,1,0,0,0
370,Waldorf Madeleine,12 boulevard Malesherbes 8th arr 75008 Paris France,Paris,France,48.8715828,2.3224853,8.4,1184,225,1,0,0,0,1,0,0,0
371,LaGare Hotel Milano Centrale MGallery by Sofitel,Via Gian Battista Pirelli 20 Central Station 20124 Milan Italy,Milan,Italy,45.484237,9.198858,8.7,2678,205,1,1,1,1,1,1,0,0
372,Great St Helen Hotel,36 Great st Helens City of London London EC3A 6AP United Kingdom,London,United Kingdom,51.5149583,-0.0823869,7.4,1328,195,1,0,0,0,1,0,0,0
373,The Yard Milano,Piazza XXIV Maggio 8 Milan City Center 20123 Milan Italy,Milan,Italy,45.453152,9.179172,9.2,786,205,1,0,0,0,1,0,1,0
374,Pakat Suites Hotel,Mommsengasse 5 04 Wieden 1040 Vienna Austria,Vienna,Austria,48.19183,16.3770876,8.6,664,195,1,0,0,0,1,0,0,0
375,Henry VIII,23 Leinster Gardens Westminster Borough London W2 3AN United Kingdom,London,United Kingdom,51.5124655,-0.182274,7.0,2937,190,1,1,0,1,1,0,0,0
376,La Clef Tour Eiffel,83 avenue Kl ber 16th arr 75016 Paris France,Paris,France,48.8647019,2.2886425,9.0,1258,270,1,0,1,0,1,1,0,0
377,Grange Clarendon Hotel,34 37 Bedford Place Bloomsbury Camden London WC1B 5JR United Kingdom,London,United Kingdom,51.5197933,-0.1241844,8.1,823,235,1,0,0,0,1,1,0,0
378,Antica Locanda Dei Mercanti,Via San Tomaso 6 Milan City Center 20121 Milan Italy,Milan,Italy,45.467298,9.1846982,9.0,333,220,1,0,0,0,1,0,0,0
379,IH Hotels Milano Watt 13,Via Giacomo Watt 13 Famagosta 20143 Milan Italy,Milan,Italy,45.443791,9.152947,7.6,2122,160,1,0,0,0,1,0,0,0
380,Hotel Am Konzerthaus Vienna MGallery by Sofitel,Am Heumarkt 35 37 03 Landstra e 1030 Vienna Austria,Vienna,Austria,48.1996129,16.3773546,8.6,1307,210,1,0,0,0,1,1,0,0
381,Eurostars Ramblas,La Rambla 22 24 Ciutat Vella 08002 Barcelona Spain,Barcelona,Spain,41.3780983,2.1762005,8.2,1878,180,1,0,0,0,1,0,0,0
382,Le Pavillon des Lettres,12 rue des Saussaies 8th arr 75008 Paris France,Paris,France,48.8713699,2.3181191,9.0,164,260,0,0,0,0,1,0,0,0
383,Barcel Milan,Via Giorgio Stephenson 55 20157 Milan Italy,Milan,Italy,45.51152,9.1241306,8.1,3228,195,1,1,0,1,1,1,0,0
384,NH Amsterdam Centre,Stadhouderskade 7 Oud West 1054 ES Amsterdam Netherlands,Amsterdam,Netherlands,52.3630682,4.8794451,7.7,1574,205,1,0,1,1,1,1,0,0
385,Ayre Hotel Rosell n,Rossell 390 Eixample 08025 Barcelona Spain,Barcelona,Spain,41.4047382,2.1727127,8.7,2359,190,1,0,0,0,1,1,0,0
386,H tel Etoile Saint Honor by Happyculture,214 rue du Faubourg Saint Honor 8th arr 75008 Paris France,Paris,France,48.8756508,2.3041568,8.2,762,225,1,0,0,0,1,0,0,0
387,The Cavendish London,81 Jermyn Street Westminster Borough London SW1Y 6JF United Kingdom,London,United Kingdom,51.5077459,-0.1378733,8.8,1039,270,1,0,0,0,1,0,1,0
388,De L Europe Amsterdam,Nieuwe Doelenstraat 2 14 Amsterdam City Center 1012 CP Amsterdam Netherlands,Amsterdam,Netherlands,52.3678779,4.8948936,9.1,551,255,1,1,1,1,1,1,0,0
389,Maison Albar Hotel Paris C line,23 25 rue de Pont Neuf 1st arr 75001 Paris France,Paris,France,48.8606187,2.344401,8.9,326,270,1,1,0,1,1,0,0,0
390,Dutch Design Hotel Artemis,John M Keynesplein 2 Slotervaart 1066 EP Amsterdam Netherlands,Amsterdam,Netherlands,52.3417894,4.824952,7.9,2167,205,1,0,0,0,1,1,0,0
391,Hilton London Paddington,146 Praed Street Westminster Borough London W2 1EE United Kingdom,London,United Kingdom,51.515632,-0.175737,8.2,2898,250,1,0,0,0,1,1,1,0
392,Novotel London City South,53 61 Southwark Bridge Road Southwark London SE1 9HH United Kingdom,London,United Kingdom,51.5054832,-0.0951196,8.7,917,265,1,0,0,0,1,1,0,0
393,Hotel Sunflower,Piazzale Lugano 10 Bovisa 20158 Milan Italy,Milan,Italy,45.498503,9.1664111,7.6,594,160,1,0,0,0,1,0,0,0
394,London Marriott Hotel Park Lane,140 Park Lane Westminster Borough London W1K 7AA United Kingdom,London,United Kingdom,51.5131428,-0.1576714,8.8,213,305,1,1,0,0,1,0,1,0
395,Grange Tower Bridge Hotel,45 Prescot Street City of London London E1 8GP United Kingdom,London,United Kingdom,51.5115509,-0.0714919,8.7,1668,255,1,1,1,1,1,1,0,0
396,DoubleTree by Hilton London Westminster,30 John Islip St Westminster Borough London SW1P 4DD United Kingdom,London,United Kingdom,51.4932356,-0.1269082,8.5,3269,235,1,0,1,0,1,1,1,0
397,TownHouse Galleria,Via Silvio Pellico 8 Milan City Center 20121 Milan Italy,Milan,Italy,45.4657842,9.1895321,8.3,731,195,1,0,1,0,1,0,0,0
398,Hotel Odeon Saint Germain,13 rue Saint Sulpice 6th arr 75006 Paris France,Paris,France,48.8513515,2.3375084,8.6,559,270,1,0,0,0,1,0,0,0
399,Best Western Bretagne Montparnasse,33 rue Raymond Losserand 14th arr 75014 Paris France,Paris,France,48.8354314,2.321142,7.7,1540,200,1,0,0,0,1,0,0,0
400,Forest Hill Paris la Villette,28 av Corentin Cariou 19th arr 75019 Paris France,Paris,France,48.8969854,2.3852745,7.6,2740,195,1,0,0,0,1,1,0,0
401,Duquesa Suites Barcelona,Pla a Antonio L pez 5 Ciutat Vella 08002 Barcelona Spain,Barcelona,Spain,41.3810421,2.1814294,9.1,946,195,1,1,0,0,1,0,0,0
402,Holiday Inn London Wembley,Empire Way Wembley Brent London HA9 8DS United Kingdom,London,United Kingdom,51.5590955,-0.284704,8.3,3469,255,1,1,1,1,1,1,0,0
403,Hotel Neri,San Sever 5 Ciutat Vella 08002 Barcelona Spain,Barcelona,Spain,41.3832498,2.1753483,9.2,177,200,0,0,0,0,1,0,0,0
404,Royal Hotel Champs Elys es,33 avenue de Friedland 8th arr 75008 Paris France,Paris,France,48.8740463,2.300196,7.9,983,210,1,0,0,0,1,0,0,0
405,Grand Ferdinand Vienna Your Hotel In The City Center,Schubertring 10 12 01 Innere Stadt 1010 Vienna Austria,Vienna,Austria,48.2022415,16.3749336,8.6,2378,190,1,1,1,0,1,1,0,0
406,Best Western Tour Eiffel Invalides,35 Boulevard de la tour Maubourg 7th arr 75007 Paris France,Paris,France,48.8593152,2.3104179,7.9,364,210,1,0,0,0,1,0,0,0
407,Ibis Styles Milano Palmanova,Via Palmanova 153 20132 Milan Italy,Milan,Italy,45.5045259,9.246461,6.7,207,135,0,0,0,0,0,0,0,0
408,H tel Diva Opera,11 rue de Tr vise 9th arr 75009 Paris France,Paris,France,48.8732706,2.3450746,8.3,1353,250,1,0,0,0,1,1,0,0
409,H10 Itaca,Avenida Roma 22 30 Eixample 08015 Barcelona Spain,Barcelona,Spain,41.3810311,2.1455516,8.2,732,175,1,1,1,1,1,0,0,0
410,Catalonia Park Putxet,Putget 68 Sarri St Gervasi 08023 Barcelona Spain,Barcelona,Spain,41.4072812,2.1443116,7.4,3590,145,1,1,1,0,1,1,0,0
411,The London EDITION,10 Berners Street Westminster Borough London W1T 3NP United Kingdom,London,United Kingdom,51.5167472,-0.135965,9.1,372,265,1,1,0,1,1,1,0,0
412,Best Western Maitrise Hotel Edgware Road,346 348 Edgware Road Westminster Borough London W2 1EA United Kingdom,London,United Kingdom,51.521148,-0.171346,6.6,461,180,1,0,0,0,1,0,0,0
413,Novotel London Canary Wharf,40 Marsh Wall Tower Hamlets London E14 9TP United Kingdom,London,United Kingdom,51.5011704,-0.0232607,9.0,320,295,1,1,1,1,1,1,0,0
414,TownHouse 33,Via Carlo Goldoni 33 Citt Studi 20129 Milan Italy,Milan,Italy,45.4693349,9.2142383,8.2,362,190,1,0,0,0,1,1,0,0
415,Hotel Garbi Millenni,Ronda Sant Pau 14 Ciutat Vella 08001 Barcelona Spain,Barcelona,Spain,41.3759896,2.167148,7.6,549,165,1,0,0,1,1,0,0,0
416,Radisson Blu Portman Hotel London,22 Portman Square Westminster Borough London W1H 7BG United Kingdom,London,United Kingdom,51.5161911,-0.1579487,7.9,2308,230,1,0,1,0,1,1,0,0
417,Hotel Les Bulles De Paris,32 rue des Ecoles 5th arr 75005 Paris France,Paris,France,48.849147,2.3471935,8.2,712,255,1,0,0,1,1,1,0,0
418,H tel Regina,2 place des Pyramides 1st arr 75001 Paris France,Paris,France,48.8637503,2.3320406,9.0,1329,250,1,0,0,0,1,1,0,0
419,Le 7 Eiffel Hotel,17 bis rue Am lie 7th arr 75007 Paris France,Paris,France,48.8585193,2.3077243,8.5,316,255,1,0,0,0,1,0,0,0
420,Castille Paris Starhotels Collezione,33 Rue Cambon 1st arr 75001 Paris France,Paris,France,48.8682978,2.3268027,8.7,808,245,1,0,1,0,1,1,0,0
421,Hotel Santa Marta Suites,Via Santa Marta 4 Milan City Center 20123 Milan Italy,Milan,Italy,45.4630441,9.183607,9.2,549,230,1,0,0,0,1,0,0,0
422,Small Luxury Hotel Altstadt Vienna,Kirchengasse 41 07 Neubau 1070 Vienna Austria,Vienna,Austria,48.2047761,16.3512515,9.3,664,195,1,0,1,0,1,0,1,0
423,Pullman Paris Tour Eiffel,18 Avenue De Suffren Entr e au 22 rue Jean Rey 15th arr 75015 Paris France,Paris,France,48.8555664,2.2926243,8.6,2764,245,1,0,1,0,1,1,0,0
424,Royal Garden Champs Elysees,218 220 rue du Faubourg St Honor 8th arr 75008 Paris France,Paris,France,48.8757155,2.3038781,7.3,1125,195,1,0,0,0,1,1,0,0
425,Zenit Barcelona,Santal 8 Sarri St Gervasi 08021 Barcelona Spain,Barcelona,Spain,41.3949199,2.1468594,8.1,645,170,1,0,1,0,1,0,0,0
426,AC Hotel Diagonal L Illa a Marriott Lifestyle Hotel,Avenida Diagonal 555 Les Corts 08029 Barcelona Spain,Barcelona,Spain,41.3899609,2.135684,8.6,446,185,1,1,0,0,1,1,0,0
427,Best Western Paris Gare Saint Lazare,18 rue de Constantinople 8th arr 75008 Paris France,Paris,France,48.8803752,2.319591,7.6,759,200,1,0,0,0,1,0,0,0
428,Mercure Paris Centre Tour Eiffel,20 Rue Jean Rey 15th arr 75015 Paris France,Paris,France,48.8548641,2.2923181,8.0,2611,220,1,0,0,0,1,1,0,0
429,DoubleTree by Hilton London Hyde Park,150 Bayswater Road Kensington and Chelsea London W2 4RT United Kingdom,London,United Kingdom,51.5100362,-0.190657,8.4,2405,260,1,0,0,0,1,1,0,0
430,Edouard 7 Paris Op ra,39 Avenue de l Op ra 2nd arr 75002 Paris France,Paris,France,48.8683133,2.3330851,9.1,798,250,1,0,0,0,1,0,0,0
431,Hotel Clerici,Via Clerici 11 Milan City Center 20121 Milan Italy,Milan,Italy,45.4667717,9.1871001,9.0,517,225,1,0,0,0,1,0,0,0
432,Dukes Hotel,35 St James s Place Westminster Borough London SW1A 1NY United Kingdom,London,United Kingdom,51.5055381,-0.1396885,8.6,210,265,1,0,0,0,1,1,1,0
433,Villa Panth on,41 Rue Des Ecoles 5th arr 75005 Paris France,Paris,France,48.8488044,2.3469889,8.1,1374,210,1,0,0,0,1,1,0,0
434,Hotel Des Saints Peres Esprit de France,65 rue des Saints P res 6th arr 75006 Paris France,Paris,France,48.8534026,2.3299043,8.8,560,230,1,0,0,0,1,0,0,0
435,NH Amsterdam Caransa,Rembrandtplein 19 Amsterdam City Center 1017 CT Amsterdam Netherlands,Amsterdam,Netherlands,52.3664077,4.8969091,7.9,966,230,1,0,0,0,1,1,0,0
436,Hotel Duminy Vendome,3 5 rue du Mont Thabor 1st arr 75001 Paris France,Paris,France,48.8654726,2.3292934,8.2,769,210,1,0,0,0,1,1,0,0
437,Hotel D Este,Viale Bligny 23 Milan City Center 20136 Milan Italy,Milan,Italy,45.4510397,9.1920911,8.1,1085,190,1,0,0,0,1,0,0,0
438,Best Western Hotel Ascot,Via Lentasio 3 Milan City Center 20122 Milan Italy,Milan,Italy,45.4580137,9.1913676,7.7,1741,175,1,0,0,0,1,0,0,0
439,Hotel Ares Eiffel,7 rue du G n ral de Larminat 15th arr 75015 Paris France,Paris,France,48.8503276,2.2982022,8.8,667,250,1,0,0,0,1,0,0,0
440,Four Seasons Hotel Milano,Via Ges 6 8 Milan City Center 20121 Milan Italy,Milan,Italy,45.469339,9.195108,9.1,221,225,0,0,0,1,1,0,0,0
441,First Hotel Paris Tour Eiffel,2 Bd Garibaldi 15th arr 75015 Paris France,Paris,France,48.8475112,2.3022198,8.3,275,225,1,0,0,0,1,0,0,0
442,Le Lavoisier,21 rue Lavoisier 8th arr 75008 Paris France,Paris,France,48.8737702,2.3201063,8.0,66,215,1,0,0,0,1,0,0,0
443,Hotel Palais Strudlhof,Pasteurgasse 1 09 Alsergrund 1090 Vienna Austria,Vienna,Austria,48.2217697,16.3578738,8.7,1356,190,1,0,0,0,1,0,0,0
444,Holiday Inn Vienna City,Margaretenstra e 53 05 Margareten 1050 Vienna Austria,Vienna,Austria,48.1935593,16.3616098,8.7,385,195,1,0,1,0,1,0,0,0
445,Best Western Hotel Pension Arenberg Wien Zentrum,Stubenring 2 01 Innere Stadt 1010 Vienna Austria,Vienna,Austria,48.2107358,16.382147,7.7,1238,180,1,0,0,0,1,0,0,0
446,Hotel Eden,110 rue Blomet 15th arr 75015 Paris France,Paris,France,48.8405612,2.2991035,8.5,477,255,1,0,0,0,1,0,0,0
447,NH Milano Machiavelli,Via Lazzaretto 5 Central Station 20124 Milan Italy,Milan,Italy,45.4776167,9.2016244,8.4,1119,190,1,0,1,0,1,1,0,0
448,TheWesley,81 103 Euston Street Camden London NW1 2EZ United Kingdom,London,United Kingdom,51.5265353,-0.1361682,8.0,2347,225,1,0,0,0,1,0,0,0
449,H tel Le Royal Monceau Raffles Paris,37 Avenue Hoche 8th arr 75008 Paris France,Paris,France,48.8756359,2.3004967,9.3,119,265,0,0,0,1,1,0,0,0
450,Le Pigalle Hotel,9 rue frochot 9th arr 75009 Paris France,Paris,France,48.8816073,2.3371648,9.0,171,240,1,0,0,0,1,0,0,0
451,Old Ship Inn Hackney,2 Sylvester Path Hackney London E8 1EN United Kingdom,London,United Kingdom,51.5458476,-0.0554113,7.9,272,205,1,0,0,0,1,0,0,0
452,Hotel Louvre Montana,12 rue Saint Roch 1st arr 75001 Paris France,Paris,France,48.8644627,2.3318473,8.4,325,195,1,0,0,0,1,0,0,0
453,Hotel Liberty,Viale Bligny 56 Milan City Center 20136 Milan Italy,Milan,Italy,45.4508673,9.1948659,5.2,465,110,1,0,0,0,1,0,0,0
454,Best Western Premier Kaiserhof Wien,Frankenberggasse 10 04 Wieden 1040 Vienna Austria,Vienna,Austria,48.1975497,16.3686397,9.4,1353,190,1,0,1,1,1,0,0,0
455,Mercure Paris Champs Elys es,51 Rue Lauriston 16th arr 75016 Paris France,Paris,France,48.8699731,2.2909401,7.2,182,215,1,0,0,0,0,0,0,0
456,Staybridge Suites London Stratford,10b Chestnut Plaza Westfield Stratford City Olympic Park Newham London E20 1GL United Kingdom,London,United Kingdom,51.5426351,-0.0073272,9.2,945,280,1,0,1,0,1,0,1,0
457,Hotel du Louvre in the Unbound Collection by Hyatt,Place Andr Malraux 1st arr 75001 Paris France,Paris,France,48.8639788,2.3352615,8.3,1120,250,1,0,0,0,1,1,0,0
458,Hotel G tico,Jaime I 14 Ciutat Vella 08002 Barcelona Spain,Barcelona,Spain,41.3835584,2.178311,8.2,139,160,0,0,0,0,0,0,0,0
459,Hotel Montalembert,3 Rue de Montalembert 7th arr 75007 Paris France,Paris,France,48.8567042,2.3277805,8.5,126,280,1,0,0,0,1,0,0,0
460,The Westbridge Hotel,335 337 High Street Stratford Newham London E15 2TF United Kingdom,London,United Kingdom,51.5373904,-0.0023367,9.0,1200,245,1,0,1,0,1,1,1,0
461,The Grand at Trafalgar Square,8 Northumberland Avenue Westminster Borough London WC2N 5BY United Kingdom,London,United Kingdom,51.506935,-0.126012,8.3,1592,255,1,0,0,0,1,1,0,0
462,MiHotel,Via Dei Fontanili 26 Ripamonti Corvetto 20141 Milan Italy,Milan,Italy,45.4405621,9.1921165,7.8,319,190,0,0,0,0,0,0,0,0
463,Hotel La Villa Saint Germain Des Pr s,29 Rue Jacob 6th arr 75006 Paris France,Paris,France,48.8553486,2.3340736,9.1,190,255,1,0,0,0,1,0,0,0
464,Hotel Eiffel Blomet,78 Rue Blomet 15th arr 75015 Paris France,Paris,France,48.8416787,2.3022862,9.4,79,250,1,1,1,1,0,0,0,0
465,Canal House,Keizersgracht 148 Amsterdam City Center 1015 CX Amsterdam Netherlands,Amsterdam,Netherlands,52.3763099,4.8862701,9.3,491,235,1,0,0,0,1,0,0,0
466,Select Hotel,1 Place De La Sorbonne 5th arr 75005 Paris France,Paris,France,48.8483053,2.3425596,8.9,1145,250,1,0,0,0,1,0,0,0
467,H10 Casanova,Gran Via 559 Eixample 08012 Barcelona Spain,Barcelona,Spain,41.3842608,2.1609471,8.6,641,180,1,1,1,1,1,0,0,0
468,H tel Madison by MH,143 Boulevard Saint Germain 6th arr 75006 Paris France,Paris,France,48.8531641,2.3344097,8.8,478,275,1,0,0,0,1,1,0,0
469,Hotel Tour d Auvergne Opera,10 Rue de la Tour d Auvergne 9th arr 75009 Paris France,Paris,France,48.8789432,2.3448623,8.3,164,220,1,0,0,0,1,0,0,0
470,Avo Hotel,82 Dalston Lane Hackney London E8 3AH United Kingdom,London,United Kingdom,51.5460628,-0.0700817,8.1,276,215,1,0,0,0,1,0,0,0
471,Hotel Atmospheres,29 31 rue des Ecoles 5th arr 75005 Paris France,Paris,France,48.8485387,2.3479852,8.7,654,280,1,0,0,1,1,0,0,0
472,Room Mate Gerard,Ausi s Marc 34 Eixample 08010 Barcelona Spain,Barcelona,Spain,41.3919114,2.1765438,9.0,67,215,1,1,0,0,0,0,0,0
473,H10 Cubik 4 Sup,V a Laietana 69 Ciutat Vella 08003 Barcelona Spain,Barcelona,Spain,41.388024,2.1731556,9.3,1398,195,1,1,0,0,1,0,0,0
474,The Piccadilly London West End,65 73 Shaftesbury Avenue Westminster Borough London W1D 6EX United Kingdom,London,United Kingdom,51.5121957,-0.1318384,9.0,2298,255,1,0,0,1,1,1,0,0
475,H tel De Vend me,1 Place Vend me 1st arr 75001 Paris France,Paris,France,48.8668564,2.3286339,8.7,425,255,1,0,0,0,1,0,0,0
476,Hotel Eitlj rg,Filmteichstra e 5 10 Favoriten 1100 Vienna Austria,Vienna,Austria,48.1513676,16.4064709,8.2,131,180,1,0,0,0,1,0,0,0
477,Hotel Casa Bonay,Gran Via de les Corts Catalanes 700 Eixample 08010 Barcelona Spain,Barcelona,Spain,41.3935967,2.1742718,8.7,1416,195,1,0,0,0,1,0,1,0
478,Best Western Premier Hotel Couture,Delflandlaan 15 Slotervaart 1062 EA Amsterdam Netherlands,Amsterdam,Netherlands,52.3511137,4.8411629,8.7,8177,230,1,0,0,0,1,0,0,0
479,Hotel DO Pla a Reial G L,Pla a Reial 1 Ciutat Vella 08001 Barcelona Spain,Barcelona,Spain,41.3799929,2.1748256,9.3,252,225,1,1,0,0,1,0,0,0
480,Morgan Mees,2e Hugo de Grootstraat 2 6 Westerpark 1052 LC Amsterdam Netherlands,Amsterdam,Netherlands,52.3743712,4.8746196,8.8,507,210,1,0,0,0,1,0,0,0
481,H tel Pont Royal,5 7 Rue De Montalembert 7th arr 75007 Paris France,Paris,France,48.8565629,2.3273623,8.6,249,250,1,0,0,0,1,0,0,0
482,M venpick Hotel Amsterdam City Centre,Piet Heinkade 11 Zeeburg 1019 BR Amsterdam Netherlands,Amsterdam,Netherlands,52.3781016,4.9142508,8.4,1925,220,1,0,1,1,1,1,1,0
483,Sofitel Legend The Grand Amsterdam,Oudezijds Voorburgwal 197 Amsterdam City Center 1012 EX Amsterdam Netherlands,Amsterdam,Netherlands,52.370835,4.895403,9.2,870,245,1,1,0,1,1,1,0,0
484,TownHouse 12,Piazza Gerusalemme 12 Sempione 20154 Milan Italy,Milan,Italy,45.4844028,9.1673528,8.1,370,200,1,0,0,0,1,0,1,0
485,H tel Balzac,6 rue Balzac 8th arr 75008 Paris France,Paris,France,48.8732785,2.3004174,8.3,694,225,1,0,0,0,1,1,0,0
486,St Paul s Hotel,153 Hammersmith Road Hammersmith and Fulham London W14 0QL United Kingdom,London,United Kingdom,51.4934752,-0.2153256,9.0,812,245,1,0,0,0,1,1,0,0
487,Mercure Grand Hotel Biedermeier Wien,Landstra er Hauptstra e 28 03 Landstra e 1030 Vienna Austria,Vienna,Austria,48.2038688,16.3887039,8.4,1028,200,1,0,0,0,1,0,0,0
488,Starhotels Ritz,Via Spallanzani 40 Central Station 20129 Milan Italy,Milan,Italy,45.4779041,9.2094965,8.1,4248,180,1,0,1,1,1,1,0,0
489,MARQUIS Faubourg St Honor Relais Ch teaux,8 rue d Anjou 8th arr 75008 Paris France,Paris,France,48.8698184,2.3208729,8.6,51,270,0,0,0,0,0,0,0,0
490,Hotel Erzherzog Rainer,Wiedner Hauptstr 27 29 04 Wieden 1040 Vienna Austria,Vienna,Austria,48.1953229,16.3672882,8.8,3598,195,1,0,0,0,1,0,0,0
491,Hotel OFF Paris Seine,86 Quai D Austerlitz 13th arr 75013 Paris France,Paris,France,48.8427364,2.3672171,8.4,683,255,1,1,0,0,1,0,0,0
492,Hampton by Hilton Amsterdam Centre East,Panama Laan 188 196 Zeeburg 1019 AZ Amsterdam Netherlands,Amsterdam,Netherlands,52.3714428,4.9346331,8.4,1769,220,1,0,1,0,1,0,0,0
493,Pershing Hall,49 rue Pierre Charron 8th arr 75008 Paris France,Paris,France,48.8691325,2.3021659,8.2,67,240,0,0,0,0,1,0,0,0
494,Eurostars Cristal Palace,Diputaci 257 Eixample 08007 Barcelona Spain,Barcelona,Spain,41.3897945,2.1660575,8.2,3046,180,1,0,0,0,1,1,0,0
495,H tel Vernet,25 Rue Vernet 8th arr 75008 Paris France,Paris,France,48.871859,2.2978177,8.6,473,260,1,0,1,0,1,0,0,0
496,Hotel Miramar Barcelona GL,Plaza Carlos Iba ez 3 Sants Montju c 08038 Barcelona Spain,Barcelona,Spain,41.3703041,2.17141,8.7,977,195,1,1,0,1,1,1,0,0
497,Haymarket Hotel,1 Suffolk Place Westminster Borough London SW1Y 4HX United Kingdom,London,United Kingdom,51.5084595,-0.1311382,9.6,255,280,1,1,1,1,1,1,0,0
498,The Drayton Court Hotel,2 The Avenue Ealing London W13 8PH United Kingdom,London,United Kingdom,51.5141842,-0.3192925,8.8,750,255,1,0,1,0,1,0,0,0
499,Hotel Domizil,Schulerstra e 14 01 Innere Stadt 1010 Vienna Austria,Vienna,Austria,48.2080479,16.375612,8.9,1558,175,1,0,0,0,1,0,0,0
500,Sansi Diputacio,234 Diputacio Eixample 08007 Barcelona Spain,Barcelona,Spain,41.3882234,2.1644551,7.8,338,165,1,0,0,0,1,0,0,0
501,Hotel Op ra Richepanse,14 Rue du Chevalier de Saint George 1st arr 75001 Paris France,Paris,France,48.8686931,2.325211,9.2,1073,260,1,0,0,0,1,1,0,0
502,Park Plaza London Waterloo,6 Hercules Road Lambeth London SE1 7DP United Kingdom,London,United Kingdom,51.4982412,-0.1134715,8.8,1489,260,1,1,1,1,1,1,0,0
503,U232 Hotel,Comte d Urgell 232 Eixample 08036 Barcelona Spain,Barcelona,Spain,41.3895237,2.1490307,8.7,873,170,1,1,0,0,1,1,0,0
504,New Linden Hotel,59 Leinster Square Kensington and Chelsea London W2 4PS United Kingdom,London,United Kingdom,51.5133832,-0.1926617,7.6,2820,210,1,0,0,0,1,0,0,0
505,Gran Hotel Barcino,Jaume I 6 Ciutat Vella 08002 Barcelona Spain,Barcelona,Spain,41.3830582,2.1778267,7.0,448,140,1,0,0,0,0,0,0,0
506,Hotel Plaza Athenee Paris,25 Avenue Montaigne 8th arr 75008 Paris France,Paris,France,48.8661932,2.3042141,9.3,160,290,1,0,0,0,1,0,0,0
507,Best Western Aulivia Op ra,4 Rue des Petites Ecuries 10th arr 75010 Paris France,Paris,France,48.8730552,2.3540112,7.8,570,220,1,0,0,0,1,1,0,0
508,Boscolo Milano Autograph Collection,Corso Giacomo Matteotti 4 6 Milan City Center 20121 Milan Italy,Milan,Italy,45.46676,9.194293,7.9,1213,195,1,1,1,1,1,1,0,0
509,Doubletree By Hilton London Greenwich,Catherine Grove Greenwich Greenwich London SE10 8BB United Kingdom,London,United Kingdom,51.474469,-0.019428,8.8,1805,260,1,0,1,0,1,1,0,0
510,UNA Hotel Cusani,Via Cusani 13 Milan City Center 20121 Milan Italy,Milan,Italy,45.4684251,9.1834161,8.8,1606,230,1,0,0,0,1,1,0,0
511,Senato Hotel Milano,Via Senato 22 Milan City Center 20121 Milan Italy,Milan,Italy,45.4714062,9.1965303,9.0,1031,200,1,0,1,0,1,1,0,0
512,Duret,30 Rue Duret 16th arr 75016 Paris France,Paris,France,48.8752553,2.286653,8.4,167,210,1,0,0,0,1,0,0,0
513,Holiday Inn London Mayfair,3 Berkeley Street Westminster Borough London W1J 8NE United Kingdom,London,United Kingdom,51.507746,-0.1422993,8.0,1894,215,1,0,0,0,1,1,0,0
514,Kensington House Hotel,15 16 Prince Of Wales Terrace Kensington and Chelsea London W8 5PQ United Kingdom,London,United Kingdom,51.5012329,-0.1859937,8.2,689,235,1,0,0,0,1,0,0,0
515,Austria Trend Hotel Europa Wien,K rntnerstra e 18 Eingang Neuer Markt 3 01 Innere Stadt 1010 Vienna Austria,Vienna,Austria,48.2062103,16.3710387,8.6,3221,185,1,0,0,0,1,1,1,0
516,Mayflower Hotel Apartments,26 28 Trebovir Rd Kensington and Chelsea London SW5 9NJ United Kingdom,London,United Kingdom,51.4916677,-0.1947475,7.5,2197,220,1,0,0,0,1,0,0,0
517,Villa Opera Drouot,2 rue Geoffroy Marie 9th arr 75009 Paris France,Paris,France,48.8732231,2.3436097,8.4,528,245,1,0,0,0,1,0,0,0
518,Hotel America Barcelona,Provenza 195 Eixample 08008 Barcelona Spain,Barcelona,Spain,41.3919083,2.1573318,8.7,310,205,0,1,0,0,1,0,0,0
519,Hotel Johann Strauss,Favoritenstra e 12 04 Wieden 1040 Vienna Austria,Vienna,Austria,48.1949694,16.3692624,8.5,627,185,1,0,0,0,1,0,0,0
520,The Rockwell,181 Cromwell Road Kensington and Chelsea London SW5 0SF United Kingdom,London,United Kingdom,51.4948059,-0.1926525,8.6,1470,260,1,0,0,0,1,0,0,0
521,Hotel Mademoiselle,7 Rue des Petits H tels 10th arr 75010 Paris France,Paris,France,48.8772493,2.3543043,8.6,853,225,1,0,1,1,1,0,1,0
522,London Elizabeth Hotel,Lancaster Terrace Hyde Park Westminster Borough London W2 3PF United Kingdom,London,United Kingdom,51.5120219,-0.1762414,7.0,618,190,1,0,0,0,1,0,0,0
523,Draycott Hotel,26 Cadogan Gardens Kensington and Chelsea London SW3 2RP United Kingdom,London,United Kingdom,51.4930097,-0.159715,9.2,245,310,1,0,0,0,1,0,1,0
524,The Whitechapel,49 53 New Road Tower Hamlets London E1 1HH United Kingdom,London,United Kingdom,51.5161286,-0.0624458,7.6,830,195,1,0,0,0,1,0,0,0
525,Hotel Bellevue Wien,Althanstra e 5 09 Alsergrund 1090 Vienna Austria,Vienna,Austria,48.2264063,16.3600628,8.1,388,175,1,0,0,0,1,0,0,0
526,Good Hotel London,Western Gateway Newham London E16 1FA United Kingdom,London,United Kingdom,51.5084195,0.0253216,8.1,1018,250,1,0,0,0,1,0,0,0
527,Oceania Paris Porte De Versailles,52 Rue Oradour sur Glane 15th arr 75015 Paris France,Paris,France,48.8303023,2.2842872,8.2,2541,260,1,1,1,1,1,0,0,0
528,The Wellesley Knightsbridge a Luxury Collection Hotel London,11 Knightsbridge Westminster Borough London SW1X 7LY United Kingdom,London,United Kingdom,51.502485,-0.1539265,9.0,185,295,0,0,0,0,1,0,0,0
529,Hotel Lloyd,Corso di Porta Romana 48 Milan City Center 20122 Milan Italy,Milan,Italy,45.4580781,9.1924205,7.5,1774,185,1,0,0,0,1,0,0,0
530,Novotel Paris Centre Gare Montparnasse,17 Rue Du Cotentin 15th arr 75015 Paris France,Paris,France,48.838484,2.3150904,8.1,1363,240,1,0,0,0,1,1,0,0
531,H tel Square Louvois,12 Rue de Louvois 2nd arr 75002 Paris France,Paris,France,48.8684165,2.336869,9.3,320,275,1,1,0,0,1,0,0,0
532,Montagu Place Hotel,2 Montagu Place Westminster Borough London W1H 2ER United Kingdom,London,United Kingdom,51.5191009,-0.1592,9.1,287,255,1,0,0,0,1,0,0,0
533,FourSide Hotel Vienna City Center,Grieshofgasse 11 12 Meidling 1120 Vienna Austria,Vienna,Austria,48.1825159,16.3322428,8.1,1284,175,1,0,0,0,1,0,0,0
534,Hotel du Vin Cannizaro House Wimbledon,Westside Wimbledon Common Wimbledon London SW19 4UE United Kingdom,London,United Kingdom,51.4242413,-0.2293503,8.4,476,255,1,0,0,0,1,0,0,0
535,The Capital,Basil Street Knightsbridge Kensington and Chelsea London SW3 1AT United Kingdom,London,United Kingdom,51.4997486,-0.1615242,9.0,355,245,1,0,0,0,1,1,0,0
536,Hotel Vilamar,Vilamari 34 36 Eixample 08015 Barcelona Spain,Barcelona,Spain,41.3766732,2.1524478,8.3,1127,180,1,0,1,1,1,1,0,0
537,Twenty Nevern Square Hotel,20 Nevern Square Kensington and Chelsea London SW5 9PD United Kingdom,London,United Kingdom,51.4915712,-0.1963192,8.3,1719,235,1,0,0,0,1,1,0,0
538,Four Points Sheraton Milan Center,Via Gerolamo Cardano 1 Central Station 20124 Milan Italy,Milan,Italy,45.4851889,9.198015,8.2,740,175,1,0,1,0,1,0,0,0
539,Fairmont Rey Juan Carlos I,Avenida Diagonal 661 671 Les Corts 08028 Barcelona Spain,Barcelona,Spain,41.3835246,2.1096141,8.3,1068,180,1,1,1,1,1,0,1,1
540,Schlosshotel R mischer Kaiser,Annagasse 16 01 Innere Stadt 1010 Vienna Austria,Vienna,Austria,48.2040859,16.3725046,8.9,1350,205,1,0,0,0,1,0,0,0
541,London Marriott Hotel West India Quay,22 Hertsmere Road Tower Hamlets London E14 4ED United Kingdom,London,United Kingdom,51.5072713,-0.0211213,8.9,2836,265,1,0,0,0,1,1,0,0
542,AC Hotel Milano a Marriott Lifestyle Hotel,Via Tazzoli 2 Garibaldi Station 20154 Milan Italy,Milan,Italy,45.4851799,9.1831189,8.3,580,200,1,0,1,0,1,0,0,0
543,Bianca Maria Palace Hotel,Viale Bianca Maria 4 Milan City Center 20129 Milan Italy,Milan,Italy,45.4635445,9.2068649,9.0,2770,225,1,0,1,0,1,0,0,0
544,Crowne Plaza Paris R publique,10 Place De La R publique 11th arr 75011 Paris France,Paris,France,48.8673199,2.3656296,8.0,1053,235,1,0,0,0,1,1,1,0
545,Hotel Zeitgeist Vienna Hauptbahnhof,Sonnwendgasse 15 10 Favoriten 1100 Vienna Austria,Vienna,Austria,48.1829645,16.3776709,8.7,841,185,1,0,1,1,1,0,0,0
546,Rosa Grand Milano Starhotels Collezione,Piazza Fontana 3 Milan City Center 20122 Milan Italy,Milan,Italy,45.4638223,9.1940273,8.6,4000,195,1,0,0,0,1,0,0,0
547,every hotel Piccadilly,39 Coventry Street Westminster Borough London W1D 6BZ United Kingdom,London,United Kingdom,51.5101462,-0.1315061,8.8,1685,240,1,0,0,0,1,0,0,0
548,Best Western Le Jardin de Cluny,9 Rue du Sommerard 5th arr 75005 Paris France,Paris,France,48.8497553,2.3467616,8.5,516,260,1,0,0,0,1,0,0,0
549,Hotel 82 London,82 Gloucester Place Westminster Borough London W1U 6HN United Kingdom,London,United Kingdom,51.5195857,-0.1584803,7.5,1733,220,1,0,0,0,1,0,1,0
550,Hotel de Seze,16 rue de S ze 9th arr 75009 Paris France,Paris,France,48.8705741,2.3264194,9.2,489,275,1,0,0,1,1,0,0,0
551,Idol Hotel,16 rue d Edimbourg 8th arr 75008 Paris France,Paris,France,48.8795369,2.3202966,9.1,560,260,1,0,0,0,1,0,0,0
552,Mercure Paris Opera Grands Boulevards,42 Rue Des Petites Ecuries 10th arr 75010 Paris France,Paris,France,48.8740668,2.3502172,8.0,359,200,1,0,0,0,1,0,0,0
553,Best Western Madison Hotel,Via Privata Leopoldo Gasparotto 8 Central Station 20124 Milan Italy,Milan,Italy,45.4881471,9.2016609,8.4,2189,195,1,0,0,0,1,0,0,0
554,Ten Manchester Street Hotel,8 12 Manchester Street Westminster Borough London W1U 4DG United Kingdom,London,United Kingdom,51.5188,-0.153839,8.8,478,270,1,0,0,0,1,1,1,0
555,Uptown Palace,Via Santa Sofia 10 Milan City Center 20122 Milan Italy,Milan,Italy,45.4574655,9.1919138,8.5,2901,195,1,0,1,0,1,1,0,0
556,Claris Hotel Spa GL,Pau Claris 150 Eixample 08009 Barcelona Spain,Barcelona,Spain,41.3944848,2.1651078,8.6,931,195,1,1,1,0,1,1,0,0
557,Melia Barcelona Sarri,Avenida Sarri 50 Les Corts 08029 Barcelona Spain,Barcelona,Spain,41.391058,2.141706,8.1,577,155,1,1,1,1,1,0,1,0
558,H tel De Sers Champs Elys es Paris,41 Avenue Pierre 1er de Serbie 8th arr 75008 Paris France,Paris,France,48.8683593,2.3002117,8.5,347,265,1,0,1,0,1,0,0,0
559,Flemings Mayfair,Half Moon Street Westminster Borough London W1J 7BH United Kingdom,London,United Kingdom,51.5064607,-0.1454198,8.7,1161,250,1,0,0,0,1,0,0,0
560,Egerton House,17 19 Egerton Terrace Knightsbridge Kensington and Chelsea London SW3 2BX United Kingdom,London,United Kingdom,51.4968406,-0.1675498,9.3,199,315,0,0,0,0,1,0,0,0
561,La Suite West Hyde Park,41 51 Inverness Terrace Westminster Borough London W2 3JN United Kingdom,London,United Kingdom,51.5126758,-0.1867828,8.0,768,250,1,0,1,0,1,0,0,0
562,Hotel Panache,1 rue Geoffroy Marie 9th arr 75009 Paris France,Paris,France,48.8732543,2.343239,8.6,371,235,1,0,0,0,1,0,0,0
563,Hotel La Place,17 Nottingham Place Westminster Borough London W1U 5LG United Kingdom,London,United Kingdom,51.5215257,-0.1533039,7.6,301,225,1,0,0,0,1,0,0,0
564,The Queens Gate Hotel,31 34 Queen s Gate Kensington and Chelsea London SW7 5JA United Kingdom,London,United Kingdom,51.4981225,-0.1799693,8.2,2516,255,1,0,0,0,1,0,0,0
565,W12 Rooms,54 Uxbridge Road Shepherds Bush Hammersmith and Fulham London W12 8LP United Kingdom,London,United Kingdom,51.5045326,-0.2191174,8.7,900,255,1,0,0,0,1,0,0,0
566,Kingsway Hall Hotel,66 Great Queen Street Covent Garden Camden London WC2B 5BX United Kingdom,London,United Kingdom,51.5158643,-0.1200625,8.5,1363,270,1,0,0,1,1,1,0,0
567,Hilton Garden Inn Vienna South,Hertha Firnberg Stra e 5 10 Favoriten 1100 Vienna Austria,Vienna,Austria,48.1667886,16.344908,8.1,244,175,1,0,0,0,0,0,0,0
568,Lancaster London,Lancaster Terrace Westminster Borough London W2 2TY United Kingdom,London,United Kingdom,51.5119446,-0.179939,8.3,1463,235,1,0,0,0,1,1,0,0
569,41,41 Buckingham Palace Road Westminster Borough London SW1W 0PS United Kingdom,London,United Kingdom,51.4981471,-0.1436492,9.6,244,300,1,0,0,0,1,0,1,0
570,Rydges Kensington Hotel,61 Gloucester Road Kensington and Chelsea London SW7 4PE United Kingdom,London,United Kingdom,51.4956883,-0.1827878,8.1,1057,230,1,0,0,0,1,0,0,0
571,H tel de La Tamise Esprit de France,4 rue d Alger 1st arr 75001 Paris France,Paris,France,48.8648656,2.3295756,9.6,166,260,1,0,0,0,1,0,0,0
572,Fielding Hotel,4 Broad Court Bow Street Covent Garden Westminster Borough London WC2B 5QZ United Kingdom,London,United Kingdom,51.5139315,-0.1219893,8.7,1271,270,1,0,0,0,1,0,0,0
573,88 Studios,88 Holland Road Kensington and Chelsea London W14 8BN United Kingdom,London,United Kingdom,51.4992789,-0.2090733,8.4,955,235,1,0,0,0,1,0,0,0
574,Mandarin Oriental Milan,Via Andegari 9 Milan City Center 20121 Milan Italy,Milan,Italy,45.4694772,9.1909325,9.2,186,235,1,0,0,1,1,0,0,0
575,Mill sime H tel,15 Rue Jacob 6th arr 75006 Paris France,Paris,France,48.8550236,2.3350786,9.3,656,250,1,0,0,0,1,0,0,0
576,The May Fair Hotel,Stratton Street Mayfair Westminster Borough London W1J 8LT United Kingdom,London,United Kingdom,51.5078943,-0.1436707,8.4,1994,270,1,0,0,1,1,1,0,0
577,Amadi Park Hotel,Eerste Constantijn huygensstraat 26G Oud West 1054 BR Amsterdam Netherlands,Amsterdam,Netherlands,52.364962,4.873495,8.1,1615,200,1,0,0,0,1,0,0,0
578,Holiday Inn Paris Op ra Grands Boulevards,30 32 Boulevard Poissonni re 9th arr 75009 Paris France,Paris,France,48.8715469,2.3439622,8.2,581,245,1,0,0,0,1,0,0,0
579,Corus Hotel Hyde Park,Lancaster Gate Westminster Borough London W2 3LG United Kingdom,London,United Kingdom,51.5119446,-0.179939,7.6,2562,220,1,0,0,0,1,0,0,0
580,Best Western Hotel St George,Viale Tunisia 9 Central Station 20124 Milan Italy,Milan,Italy,45.4770906,9.2054208,8.1,1700,190,1,0,0,0,1,0,0,0
581,Hotel Cafe Royal,68 Regent Street West End Mayfair Westminster Borough London W1B 4DY United Kingdom,London,United Kingdom,51.5100916,-0.1359431,9.3,1128,285,1,1,1,1,1,1,0,0
582,Vincci Bit,Josep Pla 69 Sant Mart 08019 Barcelona Spain,Barcelona,Spain,41.4114188,2.211756,8.5,2848,170,1,1,1,1,1,0,0,0
583,Hotel Le 10 BIS,10 Bis rue du D barcad re 17th arr 75017 Paris France,Paris,France,48.8780363,2.2864907,9.2,196,285,1,0,0,0,1,0,0,0
584,NYX Milan,Piazza Quattro Novembre 3 Central Station 20124 Milan Italy,Milan,Italy,45.4868745,9.2018406,8.8,1056,215,1,0,0,0,1,1,0,0
585,The Levin Hotel,28 Basil Street Kensington and Chelsea London SW3 1AS United Kingdom,London,United Kingdom,51.4998574,-0.161717,9.1,154,245,1,0,0,0,1,0,0,0
586,Hotel Bristol,Via Domenico Scarlatti 32 Central Station 20124 Milan Italy,Milan,Italy,45.4845769,9.2065256,8.0,516,190,1,0,0,0,1,0,0,0
587,Napoleon Paris,40 avenue de Friedland 8th arr 75008 Paris France,Paris,France,48.8743885,2.2980915,8.5,1144,260,1,0,0,0,1,1,0,0
588,Hotel Tiziano Park Vita Parcour Gruppo MiniHotels,Via Tiziano 6 Fiera Milano City 20145 Milan Italy,Milan,Italy,45.4709657,9.1566242,8.6,708,210,1,0,0,0,1,0,0,0
589,The Premier Notting Hill,5 7 Princes Square Kensington and Chelsea London W2 4NP United Kingdom,London,United Kingdom,51.5127453,-0.1926437,7.3,2215,200,1,0,1,0,1,0,0,0
590,Grange Strathmore Hotel,41 Queens Gate Gardens Kensington and Chelsea London SW7 5NB United Kingdom,London,United Kingdom,51.4958184,-0.1813958,8.0,984,220,1,0,0,0,1,1,1,0
591,Excelsior Hotel Gallia Luxury Collection Hotel,Piazza Duca D Aosta 9 Central Station 20124 Milan Italy,Milan,Italy,45.4857027,9.2020127,9.4,1345,230,1,1,1,1,1,1,0,0
592,H tel Moli re,21 rue Moli re 1st arr 75001 Paris France,Paris,France,48.8655293,2.3360102,9.2,579,230,1,0,1,1,1,0,0,0
593,Falkensteiner Hotel Wien Margareten,Margareteng rtel 142 05 Margareten 1050 Vienna Austria,Vienna,Austria,48.1868107,16.3440157,8.9,1218,210,1,0,1,1,1,1,0,0
594,Hotel Villa Saxe Eiffel,9 Villa de Saxe 7th arr 75007 Paris France,Paris,France,48.849758,2.3095213,8.9,346,260,1,0,1,1,1,1,0,0
595,Staybridge Suites London Vauxhall,100 Vauxhall Walk Lambeth London SE11 5AL United Kingdom,London,United Kingdom,51.4891226,-0.1205639,9.2,742,280,1,0,1,0,1,0,0,0
596,H tel Jos phine by Happyculture,67 rue Blanche 9th arr 75009 Paris France,Paris,France,48.8823141,2.3316688,8.1,395,220,1,0,0,0,1,0,0,0
597,Hotel Am Parkring,Parkring 12 01 Innere Stadt 1010 Vienna Austria,Vienna,Austria,48.2056333,16.3778615,9.0,2304,195,1,0,0,0,1,0,0,0
598,Hotel Champs Elys es Friedland by Happyculture,177 rue du faubourg Saint Honor 8th arr 75008 Paris France,Paris,France,48.8750848,2.3048372,8.7,424,235,1,0,0,0,1,0,0,0
599,Lansbury Heritage Hotel,117 Poplar High Street Tower Hamlets London E14 0AE United Kingdom,London,United Kingdom,51.5090985,-0.0157302,9.4,82,275,1,0,0,0,1,0,0,0
600,Hotel Sans Souci Wien,Burggasse 2 07 Neubau 1070 Vienna Austria,Vienna,Austria,48.204576,16.3563661,9.4,824,235,1,1,1,1,1,0,0,0
601,Rosewood London,252 High Holborn Holborn Camden London WC1V 7EN United Kingdom,London,United Kingdom,51.5173303,-0.1180966,9.4,1008,270,1,0,0,1,1,1,0,0
602,NH Amsterdam Schiller,Rembrandtplein 26 36 Amsterdam City Center 1017 CV Amsterdam Netherlands,Amsterdam,Netherlands,52.3657092,4.8966912,7.7,1667,195,1,0,0,0,1,0,0,0
603,Club Hotel Cortina,Hietzinger Hauptstra e 134 13 Hietzing 1130 Vienna Austria,Vienna,Austria,48.1877942,16.2727214,8.2,734,170,1,0,0,0,1,0,0,0
604,Hotel Mercure Wien Westbahnhof,Felberstra e 4 15 Rudolfsheim F nfhaus 1150 Vienna Austria,Vienna,Austria,48.1983543,16.3375246,7.9,842,170,1,0,0,0,1,0,0,0
605,Hotel Wagner,Via M Buonarroti 13 Fiera Milano City 20149 Milan Italy,Milan,Italy,45.4684949,9.1550355,8.0,135,155,1,0,0,0,0,0,0,0
606,Megaro Hotel,Belgrove Street Camden London WC1H 8AB United Kingdom,London,United Kingdom,51.5294411,-0.1233745,8.8,1803,260,1,0,0,0,1,0,0,0
607,Inntel Hotels Amsterdam Centre,Nieuwezijdskolk 19 Amsterdam City Center 1012 PV Amsterdam Netherlands,Amsterdam,Netherlands,52.3760456,4.8943917,8.2,3342,220,1,0,0,0,1,0,0,0
608,Arbor Hyde Park,36 37 Lancaster Gate Westminster Borough London W2 3NA United Kingdom,London,United Kingdom,51.5126488,-0.1803795,8.4,2140,230,1,0,0,0,1,1,0,0
609,Nu Hotel,Via Feltre 19 B Citt Studi 20132 Milan Italy,Milan,Italy,45.4911829,9.2393614,8.9,1032,190,1,0,0,0,1,0,0,0
610,Hotel Boltzmann,Boltzmanngasse 8 09 Alsergrund 1090 Vienna Austria,Vienna,Austria,48.2216779,16.3567111,8.1,662,175,1,0,0,0,1,0,0,0
611,Royal Amsterdam Hotel,Rembrandtplein 44 Amsterdam City Center 1017 CV Amsterdam Netherlands,Amsterdam,Netherlands,52.3657281,4.8972883,7.4,627,190,1,0,0,0,1,0,0,0
612,Catalonia Plaza Catalunya,Bergara 11 Eixample 08002 Barcelona Spain,Barcelona,Spain,41.3865289,2.1682919,8.6,4153,200,1,1,0,1,1,1,0,0
613,Park Avenue Baker Street,173 Gloucester Place Westminster Borough London NW1 6DX United Kingdom,London,United Kingdom,51.5241452,-0.1609907,7.7,1913,215,1,0,0,0,1,0,0,0
614,Hotel Spadari Al Duomo,Via Spadari 11 Milan City Center 20123 Milan Italy,Milan,Italy,45.463579,9.1869092,9.3,755,210,1,0,0,0,1,0,0,0
615,Holiday Inn Paris Elys es,24 Rue De Miromesnil 8th arr 75008 Paris France,Paris,France,48.8730437,2.3161144,8.0,421,225,1,0,0,0,1,0,0,0
616,Hotel Midmost,Pelayo 14 Ciutat Vella 08001 Barcelona Spain,Barcelona,Spain,41.3856173,2.1659487,9.2,460,195,1,1,0,0,1,0,0,0
617,Sydney House Chelsea,9 11 Sydney Street Kensington and Chelsea London SW3 6PU United Kingdom,London,United Kingdom,51.4910062,-0.1717691,8.7,585,270,1,0,0,0,1,1,0,0
618,Austria Trend Hotel Astoria Wien,K rntner Stra e 32 34 01 Innere Stadt 1010 Vienna Austria,Vienna,Austria,48.2044655,16.3702399,8.5,2279,190,1,0,0,0,1,0,0,0
619,The Harmonie Vienna,Harmoniegasse 5 7 09 Alsergrund 1090 Vienna Austria,Vienna,Austria,48.2199427,16.3598984,9.2,1083,185,1,0,1,0,1,0,1,0
620,Mercure Paris Opera Garnier,4 Rue de L Isly 8th arr 75008 Paris France,Paris,France,48.8749511,2.3259532,8.1,501,225,1,0,0,0,1,0,0,0
621,Le Meridien Vienna,Robert Stolz Platz 1 01 Innere Stadt 1010 Vienna Austria,Vienna,Austria,48.2027296,16.3661211,8.3,2393,190,1,1,1,1,1,1,0,0
622,Royal Passeig de Gracia,Passeig de Gracia 84 Eixample 08008 Barcelona Spain,Barcelona,Spain,41.3946775,2.162638,8.6,3823,180,1,0,1,0,1,0,0,0
623,The Henrietta Hotel,14 Henrietta Street Westminster Borough London WC2E 8QH United Kingdom,London,United Kingdom,51.5109079,-0.1238221,9.2,49,270,0,0,0,0,1,0,0,0
624,The Savoy,Strand Westminster Borough London WC2R 0EU United Kingdom,London,United Kingdom,51.5111922,-0.1194006,9.4,1021,280,1,1,0,0,1,1,0,0
625,The Royal Park Hotel,3 Westbourne Terrace Lancaster Gate Westminster Borough London W2 3UL United Kingdom,London,United Kingdom,51.5142054,-0.1766098,8.7,331,270,1,0,0,0,1,0,1,0
626,The Ritz London,150 Piccadilly Westminster Borough London W1J 9BR United Kingdom,London,United Kingdom,51.5069446,-0.1415776,9.3,831,280,1,0,0,0,1,1,0,0
627,DoubleTree By Hilton London Excel,Excel 2 Festoon Way Royal Victoria Dock Newham London E16 1RH United Kingdom,London,United Kingdom,51.507377,0.038657,8.4,2726,265,1,0,0,0,1,1,0,0
628,Radisson Blu Edwardian Sussex,19 25 Granville Place Marble Arch Westminster Borough London W1H 6PA United Kingdom,London,United Kingdom,51.5144381,-0.1558337,8.0,1295,255,1,0,0,0,1,1,0,0
629,Grand Hotel et de Milan,Via Manzoni 29 Milan City Center 20121 Milan Italy,Milan,Italy,45.4699058,9.1925024,9.1,451,220,1,0,0,0,1,0,0,0
630,Hotel Espa a Ramblas,Sant Pau 9 11 Ciutat Vella 08001 Barcelona Spain,Barcelona,Spain,41.3799209,2.1728181,8.7,1908,205,1,1,0,0,1,0,0,0
631,25hours Hotel beim MuseumsQuartier,Lerchenfelder Stra e 1 3 07 Neubau 1070 Vienna Austria,Vienna,Austria,48.2064745,16.3546297,8.8,4324,215,1,0,1,1,1,0,0,0
632,9Hotel Republique,7 9 Rue Pierre Chausson 10th arr 75010 Paris France,Paris,France,48.8708419,2.3605864,8.8,857,230,1,0,1,0,1,0,1,0
633,Eurostars Monumental,Consell de Cent 498 500 Eixample 08013 Barcelona Spain,Barcelona,Spain,41.4006653,2.1787089,8.3,1382,165,1,0,0,0,1,1,0,0
634,TWO Hotel Barcelona by Axel 4 Sup Adults Only,Calabria 90 92 Eixample 08015 Barcelona Spain,Barcelona,Spain,41.37913,2.1561186,8.8,2336,175,1,1,1,1,1,0,0,0
635,Les Plumes Hotel,10 rue Lamartine 9th arr 75009 Paris France,Paris,France,48.8766269,2.3432886,8.8,514,240,1,0,0,0,1,1,0,0
636,Waldorf Astoria Amsterdam,Herengracht 542 556 Amsterdam City Center 1017 CG Amsterdam Netherlands,Amsterdam,Netherlands,52.364768,4.896945,9.5,443,245,1,1,1,1,1,1,1,0
637,Catalonia Square 4 Sup,Ronda Sant Pere 9 Eixample 08010 Barcelona Spain,Barcelona,Spain,41.3885658,2.1712991,9.4,1711,200,1,1,1,0,1,0,1,0
638,NH Collection Wien Zentrum,Mariahilfer Stra e 78 07 Neubau 1070 Vienna Austria,Vienna,Austria,48.1979979,16.3483314,8.9,1887,205,1,0,1,1,1,1,0,0
639,Acta Atrium Palace,Gran Via Corts Catalanes 656 Eixample 08010 Barcelona Spain,Barcelona,Spain,41.390913,2.1706981,8.5,1933,185,1,1,0,1,1,1,0,0
640,Novotel London Blackfriars,46 Blackfriars Road Southwark London SE1 8NZ United Kingdom,London,United Kingdom,51.5050165,-0.1049831,8.7,1362,250,1,1,1,1,1,1,0,0
641,K K Hotel Picasso,Passeig de Picasso 26 30 Ciutat Vella 08003 Barcelona Spain,Barcelona,Spain,41.3866227,2.1840722,8.9,1517,185,1,1,0,0,1,0,0,0
642,Petit Palace Museum,Diputacion 250 Eixample 08007 Barcelona Spain,Barcelona,Spain,41.3888014,2.1653738,8.6,1594,195,1,0,0,1,1,1,0,0
643,Hotel Indigo London Paddington,16 London Street Paddington Westminster Borough London W2 1HL United Kingdom,London,United Kingdom,51.5150534,-0.1739974,8.7,602,265,1,0,0,0,1,0,0,0
644,Hotel Raffaello,Viale Certosa 108 Certosa 20156 Milan Italy,Milan,Italy,45.494861,9.141551,8.1,824,185,1,0,0,0,1,0,0,0
645,London Marriott Hotel Marble Arch,134 George Street Westminster Borough London W1H 5DN United Kingdom,London,United Kingdom,51.5163841,-0.1635764,8.2,1505,235,1,1,1,0,1,0,1,0
646,Hotel Eug ne en Ville,6 rue Buffault 9th arr 75009 Paris France,Paris,France,48.8750119,2.3416769,8.3,1093,235,1,0,0,0,1,1,0,0
647,Imperial Riding School Renaissance Vienna Hotel,Ungargasse 60 03 Landstra e 1030 Vienna Austria,Vienna,Austria,48.1966396,16.3863822,8.1,1395,200,1,1,1,1,1,0,1,0
648,Crowne Plaza London Kensington,100 Cromwell Road Kensington and Chelsea London SW7 4ER United Kingdom,London,United Kingdom,51.495179,-0.183827,8.7,743,255,1,0,1,0,1,1,1,0
649,Ace Hotel London Shoreditch,100 Shoreditch High Street Hackney London E1 6JQ United Kingdom,London,United Kingdom,51.5254162,-0.0772849,8.6,1593,255,1,0,0,0,1,1,0,0
650,Gainsborough Hotel,7 11 Queensberry Place Kensington and Chelsea London SW7 2DL United Kingdom,London,United Kingdom,51.4948416,-0.1772056,6.9,1884,190,1,0,0,0,1,0,0,0
651,Hotel Barcelona Catedral,Capellans 4 Ciutat Vella 08002 Barcelona Spain,Barcelona,Spain,41.384829,2.1751277,8.9,2695,175,1,1,1,0,1,0,0,0
652,Amsterdam Canal Residence,Weteringschans 251 Amsterdam City Center 1017 XJ Amsterdam Netherlands,Amsterdam,Netherlands,52.3594783,4.895853,8.3,255,190,1,0,0,0,1,0,0,0
653,Balmoral Champs Elys es,6 rue du General Lanrezac 17th arr 75017 Paris France,Paris,France,48.8759855,2.293938,8.7,476,270,1,0,0,0,1,0,0,0
654,Goodenough Club,23 Mecklenburgh Square Camden London WC1N 2AD United Kingdom,London,United Kingdom,51.525535,-0.1180354,8.5,959,255,1,0,0,0,1,0,0,0
655,Aparthotel Adagio Vienna City,Uraniastra e 2 01 Innere Stadt 1010 Vienna Austria,Vienna,Austria,48.2110845,16.3838405,8.1,1787,195,1,0,1,0,1,0,0,0
656,The Wittmore Adults Only,Riudarenes 7 Ciutat Vella 08002 Barcelona Spain,Barcelona,Spain,41.380939,2.1796095,9.4,217,215,1,1,0,0,1,0,0,0
657,Catalonia Ramblas 4 Sup,Pelai 28 Ciutat Vella 08002 Barcelona Spain,Barcelona,Spain,41.3856387,2.1668274,8.6,4276,195,1,1,0,1,1,1,0,0
658,Best Western Allegro Nation,33 Avenue Du Docteur Arnold Netter 12th arr 75012 Paris France,Paris,France,48.8430891,2.4049867,7.8,354,195,1,0,0,0,1,0,0,0
659,Park Hotel,Stadhouderskade 25 Oud Zuid 1071 ZD Amsterdam Netherlands,Amsterdam,Netherlands,52.3613814,4.8832594,8.3,2027,230,1,0,0,0,1,0,0,0
660,Hotel Oscar,33 rue Marbeuf 8th arr 75008 Paris France,Paris,France,48.8694755,2.3046954,8.5,408,225,1,0,0,0,1,0,0,0
661,Arthotel ANA Boutique Six,Webgasse 23 06 Mariahilf 1060 Vienna Austria,Vienna,Austria,48.1941905,16.3462578,8.2,3498,180,1,0,0,0,1,0,0,0
662,San Domenico House,29 31 Draycott Place Kensington and Chelsea London SW3 2SH United Kingdom,London,United Kingdom,51.4917798,-0.1616049,9.0,317,280,1,0,0,0,1,1,1,0
663,Ibis Styles Paris Gare Saint Lazare,9 Rue de Constantinople 8th arr 75008 Paris France,Paris,France,48.8796596,2.3209155,7.7,113,220,1,0,0,0,1,0,0,0
664,Ambassadors Bloomsbury,12 Upper Woburn Place Camden London WC1H 0HX United Kingdom,London,United Kingdom,51.5266618,-0.1296571,7.9,1521,240,1,0,0,0,1,1,0,0
665,Sir Adam Hotel,Overhoeksplein 7 Amsterdam Noord 1031 KS Amsterdam Netherlands,Amsterdam,Netherlands,52.3840358,4.9028572,9.0,361,225,0,0,0,0,1,0,0,0
666,Holiday Inn London Bloomsbury,Coram Street Camden London WC1N 1HT United Kingdom,London,United Kingdom,51.5241248,-0.1258066,8.2,2995,240,1,0,0,0,1,0,0,0
667,K West Hotel Spa,Richmond Way Hammersmith and Fulham London W14 0AX United Kingdom,London,United Kingdom,51.5013149,-0.2174459,8.4,1560,240,1,0,1,1,1,1,0,0
668,L H tel,13 rue des Beaux Arts 6th arr 75006 Paris France,Paris,France,48.8562272,2.3351758,8.8,224,260,1,1,0,0,1,0,0,0
669,Victoires Opera,56 rue de Montorgueil 2nd arr 75002 Paris France,Paris,France,48.8648997,2.3469433,7.5,273,205,1,0,0,0,1,0,0,0
670,Hotel V Fizeaustraat,Fizeaustraat 2 Oost 1097 SC Amsterdam Netherlands,Amsterdam,Netherlands,52.3451511,4.9252372,9.1,1708,220,1,0,1,0,1,1,0,0
671,Holiday Inn London West,4 Portal Way Gypsy Corner A40 London W3 6RT United Kingdom,London,United Kingdom,51.5210117,-0.2628618,8.1,1500,250,1,0,0,0,1,1,0,0
672,Hotel Da Vinci,Via Senigallia 6 20161 Milan Italy,Milan,Italy,45.5331372,9.1711019,8.1,16670,165,1,0,0,0,1,0,0,0
673,H tel de Banville,166 Boulevard Berthier 17th arr 75017 Paris France,Paris,France,48.8864673,2.2948911,8.7,493,250,1,0,0,0,1,0,0,0
674,Hotel Whistler,36 rue de Saint Quentin 10th arr 75010 Paris France,Paris,France,48.879314,2.3560185,9.2,115,230,1,0,0,0,1,0,0,0
675,The Bloomsbury Hotel,16 22 Great Russell Street Camden London WC1B 3NN United Kingdom,London,United Kingdom,51.5171671,-0.1290534,9.0,1254,265,1,0,0,0,1,0,0,0
676,The Ned,Poultry 27 City of London London EC2R 8AJ United Kingdom,London,United Kingdom,51.5135929,-0.0907833,9.3,517,260,1,1,1,1,1,1,0,0
677,Park Plaza Victoria London,239 Vauxhall Bridge Road Westminster Borough London SW1V 1EQ United Kingdom,London,United Kingdom,51.4942539,-0.1414756,8.6,4426,260,1,0,1,0,1,1,0,0
678,Apex London Wall Hotel,7 9 Copthall Avenue City of London London EC2R 7NJ United Kingdom,London,United Kingdom,51.5160484,-0.0880181,9.1,949,255,1,0,0,0,1,1,0,0
679,pentahotel Vienna,Margaretenstra e 92 05 Margareten 1050 Vienna Austria,Vienna,Austria,48.1899743,16.3567007,8.5,805,205,1,1,1,1,1,0,0,0
680,Austria Trend Hotel Savoyen Vienna,Rennweg 16 03 Landstra e 1030 Vienna Austria,Vienna,Austria,48.1950444,16.3844751,8.9,4016,205,1,0,1,1,1,1,1,0
681,Hotel Les Rives de Notre Dame,15 Quai Saint Michel 5th arr 75005 Paris France,Paris,France,48.8532269,2.3457159,8.6,265,245,1,0,0,0,1,0,0,0
682,The Berkeley,Wilton Place Knightsbridge Westminster Borough London SW1X 7RL United Kingdom,London,United Kingdom,51.5020912,-0.1577795,9.1,232,285,1,1,1,0,1,0,0,0
683,Camperio House Suites Apartments,Via Camperio 9 Milan City Center 20123 Milan Italy,Milan,Italy,45.466598,9.183064,8.9,567,205,1,0,0,0,1,0,0,0
684,DoubleTree by Hilton London Docklands Riverside,265 Rotherhithe Street Southwark London SE16 5HW United Kingdom,London,United Kingdom,51.5043483,-0.0334436,8.1,3826,240,1,0,0,0,1,1,0,0
685,Grand Hotel Downtown,Eerste Constantijn Huygensstraat 10A Oud West 1054 BR Amsterdam Netherlands,Amsterdam,Netherlands,52.36513,4.8729422,7.5,1270,185,1,0,0,0,1,1,0,0
686,Hilton Vienna Danube Waterfront,Handelskai 269 02 Leopoldstadt 1020 Vienna Austria,Vienna,Austria,48.2140659,16.4217627,8.4,2349,215,1,1,1,1,1,1,1,0
687,Op ra Marigny,11 Rue de l Arcade 8th arr 75008 Paris France,Paris,France,48.871723,2.3235377,8.1,735,225,1,0,0,0,1,1,0,0
688,The Justin James Hotel,43 Worple Road Wimbledon London SW19 4JZ United Kingdom,London,United Kingdom,51.4202661,-0.211268,8.3,561,240,1,0,0,0,1,0,0,0
689,Boutiquehotel Das Tyrol,Mariahilfer Stra e 15 06 Mariahilf 1060 Vienna Austria,Vienna,Austria,48.2008957,16.3592496,9.4,501,215,1,0,0,1,1,0,0,0
690,Mercure Wien Zentrum,Fleischmarkt 1a 01 Innere Stadt 1010 Vienna Austria,Vienna,Austria,48.2114087,16.3746469,8.3,1105,185,1,0,0,0,1,0,0,0
691,Barcel Raval,Rambla del Raval 17 21 Ciutat Vella 08001 Barcelona Spain,Barcelona,Spain,41.3790126,2.1696339,8.4,2254,190,1,1,1,1,1,0,0,0
692,Amba Hotel Charing Cross,The Strand Westminster Borough London WC2N 5HX United Kingdom,London,United Kingdom,51.508236,-0.1261963,9.3,1694,285,1,0,0,0,1,1,1,0
693,Le Meridien Piccadilly,21 Piccadilly Westminster Borough London W1J 0BH United Kingdom,London,United Kingdom,51.5094835,-0.1362538,7.6,817,235,1,1,1,1,1,0,0,0
694,Catalonia Catedral,Arcs 10 Ciutat Vella 08002 Barcelona Spain,Barcelona,Spain,41.3846637,2.1740902,9.2,1914,205,1,1,0,0,1,0,0,0
695,Novotel Paris Centre Bercy,85 Rue De Bercy 12th arr 75012 Paris France,Paris,France,48.8384558,2.3805885,8.3,1330,240,1,0,0,0,1,1,0,0
696,Antares Hotel Accademia,Viale Certosa 68 Certosa 20155 Milan Italy,Milan,Italy,45.4921089,9.1476806,8.4,415,210,1,0,0,0,1,0,0,0
697,Hollmann Beletage Design Boutique,K llnerhofgasse 6 01 Innere Stadt 1010 Vienna Austria,Vienna,Austria,48.2105156,16.3760717,9.3,389,205,1,0,0,1,1,0,0,0
698,Novotel London Wembley,5 Olympic Way Wembley Brent London HA9 0NP United Kingdom,London,United Kingdom,51.5611271,-0.2787261,8.9,2924,280,1,0,0,0,1,1,0,0
699,Le 123 Elysees Astotel,123 Rue Du Faubourg Saint Honor 8th arr 75008 Paris France,Paris,France,48.8730823,2.309659,9.2,171,260,1,0,0,0,1,0,0,0
700,InterContinental Wien,Johannesgasse 28 03 Landstra e 1030 Vienna Austria,Vienna,Austria,48.2019865,16.3789934,8.1,737,180,1,1,0,0,1,0,1,0
701,Suites H tel Helzear Montparnasse,40 rue Liancourt 14th arr 75014 Paris France,Paris,France,48.8346811,2.3255098,8.1,544,225,1,0,0,0,1,0,0,0
702,Bradford Elys es Astotel,10 rue Saint Philippe du Roule 8th arr 75008 Paris France,Paris,France,48.8729676,2.3081178,9.1,234,270,1,0,0,0,1,0,1,0
703,Best Western Le 18 Paris,51 rue Letort 18th arr 75018 Paris France,Paris,France,48.8966167,2.3434843,7.6,527,190,1,0,0,0,1,0,0,0
704,Mandarin Oriental Barcelona,Passeig de Gr cia 38 40 Eixample 08007 Barcelona Spain,Barcelona,Spain,41.391393,2.1668467,9.0,283,210,1,1,1,1,1,0,0,0
705,Atlantis Hotel Vienna,Wurzbachgasse 21 15 Rudolfsheim F nfhaus 1150 Vienna Austria,Vienna,Austria,48.2037451,16.3356767,8.1,2823,195,1,0,0,0,1,0,0,0
706,Room Mate Anna,Carrer de Arag 271 Eixample 08007 Barcelona Spain,Barcelona,Spain,41.3929366,2.1653954,9.1,1286,195,1,1,1,0,1,1,0,0
707,Baglioni Hotel London The Leading Hotels of the World,60 Hyde Park gate Kensington and Chelsea London SW7 5BB United Kingdom,London,United Kingdom,51.5017224,-0.1846243,9.0,290,260,1,0,0,0,1,0,0,0
708,Holiday Inn Paris Notre Dame,4 rue Danton 6th arr 75006 Paris France,Paris,France,48.8528427,2.3422256,8.3,1174,220,1,0,0,0,1,1,0,0
709,The Hari London,20 Chesham Place Kensington and Chelsea London SW1X 8HQ United Kingdom,London,United Kingdom,51.4973203,-0.1562558,9.2,635,280,1,0,1,0,1,1,1,0
710,H10 London Waterloo,284 To 302 Waterloo Road Southwark London SE1 8RQ United Kingdom,London,United Kingdom,51.4988817,-0.1062888,8.5,1114,245,1,0,1,0,1,1,0,0
711,Best Western Premier Op ra Opal,19 Rue Tronchet 8th arr 75008 Paris France,Paris,France,48.8722588,2.3257608,8.6,772,255,1,0,0,0,1,0,0,0
712,Courtyard by Marriott Vienna Schoenbrunn,Sch nbrunner Schlossstra e 38 40 12 Meidling 1120 Vienna Austria,Vienna,Austria,48.184732,16.3211959,8.3,625,185,1,0,0,0,1,1,0,0
713,Eurostars Bcn Design,Passeig de Gr cia 29 Eixample 08007 Barcelona Spain,Barcelona,Spain,41.3907208,2.1660732,8.3,1601,165,1,0,1,0,1,1,0,0
714,H tel Paris Bastille Boutet MGallery by Sofitel,22 24 Rue Faidherbe 11th arr 75011 Paris France,Paris,France,48.8519215,2.3839993,8.8,381,270,0,1,0,1,1,0,0,0
715,Hotel Portello Gruppo Minihotel,Via G Silva 12 Fiera Milano City 20149 Milan Italy,Milan,Italy,45.4802503,9.1494925,7.8,1197,180,1,0,0,0,1,0,0,1
716,Francois 1er,7 Rue Magellan 8th arr 75008 Paris France,Paris,France,48.8701887,2.2997281,8.7,603,225,1,0,0,0,1,0,0,0
717,Axel Hotel Barcelona Urban Spa Adults Only,Aribau 33 Eixample 08011 Barcelona Spain,Barcelona,Spain,41.3873478,2.1603987,8.0,2694,170,1,1,1,1,1,0,0,0
718,Mercure London Bridge,71 79 Southwark Street Southwark London SE1 0JA United Kingdom,London,United Kingdom,51.5052587,-0.099176,8.5,947,240,1,0,0,0,1,0,0,0
719,The Montcalm At Brewery London City,52 Chiswell Street City of London London EC1Y 4SD United Kingdom,London,United Kingdom,51.5208155,-0.0915319,8.8,2617,245,1,0,0,0,1,1,1,0
720,London City Suites,42 46 Chiswell Street City of London London EC1Y 4SB United Kingdom,London,United Kingdom,51.5206309,-0.0915341,8.9,1744,270,1,0,0,0,1,1,0,0
721,BEST WESTERN Maitrise Hotel Maida Vale,53 59 Kilburn High Road Maida Vale London Camden London NW6 5SB United Kingdom,London,United Kingdom,51.5366053,-0.1919832,7.1,1877,185,1,0,0,0,1,0,0,0
722,H tel Le Relais Saint Germain,9 Carrefour de l Od on 6th arr 75006 Paris France,Paris,France,48.8519208,2.338878,9.3,107,270,1,0,0,0,1,0,0,0
723,WestCord Fashion Hotel Amsterdam,Hendrikje Stoffelstraat 1 Slotervaart 1058 GC Amsterdam Netherlands,Amsterdam,Netherlands,52.357655,4.844576,8.7,5236,220,1,1,1,1,1,1,0,0
724,The Exhibitionist Hotel,8 10 Queensberry Place Kensington and Chelsea London SW7 2EA United Kingdom,London,United Kingdom,51.4947754,-0.177789,8.4,1708,265,1,0,0,0,1,1,0,0
725,L Empire Paris,48 Rue De L arbre Sec 1st arr 75001 Paris France,Paris,France,48.8607764,2.3427564,8.6,619,225,1,0,0,1,1,0,0,0
726,The Lanesborough,Hyde Park Corner Westminster Borough London SW1X 7TA United Kingdom,London,United Kingdom,51.50303,-0.15242,9.4,64,295,0,0,1,1,1,1,0,0
727,Elys es R gencia,41 Avenue Marceau 16th arr 75016 Paris France,Paris,France,48.8686434,2.2984054,8.2,1100,240,1,0,0,0,1,0,0,0
728,Sina The Gray,Via San Raffaele 6 Milan City Center 20121 Milan Italy,Milan,Italy,45.4655368,9.1914986,8.3,346,220,1,0,0,0,1,1,0,0
729,Royal Ramblas,Las Ramblas 117 Ciutat Vella 08002 Barcelona Spain,Barcelona,Spain,41.3842838,2.1707092,8.4,3340,190,1,0,0,0,1,1,0,0
730,H tel Amastan Paris,34 rue Jean Mermoz 8th arr 75008 Paris France,Paris,France,48.8716831,2.3123759,9.1,102,245,1,0,0,0,0,0,0,0
731,Commodore Hotel,50 Lancaster Gate Westminster Borough London W2 3NA United Kingdom,London,United Kingdom,51.5124496,-0.1795215,6.7,2400,195,1,0,1,0,1,1,0,0
732,Sercotel Amister Art Hotel Barcelona,Avenida Roma 93 95 Eixample 08029 Barcelona Spain,Barcelona,Spain,41.3844072,2.1514584,8.5,591,180,1,1,1,0,1,0,0,0
733,De Vere Devonport House,King William Walk Greenwich London SE10 9JW United Kingdom,London,United Kingdom,51.480672,-0.0071375,8.2,1827,230,1,0,0,0,1,0,0,0
734,Eurohotel Diagonal Port,Lope de Vega 4 Sant Mart 08005 Barcelona Spain,Barcelona,Spain,41.4006708,2.2087844,7.0,334,150,1,0,0,0,1,0,0,0
735,Belfast,10 avenue Carnot 17th arr 75017 Paris France,Paris,France,48.8756435,2.2938788,7.7,337,215,1,0,0,0,1,0,0,0
736,Room Mate Aitana,IJdock 6 Amsterdam City Center 1013 MM Amsterdam Netherlands,Amsterdam,Netherlands,52.3846059,4.8941866,8.8,4097,215,1,0,1,0,1,1,0,0
737,Hotel Lumen Paris Louvre,15 Rue Des Pyramides 1st arr 75001 Paris France,Paris,France,48.8652582,2.3329632,8.7,289,205,1,0,1,0,1,0,0,0
738,Covent Garden Hotel,10 Monmouth Street Camden London WC2H 9HB United Kingdom,London,United Kingdom,51.5145986,-0.1270336,9.4,158,305,1,0,0,0,1,0,1,0
739,Paris Marriott Opera Ambassador Hotel,16 boulevard Haussmann 9th arr 75009 Paris France,Paris,France,48.8728351,2.3362507,7.9,263,215,1,0,0,0,1,0,0,0
740,Pol Grace Hotel,Guillem Tell 49 Sarri St Gervasi 08006 Barcelona Spain,Barcelona,Spain,41.4017465,2.1477365,8.8,2220,190,1,0,0,0,1,0,0,0
741,Art Hotel Navigli,Via Angelo Carlo Fumagalli 4 Navigli 20143 Milan Italy,Milan,Italy,45.4501306,9.1696481,8.6,3636,195,1,0,1,1,1,0,0,0
742,Auteuil Tour Eiffel,8 10 Rue F licien David 16th arr 75016 Paris France,Paris,France,48.8506499,2.2750873,7.5,1266,205,1,0,0,0,1,0,0,0
743,Sheraton Diana Majestic,Viale Piave 42 Milan City Center 20129 Milan Italy,Milan,Italy,45.4736557,9.2066824,7.9,393,205,1,0,0,0,1,0,0,0
744,Alexandra Barcelona A DoubleTree by Hilton,Mallorca 251 Eixample 08008 Barcelona Spain,Barcelona,Spain,41.3931918,2.16152,8.3,351,185,1,1,0,0,1,0,0,0
745,Novotel Paris Les Halles,8 Place Marguerite de Navarre 1st arr 75001 Paris France,Paris,France,48.8607299,2.3465326,8.4,2398,230,1,0,0,0,1,0,0,0
746,H tel Powers,52 rue Francois 1er 8th arr 75008 Paris France,Paris,France,48.8691409,2.3031503,8.5,956,255,1,0,0,0,1,1,0,0
747,H tel Original Paris,8 Boulevard Beaumarchais 11th arr 75011 Paris France,Paris,France,48.8546989,2.3691899,8.9,148,225,1,0,0,0,0,0,0,0
748,Hotel Parc Saint Severin Esprit de France,22 Rue de La Parcheminerie 5th arr 75005 Paris France,Paris,France,48.8518584,2.3447798,9.1,600,230,1,0,0,0,1,0,0,0
749,TH Street Duomo,Via Santa Radegonda 14 Milan City Center 20121 Milan Italy,Milan,Italy,45.4657568,9.1916674,8.2,172,210,1,0,0,0,1,0,0,0
750,Park Plaza County Hall London,1 Addington Street Lambeth London SE1 7RY United Kingdom,London,United Kingdom,51.5014001,-0.1160092,8.4,6117,245,1,0,0,0,1,1,0,0
751,Rathbone,30 Rathbone Street West End Westminster Borough London W1T 1LB United Kingdom,London,United Kingdom,51.5186801,-0.1354055,8.3,776,255,1,0,0,0,1,0,0,0
752,Mimi s Hotel Soho,56 57 Frith Street Westminster Borough London W1D 3JG United Kingdom,London,United Kingdom,51.5140329,-0.1320651,8.3,687,250,1,0,0,0,1,0,0,0
753,Atahotel Contessa Jolanda,Via Murat 21 Niguarda 20159 Milan Italy,Milan,Italy,45.4984161,9.1904375,7.5,1559,180,1,0,1,0,1,1,0,0
754,Austria Trend Hotel Anatol Wien,Webgasse 26 06 Mariahilf 1060 Vienna Austria,Vienna,Austria,48.1945774,16.346356,8.8,1324,175,1,0,0,0,1,0,0,0
755,Hyatt Regency London The Churchill,30 Portman Square Westminster Borough London W1H 7BH United Kingdom,London,United Kingdom,51.5156471,-0.1572443,8.7,883,290,1,0,0,0,1,1,1,0
756,Au Manoir Saint Germain,153 Boulevard Saint Germain 6th arr 75006 Paris France,Paris,France,48.853688,2.3322667,8.6,616,245,1,0,0,0,1,0,0,0
757,H tel San R gis,12 Rue Jean Goujon 8th arr 75008 Paris France,Paris,France,48.8665788,2.3084447,8.7,277,245,1,0,0,0,1,1,0,0
758,Le Narcisse Blanc Spa,19 Boulevard De La Tour Maubourg 7th arr 75007 Paris France,Paris,France,48.8605125,2.3106533,9.5,222,280,1,1,0,1,1,1,0,0
759,Hotel Mailberger Hof,Annagasse 7 01 Innere Stadt 1010 Vienna Austria,Vienna,Austria,48.204183,16.3726664,8.4,1781,170,1,0,0,0,1,0,1,0
760,Melia Paris Notre Dame,7 Rue De L h tel Colbert 5th arr 75005 Paris France,Paris,France,48.8515198,2.3486511,8.7,214,240,1,0,0,0,1,0,0,0
761,Rainers Hotel Vienna,Gudrunstra e 184 10 Favoriten 1100 Vienna Austria,Vienna,Austria,48.1791893,16.3625367,8.2,1852,175,1,0,0,0,1,0,0,0
762,H tel Le Walt,37 Avenue De La Motte Picquet 7th arr 75007 Paris France,Paris,France,48.8547161,2.306642,8.8,257,250,1,0,0,0,1,0,0,0
763,Hotel K nig von Ungarn,Schulerstra e 10 01 Innere Stadt 1010 Vienna Austria,Vienna,Austria,48.2082215,16.3751842,9.3,1207,205,1,0,0,0,1,0,0,0
764,Number Sixteen,16 Sumner Place Kensington and Chelsea London SW7 3EG United Kingdom,London,United Kingdom,51.4930905,-0.1755022,9.1,270,305,0,0,0,0,1,1,0,0
765,Mercure Paris Opera Louvre,95 Rue de Richelieu 2nd arr 75002 Paris France,Paris,France,48.8710895,2.3393461,8.1,511,205,1,0,0,0,1,1,0,0
766,Ramada Plaza Milano,Via Stamira D Ancona 27 Distretto Viale Monza 20127 Milan Italy,Milan,Italy,45.501946,9.2277569,8.4,2612,185,1,1,1,1,1,1,0,0
767,H tel Cristal Champs Elys es,9 Rue de Washington 8th arr 75008 Paris France,Paris,France,48.8726814,2.3020866,8.3,604,245,1,0,0,0,1,0,0,0
768,Swiss tel Amsterdam,Damrak 96 Amsterdam City Center 1012 LP Amsterdam Netherlands,Amsterdam,Netherlands,52.3735266,4.8933041,8.5,2756,210,1,0,0,0,1,0,0,0
769,Leonardo Hotel Milan City Center,Via Messina 10 Sempione 20154 Milan Italy,Milan,Italy,45.482442,9.1756982,8.2,1018,175,1,0,0,0,1,0,0,0
770,NH Danube City,Wagramer Stra e 21 22 Donaustadt 1220 Vienna Austria,Vienna,Austria,48.2353789,16.4219737,8.4,1380,190,1,1,1,1,1,1,0,1
771,Baglioni Hotel Carlton The Leading Hotels of the World,Via Senato 5 Milan City Center 20121 Milan Italy,Milan,Italy,45.4691663,9.1984454,8.8,775,245,1,0,1,1,1,1,0,0
772,Hotel Derby,Loreto 21 25 Les Corts 08029 Barcelona Spain,Barcelona,Spain,41.3897735,2.1419762,8.0,808,155,1,1,1,0,1,1,0,0
773,Hotel le Lapin Blanc,41 boulevard Saint Michel 5th arr 75005 Paris France,Paris,France,48.8491801,2.3423357,9.1,619,255,1,0,0,0,1,0,0,0
774,Millennium Gloucester Hotel London,4 18 Harrington Gardens Kensington and Chelsea London SW7 4LH United Kingdom,London,United Kingdom,51.4935083,-0.1834346,7.8,5726,220,1,0,0,0,1,1,0,0
775,Le Tsuba Hotel,45 Rue des Acacias 17th arr 75017 Paris France,Paris,France,48.8777621,2.293177,9.3,287,245,1,0,1,1,1,0,0,0
776,Apollo Hotel Amsterdam,Apollolaan 2 Oud Zuid 1077 BA Amsterdam Netherlands,Amsterdam,Netherlands,52.3486098,4.8844292,8.2,2968,210,1,0,0,0,1,1,0,0
777,DoubleTree by Hilton London Ealing,2 8 Hanger Lane Ealing Common London W5 3HN United Kingdom,London,United Kingdom,51.511521,-0.290706,8.4,1494,240,1,0,0,0,1,1,0,0
778,Mercure Paris Bastille Saint Antoine,64 Rue Crozatier 12th arr 75012 Paris France,Paris,France,48.849574,2.3798518,7.9,168,200,1,0,0,0,1,0,0,0
779,Conservatorium Hotel,Van Baerlestraat 27 Oud Zuid 1071 AN Amsterdam Netherlands,Amsterdam,Netherlands,52.358631,4.8786236,9.2,592,250,1,1,1,1,1,1,0,0
780,Claridge s,41 43 Brook Street Westminster Borough London W1K 4HJ United Kingdom,London,United Kingdom,51.5125035,-0.1477438,9.3,293,270,0,0,0,0,1,1,0,0
781,Best Western PLUS Epping Forest,Epping Forest 30 Oak Hill London IG8 9NY United Kingdom,London,United Kingdom,51.603207,0.010607,7.5,587,205,1,0,0,0,1,1,0,0
782,The Royal Horseguards,2 Whitehall Court Westminster Borough London SW1A 2EJ United Kingdom,London,United Kingdom,51.5054185,-0.1241499,8.9,2007,280,1,0,0,0,1,1,0,0
783,Grange Langham Court Hotel,31 35 Langham Street Westminster Borough London W1W 6BU United Kingdom,London,United Kingdom,51.5189077,-0.1421957,7.9,754,230,1,0,0,0,1,0,0,0
784,Bentley London,27 33 Harrington Gardens Kensington and Chelsea London SW7 4JX United Kingdom,London,United Kingdom,51.4928147,-0.1841753,8.4,486,255,1,0,1,1,1,1,0,0
785,The Franklin Hotel Starhotels Collezione,24 Egerton Gardens Kensington and Chelsea London SW3 2DB United Kingdom,London,United Kingdom,51.4960283,-0.1686355,8.8,70,285,0,0,0,0,1,0,0,0
786,Cram,Aribau 54 Eixample 08011 Barcelona Spain,Barcelona,Spain,41.3880549,2.1599602,8.5,778,190,1,1,0,0,1,1,0,0
787,UNA Hotel Century,Via Fabio Filzi 25 B Central Station 20124 Milan Italy,Milan,Italy,45.4841371,9.2001623,8.6,2351,195,1,0,0,0,1,0,0,0
788,AC Hotel Barcelona Forum a Marriott Lifestyle Hotel,Paseo Taulat 278 Sant Mart 08019 Barcelona Spain,Barcelona,Spain,41.4101306,2.2188047,8.1,1560,180,1,1,1,1,1,1,0,0
789,H tel R de Paris Boutique Hotel,41 rue de Clichy 9th arr 75009 Paris France,Paris,France,48.8799239,2.3288332,9.1,533,245,1,0,1,1,1,1,0,0
790,Hotel Okura Amsterdam,Ferdinand Bolstraat 333 Oud Zuid 1072 LH Amsterdam Netherlands,Amsterdam,Netherlands,52.3487635,4.8938829,8.9,2295,235,1,1,1,1,1,1,1,0
791,Crowne Plaza London Ealing,Western Avenue Ealing London W5 1HG United Kingdom,London,United Kingdom,51.5403942,-0.3697581,8.5,944,250,1,0,1,0,1,1,0,0
792,Hotel Cavour,Via Fatebenefratelli 21 Milan City Center 20121 Milan Italy,Milan,Italy,45.4726942,9.1943911,8.5,2463,205,1,0,1,0,1,0,0,0
793,H tel Arvor Saint Georges,8 rue Laferriere 9th arr 75009 Paris France,Paris,France,48.8785454,2.3384866,8.7,493,260,1,0,0,0,1,0,0,0
794,M by Montcalm Shoreditch London Tech City,151 157 City Road Shoreditch Islington London EC1V 1JS United Kingdom,London,United Kingdom,51.5278465,-0.0889473,9.1,4802,265,1,1,1,1,1,1,0,0
795,Renaissance Amsterdam Hotel,Kattengat 1 Amsterdam City Center 1012 SZ Amsterdam Netherlands,Amsterdam,Netherlands,52.377955,4.894641,8.0,1710,210,1,0,0,0,1,1,1,0
796,Hotel Ambassador,K rntner Stra e 22 01 Innere Stadt 1010 Vienna Austria,Vienna,Austria,48.2057193,16.3710878,8.3,1279,195,1,0,1,0,1,1,1,0
797,Victoria Palace Hotel,6 Rue Blaise Desgoffe 6th arr 75006 Paris France,Paris,France,48.8457587,2.3243071,8.3,100,240,1,0,0,0,1,1,0,0
798,IH Hotels Milano Puccini,Corso Buenos Aires 33 Central Station 20124 Milan Italy,Milan,Italy,45.4794406,9.2096756,7.6,1577,165,1,0,0,0,1,1,0,0
799,H tel Thoumieux,79 rue Saint Dominique 7th arr 75007 Paris France,Paris,France,48.8595985,2.3088076,8.9,127,250,1,0,0,0,1,0,0,0
800,Hotel Principe Di Savoia,Piazza Della Repubblica 17 Central Station 20124 Milan Italy,Milan,Italy,45.479888,9.1962982,9.1,1543,235,1,1,1,1,1,1,0,0
801,The Park City Grand Plaza Kensington Hotel,18 30 Lexham Gardens Kensington and Chelsea London W8 5JE United Kingdom,London,United Kingdom,51.4954976,-0.1893691,8.3,667,230,1,0,0,0,1,0,0,0
802,Best Western Op ra Batignolles,165 rue de Rome 17th arr 75017 Paris France,Paris,France,48.8870573,2.3143297,7.6,859,220,1,0,0,0,1,0,0,0
803,Hilton Diagonal Mar Barcelona,Passeig del Taulat 262 264 Sant Mart 08019 Barcelona Spain,Barcelona,Spain,41.4084334,2.2178205,7.9,503,170,1,1,1,0,1,1,1,1
804,Novotel Wien City,Aspernbr ckengasse 1 02 Leopoldstadt 1020 Vienna Austria,Vienna,Austria,48.2134246,16.3831309,8.1,1632,185,1,0,0,0,1,1,0,0
805,Hotel SB Icaria Barcelona,Avinguda Icaria 195 Sant Mart 08005 Barcelona Spain,Barcelona,Spain,41.3935591,2.1993915,8.0,3633,165,1,1,1,1,1,1,0,0
806,The Pelham Starhotels Collezione,15 Cromwell Place Kensington and Chelsea London SW7 2LA United Kingdom,London,United Kingdom,51.4943935,-0.1750169,8.6,833,280,1,0,0,0,1,0,1,0
807,Hotel Regina,Via Cesare Correnti 13 Milan City Center 20123 Milan Italy,Milan,Italy,45.459485,9.179511,8.4,285,205,1,0,0,0,1,0,0,0
808,Holiday Inn Paris Gare de l Est,5 rue du 8 Mai 1945 10th arr 75010 Paris France,Paris,France,48.8758981,2.3590504,7.9,6511,210,1,0,0,0,1,1,0,0
809,BoB Hotel by Elegancia,30 rue Pernety 14th arr 75014 Paris France,Paris,France,48.8335233,2.3191194,9.0,271,225,1,0,0,0,1,0,0,0
810,UNA Hotel Mediterraneo,Via L Muratori 14 Porta Romana 20135 Milan Italy,Milan,Italy,45.451873,9.20548,8.2,1088,210,1,0,0,0,1,0,0,0
811,Hotel Monge,55 rue Monge 5th arr 75005 Paris France,Paris,France,48.8447938,2.3524462,9.4,386,240,1,0,0,1,1,0,0,0
812,Little Palace Hotel,4 rue Salomon de Caus 3rd arr 75003 Paris France,Paris,France,48.8675674,2.3539896,8.2,1377,215,1,0,0,0,1,0,0,0
813,NH Barcelona Stadium,Travessera de les Corts 150 152 Les Corts 08028 Barcelona Spain,Barcelona,Spain,41.3812574,2.1269078,8.1,1257,185,1,1,1,0,1,0,0,0
814,L Edmond H tel,22 avenue de Villiers 17th arr 75017 Paris France,Paris,France,48.8823111,2.3132374,8.2,174,230,0,0,0,0,1,0,0,0
815,Mercure Paris Pigalle Sacre Coeur,21 Boulevard De Clichy 9th arr 75009 Paris France,Paris,France,48.8823398,2.3364764,8.3,441,260,1,0,0,0,1,0,0,0
816,Zenit Borrell,Comte Borrell 208 Eixample 08029 Barcelona Spain,Barcelona,Spain,41.3859873,2.1514021,8.0,758,160,1,0,1,0,1,0,0,0
817,A La Villa Madame,44 Rue Madame 6th arr 75006 Paris France,Paris,France,48.8488608,2.3315257,8.8,185,230,0,0,0,0,1,0,0,0
818,Ohla Barcelona,Via Laietana 49 Ciutat Vella 08003 Barcelona Spain,Barcelona,Spain,41.3870479,2.174336,9.0,1346,205,1,1,1,0,1,0,0,0
819,Hotel Les Th tres,98 Rue De Clery 2nd arr 75002 Paris France,Paris,France,48.8694768,2.3515065,8.2,738,225,1,0,0,0,1,0,0,0
820,Phileas Hotel,24 Rue d Amsterdam 9th arr 75009 Paris France,Paris,France,48.8768854,2.3270623,8.7,1000,240,1,0,0,0,1,0,0,0
821,Grand Hotel Amr th Amsterdam,Prins Hendrikkade 108 Amsterdam City Center 1011 AK Amsterdam Netherlands,Amsterdam,Netherlands,52.3744149,4.9041443,8.3,1530,220,1,1,1,1,1,1,0,0
822,Hotel Well and Come,Girona 158 Eixample 08037 Barcelona Spain,Barcelona,Spain,41.3991773,2.1656134,9.0,1589,205,1,1,1,0,1,0,0,0
823,Mercure Vaugirard Paris Porte De Versailles,69 Boulevard Victor 15th arr 75015 Paris France,Paris,France,48.8330649,2.2879617,8.5,843,245,1,0,0,0,1,0,0,0
824,Four Seasons Hotel George V Paris,31 Avenue George V 8th arr 75008 Paris France,Paris,France,48.8687512,2.3001692,9.3,450,280,1,1,1,1,1,1,0,0
825,The LaLit London,181 Tooley Street Southwark London SE1 2JR United Kingdom,London,United Kingdom,51.5032524,-0.078179,9.3,136,245,1,0,0,0,1,0,0,0
826,citizenM London Bankside,20 Lavington Street Southwark London SE1 0NZ United Kingdom,London,United Kingdom,51.5051507,-0.1004724,9.1,3802,265,1,0,0,0,1,0,1,0
827,One Aldwych,1 Aldwych Westminster Borough London WC2B 4BZ United Kingdom,London,United Kingdom,51.5117832,-0.1194172,9.2,259,280,1,1,0,1,1,1,1,0
828,Crowne Plaza London The City,19 New Bridge Street City of London London EC4V 6DB United Kingdom,London,United Kingdom,51.5122429,-0.1045036,8.6,488,245,1,0,1,0,1,1,1,0
829,R Kipling by Happyculture,65 rue Blanche 9th arr 75009 Paris France,Paris,France,48.8820838,2.3315849,8.3,389,230,1,0,0,0,0,0,0,0
830,Grange Holborn Hotel,Southampton Row Bloomsbury Camden London WC1B 4AR United Kingdom,London,United Kingdom,51.519616,-0.1218432,8.4,845,235,1,1,1,1,1,1,0,0
831,The Ring Vienna s Casual Luxury Hotel,K rntner Ring 8 01 Innere Stadt 1010 Vienna Austria,Vienna,Austria,48.2017091,16.3710205,9.0,917,205,1,0,0,1,1,1,0,0
832,Le Relais Madeleine,11bis Rue Godot de Mauroy 9th arr 75009 Paris France,Paris,France,48.870961,2.3267678,8.7,479,245,1,0,0,0,1,0,0,0
833,Best Western Mornington Hotel Hyde Park,12 Lancaster Gate Lancaster Gate Westminster Borough London W2 3LG United Kingdom,London,United Kingdom,51.5119933,-0.1782794,8.0,2418,230,1,0,0,0,1,0,0,0
834,Holiday Inn London Camden Lock,30 Jamestown Road Camden London NW1 7BY United Kingdom,London,United Kingdom,51.5404555,-0.1460833,8.6,1572,255,1,0,0,0,1,0,0,0
835,Park Hyatt Paris Vendome,5 rue de la Paix 2nd arr 75002 Paris France,Paris,France,48.8688155,2.3305236,8.9,124,280,0,0,0,0,1,0,0,0
836,The Chess Hotel,6 rue du Helder 9th arr 75009 Paris France,Paris,France,48.8716017,2.3349768,8.7,1005,245,1,0,0,0,1,0,0,0
837,Windsor Hotel Milano,Via Galileo Galilei 2 Central Station 20124 Milan Italy,Milan,Italy,45.4794587,9.1951427,8.5,2601,195,1,0,0,0,1,0,0,0
838,The Zetter Townhouse Marylebone,28 30 Seymour Street Westminster Borough London W1H 7JB United Kingdom,London,United Kingdom,51.514839,-0.1586656,9.3,180,275,0,0,0,0,1,0,0,0
839,H tel Mathis Elys es,3 rue de Ponthieu 8th arr 75008 Paris France,Paris,France,48.8700325,2.3112736,8.7,652,260,1,0,0,0,1,0,0,0
840,Holiday Inn London Stratford City,10a Chestnut Plaza Westfield Stratford City Olympic Park Newham London E20 1GL United Kingdom,London,United Kingdom,51.5426054,-0.0072708,8.7,2130,250,1,0,0,0,1,1,0,0
841,Renaissance Paris Arc de Triomphe Hotel,39 Avenue de Wagram 17th arr 75017 Paris France,Paris,France,48.8772093,2.2968266,8.4,214,250,1,0,0,0,1,1,0,0
842,Clayton Hotel Chiswick,626 Chiswick High St Chiswick London W4 5RY United Kingdom,London,United Kingdom,51.4924184,-0.2784701,8.5,1944,260,1,0,0,0,1,1,0,0
843,Mokinba Hotels Montebianco,Via Monte Rosa 90 Fiera Milano City 20149 Milan Italy,Milan,Italy,45.4788051,9.1446276,7.5,761,175,1,0,0,0,1,0,0,0
844,Club Quarters Hotel Gracechurch,7 Gracechurch Street City of London London EC3V 0DR United Kingdom,London,United Kingdom,51.5127964,-0.0847973,8.2,2996,235,1,0,1,0,1,1,1,0
845,St George Hotel,49 Gloucester Place Marble Arch Westminster Borough London W1U 8JE United Kingdom,London,United Kingdom,51.5182768,-0.1583511,7.4,334,195,1,0,0,0,1,0,0,0
846,Style Hotel,Via delle Erbe 1 Milan City Center 20121 Milan Italy,Milan,Italy,45.4708973,9.1840992,7.7,305,180,1,0,1,1,1,0,0,0
847,Catalonia Port,Ample 1 Pla a Duc de Medinaceli Ciutat Vella 08002 Barcelona Spain,Barcelona,Spain,41.378751,2.17873,8.8,701,185,1,1,0,1,1,0,0,0
848,Atala Champs Elys es,10 rue Chateaubriand 8th arr 75008 Paris France,Paris,France,48.8735418,2.302442,8.2,123,265,1,0,1,0,1,0,0,0
849,Best Western Plus 61 Paris Nation Hotel,61 rue de la Voute 12th arr 75012 Paris France,Paris,France,48.8465653,2.4102405,7.7,795,195,1,0,0,0,1,0,0,0
850,Ilunion Almirante,Via Laietana 42 Ciutat Vella 08003 Barcelona Spain,Barcelona,Spain,41.3860521,2.176157,7.1,1484,160,1,0,1,0,1,0,0,0
851,The Leonard Hotel,15 Seymour Street Westminster Borough London W1H 7JW United Kingdom,London,United Kingdom,51.5147071,-0.1578291,8.2,1330,250,1,0,0,0,1,1,0,0
852,Mercure Paris Montmartre Sacr Coeur,3 Rue Caulaincourt 18th arr 75018 Paris France,Paris,France,48.8852794,2.3301021,8.4,1652,250,1,0,0,0,1,0,0,0
853,Hotel Louis 2,2 Rue Saint Sulpice 6th arr 75006 Paris France,Paris,France,48.8516148,2.3381293,8.4,265,225,1,0,0,0,1,0,0,0
854,Pestana Chelsea Bridge Hotel Spa,354 Queenstown Road Battersea London SW8 4AE United Kingdom,London,United Kingdom,51.4815995,-0.1481053,8.6,1686,270,1,1,1,1,1,1,0,0
855,Hotel Am Stephansplatz,Stephansplatz 9 01 Innere Stadt 1010 Vienna Austria,Vienna,Austria,48.2087646,16.3721138,9.3,520,205,1,0,0,0,1,0,0,0
856,Le Littr,9 Rue Littr 6th arr 75006 Paris France,Paris,France,48.8454447,2.3242814,8.6,304,240,1,0,0,0,1,0,0,0
857,Best Western Hotel Mirage,Viale Certosa 104 106 Certosa 20156 Milan Italy,Milan,Italy,45.4947129,9.1418864,8.5,785,200,1,0,0,0,1,0,0,0
858,Occidental Atenea Mar Adults Only,Paseo Garc a Faria 37 47 Sant Mart 08019 Barcelona Spain,Barcelona,Spain,41.4023621,2.2119049,8.2,2500,180,1,1,1,1,1,1,0,0
859,InterContinental Paris Le Grand,2 Rue Scribe 9th arr 75009 Paris France,Paris,France,48.8708391,2.3303651,8.8,833,265,1,0,0,1,1,1,1,0
860,H tel De Castiglione,38 Rue Du Faubourg Saint Honore 8th arr 75008 Paris France,Paris,France,48.8691758,2.3205807,7.2,1168,185,1,0,0,0,1,1,0,0
861,Mercure Paris Tour Eiffel Pont Mirabeau,10 Avenue Emile Zola 15th arr 75015 Paris France,Paris,France,48.8460269,2.2788281,8.0,259,255,1,0,0,0,1,0,0,0
862,Hilton London Euston,17 18 Upper Woburn Place Camden London WC1H 0HT United Kingdom,London,United Kingdom,51.5265189,-0.1303689,7.4,843,230,1,0,1,0,1,1,0,0
863,Radisson Blu Edwardian Kenilworth,97 Great Russell Street Bloomsbury Camden London WC1B 3LB United Kingdom,London,United Kingdom,51.5179725,-0.1280495,8.2,2011,250,1,0,0,0,1,1,0,0
864,Hilton London Angel Islington,53 Upper Street Islington London N1 0UY United Kingdom,London,United Kingdom,51.5360906,-0.1048176,8.6,1462,250,1,0,0,0,1,1,0,0
865,Park Grand London Lancaster Gate,14 16 Craven Hill Lancaster Gate Westminster Borough London W2 3DU United Kingdom,London,United Kingdom,51.5132069,-0.1807816,8.8,1519,250,1,0,0,0,1,0,0,0
866,Golden Tulip Washington Opera,50 rue de Richelieu 1st arr 75001 Paris France,Paris,France,48.866242,2.3373169,8.3,542,255,1,0,0,0,1,1,0,0
867,H tel Ad le Jules,2 4bis Cit Rougemont 9th arr 75009 Paris France,Paris,France,48.8721062,2.3451384,9.1,376,290,1,0,0,0,1,0,0,0
868,11 Cadogan Gardens,11 Cadogan Gardens Sloane Square Kensington and Chelsea London SW3 2RJ United Kingdom,London,United Kingdom,51.4936161,-0.1592347,8.7,393,250,1,0,1,0,1,1,0,0
869,Grand Hotel Saint Michel,19 Rue Cujas 5th arr 75005 Paris France,Paris,France,48.8478399,2.342254,8.8,625,225,1,0,1,1,1,0,0,0
870,Jaz Amsterdam,De Passage 90 Noord Holland Zuidoost 1101 AX Amsterdam Netherlands,Amsterdam,Netherlands,52.314371,4.9388064,8.9,7108,215,1,0,1,1,1,1,0,0
871,The Westbury A Luxury Collection Hotel Mayfair London,Bond Street Mayfair Westminster Borough London W1S 2YF United Kingdom,London,United Kingdom,51.5144418,-0.146432,8.2,715,250,1,0,1,0,1,1,0,0
872,H10 Art Gallery 4 Sup,Enric Granados 62 64 Eixample 08008 Barcelona Spain,Barcelona,Spain,41.392018,2.157066,8.8,1693,185,1,1,1,0,1,0,0,0
873,St George s Hotel Wembley,43 51 Wembley Hill Road Brent London HA9 8AU United Kingdom,London,United Kingdom,51.5553678,-0.2864945,8.9,2274,235,1,0,0,0,1,0,0,0
874,Aparthotel Atenea Barcelona,Joan G ell 207 211 Les Corts 08028 Barcelona Spain,Barcelona,Spain,41.3862689,2.1291786,8.0,1098,160,1,0,0,0,1,1,0,0
875,Hotel Indigo London Kensington,34 44 Barkston Gardens Kensington and Chelsea London SW5 0EW United Kingdom,London,United Kingdom,51.4920287,-0.1917801,9.1,975,255,1,0,0,0,1,0,0,0
876,TRYP Paris Op ra,3 Boulevard Montmartre 2nd arr 75002 Paris France,Paris,France,48.8713619,2.3426375,7.8,414,230,1,0,0,0,1,0,0,0
877,NH Collection Amsterdam Doelen,Nieuwe Doelenstraat 24 Amsterdam City Center 1012 CP Amsterdam Netherlands,Amsterdam,Netherlands,52.3681919,4.8957609,8.8,1251,220,1,0,1,0,1,1,0,0
878,Millennium Hotel Paris Opera,12 Boulevard Haussmann 9th arr 75009 Paris France,Paris,France,48.8724588,2.3378004,7.8,515,225,1,0,0,0,1,0,1,0
879,Bilderberg Garden Hotel,Dijsselhofplantsoen 7 Oud Zuid 1077 BJ Amsterdam Netherlands,Amsterdam,Netherlands,52.3511447,4.8740764,8.1,2270,195,1,0,1,0,1,1,0,0
880,H tel Raphael,17 Avenue Kl ber 16th arr 75016 Paris France,Paris,France,48.8713239,2.2937849,8.7,282,275,1,0,0,0,1,1,0,0
881,Best Western Blue Tower Hotel,Leeuwendalersweg 21 Bos en Lommer 1055 JE Amsterdam Netherlands,Amsterdam,Netherlands,52.3793659,4.8457179,7.4,3869,185,1,0,0,0,1,0,0,0
882,Meli Milano,Via Masaccio 19 Fiera Milano City 20149 Milan Italy,Milan,Italy,45.4792738,9.1459546,8.3,984,215,1,1,0,1,1,0,1,0
883,Holiday Inn London Regent s Park,Carburton Street Westminster Borough London W1W 5EE United Kingdom,London,United Kingdom,51.5222472,-0.1426128,8.2,2266,245,1,0,0,0,1,1,0,0
884,La Villa des Ternes,97 avenue des Ternes 17th arr 75017 Paris France,Paris,France,48.8803479,2.2858242,8.6,937,260,1,0,0,0,1,0,0,1
885,Hotel Palace GL,Gran Via de les Corts Catalanes 668 Eixample 08010 Barcelona Spain,Barcelona,Spain,41.3916258,2.1716378,9.4,1266,205,1,1,0,1,1,1,0,0
886,Austria Trend Hotel Park Royal Palace Vienna,Schlossallee 8 14 Penzing 1140 Vienna Austria,Vienna,Austria,48.191339,16.3165873,8.8,3667,190,1,0,1,1,1,0,1,0
887,Upper Diagonal,Manuel Girona 7 21 Sarri St Gervasi 08034 Barcelona Spain,Barcelona,Spain,41.39038,2.121,8.8,868,185,1,1,1,0,1,1,0,0
888,Boutique Hotel Notting Hill,Westeinde 26 Amsterdam City Center 1017 ZP Amsterdam Netherlands,Amsterdam,Netherlands,52.3583821,4.8988777,8.4,2085,205,1,0,0,0,1,0,0,0
889,Le M ridien Barcelona,Ramblas 111 Ciutat Vella 08002 Barcelona Spain,Barcelona,Spain,41.3837453,2.171014,8.2,451,185,1,1,0,1,1,1,0,0
890,Mercure Paris Alesia,185 Boulevard Brune 14th arr 75014 Paris France,Paris,France,48.8237487,2.324056,8.4,589,200,1,0,0,0,1,0,0,0
891,Hotel Xanadu,26 42 Bond Street Ealing London W5 5AA United Kingdom,London,United Kingdom,51.5117907,-0.306071,8.6,269,270,0,0,0,0,1,0,0,0
892,H tel Duo,11 Rue Du Temple 4th arr 75004 Paris France,Paris,France,48.8581186,2.3529369,8.6,883,240,1,0,0,0,1,0,0,0
893,Crowne Plaza Amsterdam South,George Gershwinlaan 101 Zuideramstel 1082 MT Amsterdam Netherlands,Amsterdam,Netherlands,52.3357326,4.8743947,9.0,1349,235,1,0,0,0,1,0,1,0
894,Arioso,7 rue d Argenson 8th arr 75008 Paris France,Paris,France,48.8746066,2.3167195,8.4,218,250,1,0,0,0,1,0,0,0
895,Hyatt Regency Paris Etoile,3 Place du G n ral Koenig 17th arr 75017 Paris France,Paris,France,48.8802782,2.2843852,7.1,3973,210,1,0,0,0,1,1,0,0
896,Best Western Hotel City,Corso Buenos Aires 42 5 Central Station 20124 Milan Italy,Milan,Italy,45.4858877,9.2042827,8.4,1193,190,1,0,0,0,1,0,0,0
897,Eiffel Trocad ro,35 Rue Benjamin Franklin 16th arr 75016 Paris France,Paris,France,48.8613055,2.2862823,8.0,435,215,1,0,0,1,1,0,0,0
898,Mercure Paris Place d Italie,25 Boulevard Auguste Blanqui 13th arr 75013 Paris France,Paris,France,48.830196,2.3529539,7.9,192,240,1,0,0,0,1,0,0,0
899,Fletcher Hotel Amsterdam,Schepenbergweg 50 Zuidoost 1105 AT Amsterdam Netherlands,Amsterdam,Netherlands,52.2924567,4.9444338,7.8,3773,210,1,0,0,0,1,1,0,0
900,Villa Montparnasse,2 Rue Boulard 14th arr 75014 Paris France,Paris,France,48.8349272,2.3295913,7.6,300,235,1,0,0,0,1,0,0,0
901,Okko Hotels Paris Porte De Versailles,2 Rue du Colonel Pierre Avia 15th arr 75015 Paris France,Paris,France,48.8327729,2.2787597,9.2,257,260,1,0,0,0,1,0,0,0
902,Hilton Amsterdam,Apollolaan 138 Oud Zuid 1077 BG Amsterdam Netherlands,Amsterdam,Netherlands,52.351381,4.872723,8.3,1064,235,1,1,1,1,1,1,1,0
903,Radisson Blu Edwardian Grafton,130 Tottenham Court Road Camden London W1T 5AY United Kingdom,London,United Kingdom,51.5241386,-0.1380807,8.3,2826,225,1,0,0,0,1,1,0,0
904,K K Hotel George,1 15 Templeton Place Earl s Court Kensington and Chelsea London SW5 9NB United Kingdom,London,United Kingdom,51.4918878,-0.1949706,8.5,1831,250,1,0,1,0,1,0,0,0
905,Grand Royale London Hyde Park,1 Inverness Terrace Westminster Borough London W2 3JP United Kingdom,London,United Kingdom,51.5109945,-0.1863417,7.7,6539,230,1,0,0,0,1,0,1,0
906,Hazlitt s,6 Frith Street Soho Westminster Borough London W1D 3JA United Kingdom,London,United Kingdom,51.5143447,-0.1318157,9.0,465,255,1,0,0,0,1,1,0,0
907,The Ritz Carlton Vienna,Schubertring 5 7 01 Innere Stadt 1010 Vienna Austria,Vienna,Austria,48.2022742,16.3762615,8.9,470,215,1,1,0,1,1,0,1,0
908,Garden Elys e,12 rue Saint Didier 16th arr 75016 Paris France,Paris,France,48.8663444,2.2881979,8.5,378,260,1,0,0,0,1,0,0,0
909,H tel Gustave,34 Rue Viala 15th arr 75015 Paris France,Paris,France,48.8502052,2.289043,8.8,625,230,1,0,0,0,1,1,0,0
910,Best Western Premier Op ra Li ge,9 Rue De Li ge 9th arr 75009 Paris France,Paris,France,48.8795947,2.3280695,8.7,641,250,1,0,0,0,1,1,0,0
911,Acta CITY47,Nicaragua 47 Sants Montju c 08029 Barcelona Spain,Barcelona,Spain,41.383515,2.1407396,8.1,2436,170,1,0,1,0,1,0,0,0
912,Hilton Milan,Via Luigi Galvani 12 Central Station 20124 Milan Italy,Milan,Italy,45.4862032,9.200322,8.2,988,200,1,0,0,0,1,1,1,0
913,Caesar Hotel,26 33 Queens Gardens Westminster Borough London W2 3BE United Kingdom,London,United Kingdom,51.5134603,-0.1833081,8.2,1164,225,1,0,0,0,1,1,0,0
914,Mandarin Oriental Hyde Park London,66 Knightsbridge Westminster Borough London SW1X 7LA United Kingdom,London,United Kingdom,51.5022081,-0.1599428,8.5,217,250,1,1,0,0,1,1,0,0
915,The Laslett,8 Pembridge Garden Kensington and Chelsea London W2 4DU United Kingdom,London,United Kingdom,51.5095259,-0.1967234,8.9,623,265,1,0,0,0,1,1,0,0
916,The Langham London,Portland Place Westminster Borough London W1B 1JA United Kingdom,London,United Kingdom,51.517876,-0.1440647,9.3,1276,290,1,1,0,1,1,1,1,0
917,Best Western The Boltons Hotel London Kensington,19 21 Penywern Road Kensington and Chelsea London SW5 9TT United Kingdom,London,United Kingdom,51.4907493,-0.1934627,7.7,1573,230,1,0,0,0,1,0,0,0
918,Best Western S vres Montparnasse,153 Rue De Vaugirard 15th arr 75015 Paris France,Paris,France,48.843707,2.3155631,7.8,1544,210,1,0,0,0,1,0,0,0
919,Hotel Lam e,Rotenturmstra e 15 01 Innere Stadt 1010 Vienna Austria,Vienna,Austria,48.2102677,16.3741269,8.7,866,215,1,0,0,0,1,0,0,0
920,Bilderberg Hotel Jan Luyken,Jan Luykenstraat 58 Oud Zuid 1071 CS Amsterdam Netherlands,Amsterdam,Netherlands,52.3599196,4.8810128,8.3,1207,225,1,0,0,0,1,0,0,0
921,Hilton Vienna,Am Stadtpark 1 03 Landstra e 1030 Vienna Austria,Vienna,Austria,48.2062268,16.3833767,8.0,3078,205,1,0,1,1,1,1,1,0
922,The Guesthouse Vienna,F hrichgasse 10 01 Innere Stadt 1010 Vienna Austria,Vienna,Austria,48.2051299,16.369036,9.4,951,195,1,0,0,0,1,1,0,0
923,The Rembrandt,11 Thurloe Place Knightsbridge Kensington and Chelsea London SW7 2RS United Kingdom,London,United Kingdom,51.4959227,-0.1702917,8.5,1802,260,1,1,1,1,1,1,1,0
924,London Marriott Hotel County Hall,London County Hall Westminster Bridge Road Lambeth London SE1 7PB United Kingdom,London,United Kingdom,51.5016102,-0.1191545,8.5,573,265,1,1,0,1,1,1,0,0
925,Hampshire Hotel Rembrandt Square Amsterdam,Amstelstraat 17 Amsterdam City Center 1017 DA Amsterdam Netherlands,Amsterdam,Netherlands,52.3663466,4.8985764,7.8,2591,215,1,0,0,0,1,0,0,0
926,Arthotel ANA Prime,Sch nbrunner Stra e 41 05 Margareten 1050 Vienna Austria,Vienna,Austria,48.1925582,16.3576071,8.4,1813,190,1,0,0,0,1,0,0,0
927,Shangri La Hotel at The Shard London,31 St Thomas Street Southwark London SE1 9QU United Kingdom,London,United Kingdom,51.5044972,-0.0855562,9.4,2200,295,1,1,1,1,1,1,0,0
928,Hotel Carlton s Montmartre,55 Bld Rochechouart 9th arr 75009 Paris France,Paris,France,48.8819068,2.3410005,7.8,559,200,1,0,0,0,1,0,0,0
929,Hotel Seven One Seven,Prinsengracht 717 Amsterdam City Center 1017 JW Amsterdam Netherlands,Amsterdam,Netherlands,52.3648077,4.8853962,8.8,61,230,1,0,0,0,1,0,0,0
930,Hotel Le Pera,17 Rue de Caumartin 9th arr 75009 Paris France,Paris,France,48.871309,2.3277079,7.8,229,240,1,0,0,0,1,0,0,0
931,Kube Hotel Ice Bar,1 5 Passage Ruelle 18th arr 75018 Paris France,Paris,France,48.88657,2.3588332,7.2,197,205,1,0,0,0,1,0,0,0
932,Comfort Inn Suites Kings Cross St Pancras,31 33 Argyle Street Camden London WC1H 8EP United Kingdom,London,United Kingdom,51.5289499,-0.1232979,8.1,1116,230,1,0,0,0,1,0,0,0
933,Hotel Rekord,Muntaner 352 Sarri St Gervasi 08021 Barcelona Spain,Barcelona,Spain,41.3985449,2.1438237,8.1,461,165,1,0,0,0,1,0,0,0
934,Catalonia Rigoletto,Sabino de Arana 22 24 Les Corts 08028 Barcelona Spain,Barcelona,Spain,41.385817,2.1256789,8.6,1562,185,1,1,0,0,1,1,0,0
935,Best Western Premier Marais Grands Boulevards,112 boulevard de S bastopol 3rd arr 75003 Paris France,Paris,France,48.8687425,2.3541761,8.3,1408,250,1,0,0,0,1,0,0,0
936,Best Western Hotel Major,Viale Isonzo 2 Porta Romana 20135 Milan Italy,Milan,Italy,45.4472099,9.2090967,8.1,1107,170,1,0,0,0,1,0,0,0
937,Novotel Suites Paris Nord 18 me,1 Impasse Marteau 18th arr 75018 Paris France,Paris,France,48.9015941,2.3597783,7.4,1082,210,1,0,0,0,1,0,0,0
938,City Rooms,Daungasse 1 6 7 08 Josefstadt 1080 Vienna Austria,Vienna,Austria,48.2133296,16.3471399,7.9,414,165,1,0,0,0,1,0,0,0
939,Strandhotel Alte Donau,Wagramer Stra e 51 22 Donaustadt 1220 Vienna Austria,Vienna,Austria,48.2390022,16.4292329,9.1,216,205,1,0,0,0,1,0,0,0
940,Majestic Hotel Spa Barcelona GL,Passeig de Gracia 68 Eixample 08007 Barcelona Spain,Barcelona,Spain,41.3935179,2.1639813,8.9,1769,190,1,1,1,1,1,0,0,0
941,Brunelleschi Hotel,Via Baracchini 12 Milan City Center 20123 Milan Italy,Milan,Italy,45.461177,9.191047,8.3,3720,190,1,0,1,0,1,0,0,0
942,Amarante Champs Elys es,19 Rue Vernet 8th arr 75008 Paris France,Paris,France,48.8717649,2.2983855,7.7,464,235,1,0,0,0,1,0,0,0
943,Hotel Michelangelo,Piazza Luigi di Savoia 6 Central Station 20124 Milan Italy,Milan,Italy,45.4845143,9.2057532,8.4,3510,195,1,0,0,1,1,1,0,0
944,Banks Mansion All Inclusive Hotel,Herengracht 519 525 Amsterdam City Center 1017 BV Amsterdam Netherlands,Amsterdam,Netherlands,52.3653868,4.8931979,9.2,803,205,1,0,0,0,1,0,1,0
945,Amadi Panorama Hotel,Ijburglaan 539 Zeeburg 1087 BE Amsterdam Netherlands,Amsterdam,Netherlands,52.3588806,4.9886041,8.4,2586,205,1,0,0,0,1,0,0,0
946,Hotel Bachaumont,18 rue Bachaumont 2nd arr 75002 Paris France,Paris,France,48.8663208,2.3450399,8.8,625,240,1,0,1,0,1,0,0,0
947,Saint James Albany Paris Hotel Spa,202 rue de Rivoli 1st arr 75001 Paris France,Paris,France,48.8642689,2.3308179,8.0,2868,220,1,1,1,1,1,1,0,0
948,Sloane Square Hotel,Sloane Square Kensington and Chelsea London SW1W 8EG United Kingdom,London,United Kingdom,51.4927325,-0.1573708,8.2,1140,245,1,0,0,0,1,0,0,0
949,Tryp Barcelona Condal Mar Hotel,Crist bal de Moura 138 Sant Mart 08019 Barcelona Spain,Barcelona,Spain,41.4126508,2.2090895,8.1,660,155,1,1,1,1,1,1,0,0
950,H10 Port Vell 4 Sup,Pas de Sota Muralla 9 Ciutat Vella 08003 Barcelona Spain,Barcelona,Spain,41.3815625,2.1838458,9.2,1261,195,1,1,1,0,1,0,0,0
951,H tel de Lille,40 rue de Lille 7th arr 75007 Paris France,Paris,France,48.8585626,2.3299138,8.9,533,270,1,0,0,0,1,0,0,0
952,Le Pradey,5 Rue Saint Roch 1st arr 75001 Paris France,Paris,France,48.8645309,2.3315532,8.8,267,240,1,0,0,0,1,0,0,0
953,Melia Barcelona Sky 4 Sup,Diagonal Pere IV 272 Sant Mart 08005 Barcelona Spain,Barcelona,Spain,41.4061636,2.2008956,8.4,217,175,0,1,0,0,1,0,0,0
954,Acca Palace,Via Giovanni Nicotera 9 Niguarda 20161 Milan Italy,Milan,Italy,45.5099969,9.1739942,8.5,1886,185,1,0,0,0,1,0,0,0
955,Mercure Paris Arc de Triomphe Etoile,27 avenue des Ternes 17th arr 75017 Paris France,Paris,France,48.8782679,2.294852,7.9,145,195,1,0,0,0,1,0,0,0
956,Millennium Copthorne Hotels at Chelsea Football Club,Fulham Road Stamford Bridge Hammersmith and Fulham London SW6 1HS United Kingdom,London,United Kingdom,51.481663,-0.1909565,8.2,1842,245,1,0,0,0,1,1,0,0
957,Arion Cityhotel Vienna und Appartements,Hintschiggasse 1 10 Favoriten 1100 Vienna Austria,Vienna,Austria,48.1585332,16.3451115,8.1,3887,165,1,0,0,0,1,0,0,0
958,Le Meurice,228 Rue De Rivoli 1st arr 75001 Paris France,Paris,France,48.8653685,2.328218,9.3,166,255,1,0,0,0,1,0,0,0
959,Sir Albert Hotel,Albert Cuypstraat 2 6 Oud Zuid 1072 CT Amsterdam Netherlands,Amsterdam,Netherlands,52.3544507,4.8875036,8.8,1068,230,1,0,0,0,1,1,0,0
960,Grange Beauchamp Hotel,24 27 Bedford Place Bloomsbury Camden London WC1B 5JH United Kingdom,London,United Kingdom,51.5203266,-0.1245891,8.6,761,255,1,0,0,0,1,1,0,0
961,Hilton London Bankside,2 8 Great Suffolk Street Southwark London SE1 0UG United Kingdom,London,United Kingdom,51.5056956,-0.101525,9.3,2319,285,1,1,1,0,1,1,1,0
962,La Maison Champs Elys es,8 Rue Jean Goujon 8th arr 75008 Paris France,Paris,France,48.866676,2.3089908,8.8,372,245,1,0,0,0,1,0,0,0
963,The Athenaeum,116 Piccadilly Westminster Borough London W1J 7BJ United Kingdom,London,United Kingdom,51.504716,-0.1475618,8.1,364,265,0,0,1,1,1,1,0,0
964,Grosvenor House Suites by Jumeirah Living,86 Park Lane Westminster Borough London W1K 7TN United Kingdom,London,United Kingdom,51.509841,-0.1552193,8.7,303,285,1,0,0,1,1,0,0,0
965,Hotel Romana Residence,Corso di Porta Romana 64 Milan City Center 20122 Milan Italy,Milan,Italy,45.4572218,9.1937008,7.8,2241,175,1,0,0,0,1,0,0,0
966,Hotel Parco di Sch nbrunn Vienna,Ratschkygasse 32 12 Meidling 1120 Vienna Austria,Vienna,Austria,48.1776236,16.3243588,7.9,576,155,1,0,0,0,1,0,0,0
967,The Cumberland A Guoman Hotel,Great Cumberland Place Westminster Borough London W1H 7DL United Kingdom,London,United Kingdom,51.514879,-0.1606501,7.5,5180,245,1,0,0,0,1,1,1,0
968,H tel Regina Op ra Grands Boulevards,11 Bis rue Mazagran 10th arr 75010 Paris France,Paris,France,48.8708508,2.3515882,7.9,287,230,1,0,0,0,1,0,0,0
969,Das Opernring Hotel,Opernring 11 01 Innere Stadt 1010 Vienna Austria,Vienna,Austria,48.2026449,16.3671054,8.9,1267,180,1,0,0,0,1,0,0,0
970,Artus Hotel by MH,34 Rue de Buci 6th arr 75006 Paris France,Paris,France,48.8535639,2.3360169,9.0,261,255,0,0,0,0,1,0,0,0
971,London Marriott Hotel Kensington,147 Cromwell Road Kensington and Chelsea London SW5 0TH United Kingdom,London,United Kingdom,51.4944849,-0.1884174,8.0,449,240,1,0,0,0,1,1,1,0
972,Col n Hotel Barcelona,Avinguda Catedral 7 Ciutat Vella 08002 Barcelona Spain,Barcelona,Spain,41.3849613,2.1756666,8.9,1300,205,1,1,0,1,1,0,0,0
973,H tel Montmartre Mon Amour,7 Rue Paul Albert 18th arr 75018 Paris France,Paris,France,48.886687,2.3449332,8.1,494,225,1,0,0,0,1,0,0,0
974,H tel Bel Ami,7 11 Rue Saint Benoit 6th arr 75006 Paris France,Paris,France,48.8550298,2.3332104,8.6,525,275,1,0,1,1,1,0,0,0
975,Hotel Design Secret de Paris,2 Rue De Parme 9th arr 75009 Paris France,Paris,France,48.8814056,2.3282568,9.2,618,260,0,0,1,1,1,0,0,0
976,Bloomsbury Palace Hotel,29 31 Gower Street Camden London WC1E 6HG United Kingdom,London,United Kingdom,51.5207945,-0.1310845,6.8,2751,195,1,0,0,0,1,0,0,0
977,ARCOTEL Kaiserwasser Superior,Wagramer Stra e 8 22 Donaustadt 1220 Vienna Austria,Vienna,Austria,48.231915,16.417026,8.6,1257,200,1,0,1,1,1,0,1,1
978,Terrass H tel Montmartre by MH,12 14 Rue Joseph De Maistre 18th arr 75018 Paris France,Paris,France,48.8865626,2.3329648,9.0,707,290,1,0,0,0,1,1,0,0
979,NH Wien City,Mariahilfer Stra e 32 34 07 Neubau 1070 Vienna Austria,Vienna,Austria,48.2002872,16.3547746,8.4,1538,195,1,0,1,1,1,0,0,0
980,Georgian House Hotel,35 39 St Georges Drive Westminster Borough London SW1V 4DG United Kingdom,London,United Kingdom,51.490724,-0.143868,8.4,918,230,1,0,0,0,1,0,0,0
981,The Lodge Hotel Putney,52 54 Upper Richmond Road Wandsworth London SW15 2RN United Kingdom,London,United Kingdom,51.4572991,-0.2055425,8.2,525,265,1,0,0,0,1,1,0,0
982,Le Marquis Eiffel,15 Rue Dupleix 15th arr 75015 Paris France,Paris,France,48.8516619,2.2979395,8.8,489,255,1,0,0,0,1,0,0,0
983,Hotel Chavanel,22 Rue Tronchet 8th arr 75008 Paris France,Paris,France,48.8721692,2.3262681,8.7,130,275,0,0,0,0,0,0,0,0
984,Apex Temple Court Hotel,1 2 Serjeant s Inn Fleet Street City of London London EC4Y 1LL United Kingdom,London,United Kingdom,51.5137335,-0.1087512,9.2,2619,290,1,0,0,0,1,0,1,0
985,Simply Rooms Suites,21 Avonmore Road Kensington Hammersmith and Fulham London W14 8RP United Kingdom,London,United Kingdom,51.4944875,-0.2070605,7.7,226,200,1,0,0,0,1,0,0,0
986,Dorsett Shepherds Bush,58 Shepherds Bush Green Hammersmith and Fulham London W12 8QE United Kingdom,London,United Kingdom,51.5039399,-0.2244232,8.6,2890,230,1,0,0,1,1,1,0,0
987,Rocco Forte Brown s Hotel,33 Albemarle Street Mayfair Westminster Borough London W1S 4BP United Kingdom,London,United Kingdom,51.5090558,-0.1421661,9.1,127,290,1,0,0,0,1,1,0,0
988,Le Grey Hotel,12 rue de Parme 9th arr 75009 Paris France,Paris,France,48.881407,2.3274204,9.0,393,250,1,0,0,0,1,0,0,0
989,Ozo Hotel,Karspeldreef 2 Zuidoost 1101 CJ Amsterdam Netherlands,Amsterdam,Netherlands,52.3047669,4.9476868,7.6,3383,200,1,0,1,0,1,1,0,0
990,The Tophams Hotel,28 Ebury Street Westminster Borough London SW1W 0LU United Kingdom,London,United Kingdom,51.4957436,-0.1477528,6.6,411,210,1,0,0,0,1,0,0,0
991,DoubleTree by Hilton Hotel London Tower of London,7 Pepys Street City of London London EC3N 4AF United Kingdom,London,United Kingdom,51.5108412,-0.0780581,8.7,7491,250,1,0,0,0,1,1,1,0
992,Petit Palais Hotel De Charme,Via Molino Delle Armi 1 Angolo Corso Italia Milan City Center 20123 Milan Italy,Milan,Italy,45.4559784,9.1871812,8.5,422,205,1,0,0,0,1,0,0,0
993,Hotel Milano Scala,Via dell Orso 7 Milan City Center 20121 Milan Italy,Milan,Italy,45.4689376,9.1868891,8.8,1274,200,1,0,0,0,1,0,0,0
994,Grange Buckingham Hotel,39 40 Bedford Place Bloomsbury Camden London WC1B 5JT United Kingdom,London,United Kingdom,51.5196124,-0.1239628,8.5,128,275,1,0,0,0,0,0,0,0
995,The One Barcelona GL,277 Carrer de Proven a Eixample 08037 Barcelona Spain,Barcelona,Spain,41.3961448,2.1631674,9.4,332,200,1,1,1,1,1,1,0,0
996,Aloft London Excel,One Eastern Gateway Royal Victoria Dock Newham London E16 1FR United Kingdom,London,United Kingdom,51.5083719,0.0355768,8.7,2332,280,1,1,1,1,1,1,0,0
997,Hotel Ronda Lesseps,Ballester 77 81 Gr cia 08023 Barcelona Spain,Barcelona,Spain,41.408641,2.1478143,7.4,867,150,1,0,0,0,1,0,0,0
998,The Connaught,Carlos Place Westminster Borough London W1K 2AL United Kingdom,London,United Kingdom,51.5101556,-0.1496314,9.3,147,275,0,0,0,1,1,0,0,0
999,Hotel Le Squara,3 rue Lepic 18th arr 75018 Paris France,Paris,France,48.884165,2.3328261,8.3,776,240,1,0,0,0,1,0,0,0
