hotel_id,aspect,sentiment,mention_count,pos_count,neg_count,is_facility
0,wifi,0.395,38,15,23,1
0,gym,0.0,1,0,1,1
0,restaurant,0.714,35,25,10,1
0,room_service,0.0,1,0,1,1
0,lounge,0.0,2,0,2,1
0,staff,0.819,277,227,50,0
0,cleanliness,0.857,175,150,25,0
0,location,0.907,313,284,29,0
0,room_comfort,0.49,420,206,214,0
0,value,0.581,93,54,39,0
0,noise,0.453,106,48,58,0
0,breakfast,0.376,117,44,73,0
1,wifi,0.286,21,6,15,1
1,gym,0.0,5,0,5,1
1,restaurant,0.7,20,14,6,1
1,room_service,0.5,6,3,3,1
1,lounge,1.0,2,2,0,1
1,event_space,0.5,2,1,1,1
1,staff,0.698,212,148,64,0
1,cleanliness,0.655,87,57,30,0
1,location,0.939,263,247,16,0
1,room_comfort,0.406,350,142,208,0
1,value,0.328,67,22,45,0
1,noise,0.319,72,23,49,0
1,breakfast,0.63,146,92,54,0
2,wifi,0.0,2,0,2,1
2,gym,0.0,1,0,1,1
2,sauna,0.5,2,1,1,1
2,restaurant,0.917,12,11,1,1
2,room_service,1.0,2,2,0,1
2,lounge,0.0,1,0,1,1
2,staff,0.878,49,43,6,0
2,cleanliness,0.5,6,3,3,0
2,location,0.981,52,51,1,0
2,room_comfort,0.604,53,32,21,0
2,value,0.154,13,2,11,0
2,noise,0.778,18,14,4,0
2,breakfast,0.367,30,11,19,0
3,wifi,0.0,7,0,7,1
3,gym,0.0,1,0,1,1
3,restaurant,1.0,23,23,0,1
3,room_service,1.0,1,1,0,1
3,staff,0.877,65,57,8,0
3,cleanliness,0.727,22,16,6,0
3,location,0.925,80,74,6,0
3,room_comfort,0.644,90,58,32,0
3,value,0.385,13,5,8,0
3,noise,0.476,21,10,11,0
3,breakfast,0.688,16,11,5,0
4,wifi,0.5,2,1,1,1
4,restaurant,0.941,17,16,1,1
4,room_service,0.0,2,0,2,1
4,staff,0.908,76,69,7,0
4,cleanliness,0.8,15,12,3,0
4,location,0.914,58,53,5,0
4,room_comfort,0.674,86,58,28,0
4,value,0.412,17,7,10,0
4,noise,0.267,15,4,11,0
4,breakfast,0.649,37,24,13,0
5,wifi,0.5,10,5,5,1
5,pool,0.0,1,0,1,1
5,gym,0.333,9,3,6,1
5,restaurant,0.788,85,67,18,1
5,room_service,0.0,2,0,2,1
5,lounge,0.333,6,2,4,1
5,event_space,1.0,1,1,0,1
5,staff,0.879,248,218,30,0
5,cleanliness,0.787,94,74,20,0
5,location,0.955,378,361,17,0
5,room_comfort,0.677,368,249,119,0
5,value,0.325,83,27,56,0
5,noise,0.345,119,41,78,0
5,breakfast,0.679,140,95,45,0
6,wifi,0.34,47,16,31,1
6,gym,0.333,6,2,4,1
6,restaurant,0.855,69,59,10,1
6,room_service,0.25,4,1,3,1
6,lounge,0.0,2,0,2,1
6,staff,0.725,331,240,91,0
6,cleanliness,0.753,219,165,54,0
6,location,0.961,439,422,17,0
6,room_comfort,0.441,655,289,366,0
6,value,0.13,138,18,120,0
6,noise,0.415,53,22,31,0
6,breakfast,0.75,260,195,65,0
7,wifi,0.742,66,49,17,1
7,gym,0.538,13,7,6,1
7,sauna,0.4,5,2,3,1
7,restaurant,0.505,97,49,48,1
7,room_service,0.25,4,1,3,1
7,lounge,0.93,57,53,4,1
7,event_space,1.0,1,1,0,1
7,staff,0.909,570,518,52,0
7,cleanliness,0.856,340,291,49,0
7,location,0.811,562,456,106,0
7,room_comfort,0.735,702,516,186,0
7,value,0.457,197,90,107,0
7,noise,0.667,105,70,35,0
7,breakfast,0.648,256,166,90,0
8,wifi,0.4,30,12,18,1
8,gym,0.0,4,0,4,1
8,restaurant,0.675,80,54,26,1
8,room_service,0.5,6,3,3,1
8,lounge,1.0,1,1,0,1
8,event_space,1.0,1,1,0,1
8,staff,0.813,445,362,83,0
8,cleanliness,0.75,204,153,51,0
8,location,0.921,456,420,36,0
8,room_comfort,0.495,632,313,319,0
8,value,0.525,122,64,58,0
8,noise,0.594,64,38,26,0
8,breakfast,0.733,307,225,82,0
9,wifi,0.5,6,3,3,1
9,pool,0.5,2,1,1,1
9,sauna,0.667,9,6,3,1
9,restaurant,1.0,7,7,0,1
9,room_service,0.0,1,0,1,1
9,lounge,1.0,1,1,0,1
9,staff,0.943,53,50,3,0
9,cleanliness,0.8,15,12,3,0
9,location,0.933,60,56,4,0
9,room_comfort,0.571,77,44,33,0
9,value,0.2,15,3,12,0
9,noise,0.818,11,9,2,0
9,breakfast,0.348,23,8,15,0
10,wifi,0.267,15,4,11,1
10,gym,0.667,6,4,2,1
10,sauna,0.5,4,2,2,1
10,restaurant,0.389,18,7,11,1
10,room_service,0.2,10,2,8,1
10,event_space,1.0,1,1,0,1
10,staff,0.729,96,70,26,0
10,cleanliness,0.712,52,37,15,0
10,location,0.613,62,38,24,0
10,room_comfort,0.631,160,101,59,0
10,value,0.256,43,11,32,0
10,noise,0.625,24,15,9,0
10,breakfast,0.653,95,62,33,0
11,wifi,0.567,30,17,13,1
11,gym,0.25,4,1,3,1
11,restaurant,0.56,50,28,22,1
11,room_service,0.375,8,3,5,1
11,lounge,0.0,1,0,1,1
11,event_space,0.0,2,0,2,1
11,staff,0.731,223,163,60,0
11,cleanliness,0.771,83,64,19,0
11,location,0.927,424,393,31,0
11,room_comfort,0.355,499,177,322,0
11,value,0.232,95,22,73,0
11,noise,0.322,115,37,78,0
11,breakfast,0.398,118,47,71,0
12,wifi,0.333,36,12,24,1
12,gym,0.0,3,0,3,1
12,restaurant,0.941,17,16,1,1
12,room_service,0.0,1,0,1,1
12,lounge,0.667,3,2,1,1
12,event_space,0.0,1,0,1,1
12,staff,0.922,218,201,17,0
12,cleanliness,0.908,98,89,9,0
12,location,0.876,186,163,23,0
12,room_comfort,0.67,194,130,64,0
12,value,0.483,29,14,15,0
12,noise,0.455,55,25,30,0
12,breakfast,0.633,60,38,22,0
13,wifi,0.429,7,3,4,1
13,restaurant,0.667,9,6,3,1
13,room_service,0.0,1,0,1,1
13,lounge,1.0,1,1,0,1
13,staff,0.744,39,29,10,0
13,cleanliness,0.833,18,15,3,0
13,location,0.926,54,50,4,0
13,room_comfort,0.431,58,25,33,0
13,value,0.222,9,2,7,0
13,noise,0.444,9,4,5,0
13,breakfast,0.686,35,24,11,0
14,wifi,0.25,4,1,3,1
14,restaurant,0.857,7,6,1,1
14,room_service,0.0,1,0,1,1
14,staff,0.9,30,27,3,0
14,cleanliness,0.818,11,9,2,0
14,location,0.969,32,31,1,0
14,room_comfort,0.513,39,20,19,0
14,value,0.556,9,5,4,0
14,noise,0.5,8,4,4,0
14,breakfast,0.625,8,5,3,0
15,wifi,0.252,155,39,116,1
15,pool,0.543,335,182,153,1
15,gym,0.681,69,47,22,1
15,sauna,0.587,218,128,90,1
15,restaurant,0.609,266,162,104,1
15,room_service,0.548,135,74,61,1
15,lounge,0.686,105,72,33,1
15,event_space,0.189,37,7,30,1
15,staff,0.669,1714,1146,568,0
15,cleanliness,0.641,713,457,256,0
15,location,0.943,2135,2014,121,0
15,room_comfort,0.588,2893,1700,1193,0
15,value,0.287,610,175,435,0
15,noise,0.498,235,117,118,0
15,breakfast,0.506,1163,589,574,0
16,wifi,1.0,1,1,0,1
16,restaurant,0.818,11,9,2,1
16,room_service,0.0,1,0,1,1
16,lounge,1.0,1,1,0,1
16,staff,0.882,17,15,2,0
16,cleanliness,1.0,1,1,0,0
16,location,0.9,20,18,2,0
16,room_comfort,0.682,22,15,7,0
16,value,0.0,2,0,2,0
16,noise,0.143,7,1,6,0
16,breakfast,0.286,7,2,5,0
17,wifi,0.6,10,6,4,1
17,gym,0.0,1,0,1,1
17,restaurant,0.769,13,10,3,1
17,room_service,0.0,2,0,2,1
17,lounge,1.0,1,1,0,1
17,staff,0.912,57,52,5,0
17,cleanliness,1.0,20,20,0,0
17,location,0.986,71,70,1,0
17,room_comfort,0.5,64,32,32,0
17,value,0.412,17,7,10,0
17,noise,0.8,10,8,2,0
17,breakfast,0.4,30,12,18,0
18,wifi,0.0,4,0,4,1
18,gym,0.667,3,2,1,1
18,sauna,0.571,7,4,3,1
18,restaurant,1.0,11,11,0,1
18,room_service,1.0,3,3,0,1
18,lounge,1.0,1,1,0,1
18,staff,0.955,67,64,3,0
18,cleanliness,0.833,6,5,1,0
18,location,0.955,67,64,3,0
18,room_comfort,0.5,70,35,35,0
18,value,0.125,16,2,14,0
18,noise,0.85,20,17,3,0
18,breakfast,0.688,32,22,10,0
19,wifi,0.806,31,25,6,1
19,pool,0.0,1,0,1,1
19,gym,0.0,2,0,2,1
19,sauna,0.5,4,2,2,1
19,restaurant,0.914,70,64,6,1
19,room_service,0.75,8,6,2,1
19,lounge,0.25,4,1,3,1
19,staff,0.867,520,451,69,0
19,cleanliness,0.859,255,219,36,0
19,location,0.926,552,511,41,0
19,room_comfort,0.368,951,350,601,0
19,value,0.46,126,58,68,0
19,noise,0.413,121,50,71,0
19,breakfast,0.656,183,120,63,0
20,wifi,0.696,56,39,17,1
20,pool,0.0,3,0,3,1
20,gym,0.1,10,1,9,1
20,sauna,0.333,3,1,2,1
20,restaurant,0.67,88,59,29,1
20,room_service,0.421,38,16,22,1
20,lounge,0.312,16,5,11,1
20,staff,0.808,881,712,169,0
20,cleanliness,0.756,349,264,85,0
20,location,0.871,747,651,96,0
20,room_comfort,0.449,1516,681,835,0
20,value,0.414,222,92,130,0
20,noise,0.511,227,116,111,0
20,breakfast,0.672,396,266,130,0
21,wifi,0.333,3,1,2,1
21,pool,0.722,54,39,15,1
21,gym,0.5,6,3,3,1
21,sauna,0.63,27,17,10,1
21,restaurant,0.471,34,16,18,1
21,room_service,0.25,8,2,6,1
21,lounge,0.0,2,0,2,1
21,event_space,0.0,3,0,3,1
21,staff,0.747,99,74,25,0
21,cleanliness,0.533,15,8,7,0
21,location,0.829,41,34,7,0
21,room_comfort,0.569,116,66,50,0
21,value,0.262,42,11,31,0
21,noise,0.571,14,8,6,0
21,breakfast,0.448,67,30,37,0
22,wifi,0.333,15,5,10,1
22,gym,0.0,1,0,1,1
22,restaurant,0.846,26,22,4,1
22,room_service,0.0,1,0,1,1
22,lounge,0.5,2,1,1,1
22,staff,0.744,90,67,23,0
22,cleanliness,0.837,43,36,7,0
22,location,0.932,132,123,9,0
22,room_comfort,0.607,135,82,53,0
22,value,0.524,21,11,10,0
22,noise,0.52,25,13,12,0
22,breakfast,0.794,97,77,20,0
23,wifi,0.933,15,14,1,1
23,pool,0.0,3,0,3,1
23,gym,0.556,9,5,4,1
23,sauna,0.8,10,8,2,1
23,restaurant,0.646,48,31,17,1
23,room_service,0.167,12,2,10,1
23,event_space,0.8,5,4,1,1
23,staff,0.718,227,163,64,0
23,cleanliness,0.809,94,76,18,0
23,location,0.916,214,196,18,0
23,room_comfort,0.587,392,230,162,0
23,value,0.343,99,34,65,0
23,noise,0.471,34,16,18,0
23,breakfast,0.533,169,90,79,0
24,wifi,0.9,30,27,3,1
24,pool,1.0,1,1,0,1
24,gym,0.25,8,2,6,1
24,sauna,0.6,5,3,2,1
24,restaurant,0.618,34,21,13,1
24,room_service,0.25,8,2,6,1
24,staff,0.931,304,283,21,0
24,cleanliness,0.931,72,67,5,0
24,location,0.974,346,337,9,0
24,room_comfort,0.664,286,190,96,0
24,value,0.473,55,26,29,0
24,noise,0.364,33,12,21,0
24,breakfast,0.648,159,103,56,0
25,gym,0.0,1,0,1,1
25,sauna,1.0,1,1,0,1
25,restaurant,0.867,15,13,2,1
25,room_service,0.75,4,3,1,1
25,lounge,1.0,1,1,0,1
25,staff,0.903,72,65,7,0
25,cleanliness,0.889,18,16,2,0
25,location,0.83,47,39,8,0
25,room_comfort,0.5,98,49,49,0
25,value,0.059,17,1,16,0
25,noise,0.444,9,4,5,0
25,breakfast,0.706,34,24,10,0
26,wifi,0.0,2,0,2,1
26,restaurant,0.75,4,3,1,1
26,staff,0.909,22,20,2,0
26,cleanliness,1.0,3,3,0,0
26,location,1.0,22,22,0,0
26,room_comfort,0.526,19,10,9,0
26,value,0.5,6,3,3,0
26,noise,1.0,2,2,0,0
26,breakfast,0.5,8,4,4,0
27,wifi,0.573,82,47,35,1
27,pool,0.0,6,0,6,1
27,gym,0.0,14,0,14,1
27,sauna,0.0,6,0,6,1
27,restaurant,0.596,493,294,199,1
27,room_service,0.222,9,2,7,1
27,lounge,1.0,2,2,0,1
27,event_space,0.667,3,2,1,1
27,staff,0.759,503,382,121,0
27,cleanliness,0.865,297,257,40,0
27,location,0.947,879,832,47,0
27,room_comfort,0.643,818,526,292,0
27,value,0.601,198,119,79,0
27,noise,0.667,78,52,26,0
27,breakfast,0.672,707,475,232,0
28,wifi,0.861,36,31,5,1
28,pool,0.296,54,16,38,1
28,gym,0.538,26,14,12,1
28,sauna,0.56,216,121,95,1
28,restaurant,0.45,129,58,71,1
28,room_service,0.143,21,3,18,1
28,lounge,0.667,3,2,1,1
28,event_space,0.0,1,0,1,1
28,staff,0.804,429,345,84,0
28,cleanliness,0.893,244,218,26,0
28,location,0.584,308,180,128,0
28,room_comfort,0.716,647,463,184,0
28,value,0.345,226,78,148,0
28,noise,0.745,47,35,12,0
28,breakfast,0.589,263,155,108,0
29,wifi,0.154,13,2,11,1
29,gym,0.0,1,0,1,1
29,sauna,0.0,1,0,1,1
29,restaurant,1.0,3,3,0,1
29,room_service,1.0,1,1,0,1
29,staff,0.75,32,24,8,0
29,cleanliness,0.533,15,8,7,0
29,location,0.889,36,32,4,0
29,room_comfort,0.383,47,18,29,0
29,value,0.375,8,3,5,0
29,noise,0.625,16,10,6,0
29,breakfast,0.462,13,6,7,0
30,wifi,0.167,6,1,5,1
30,gym,1.0,1,1,0,1
30,restaurant,0.615,13,8,5,1
30,room_service,0.375,8,3,5,1
30,lounge,1.0,3,3,0,1
30,staff,0.815,92,75,17,0
30,cleanliness,0.762,21,16,5,0
30,location,0.934,61,57,4,0
30,room_comfort,0.633,128,81,47,0
30,value,0.348,23,8,15,0
30,noise,0.75,32,24,8,0
30,breakfast,0.404,57,23,34,0
31,wifi,0.0,2,0,2,1
31,pool,0.333,12,4,8,1
31,gym,0.6,5,3,2,1
31,sauna,0.7,10,7,3,1
31,restaurant,0.545,11,6,5,1
31,lounge,0.0,1,0,1,1
31,event_space,0.0,1,0,1,1
31,staff,0.794,34,27,7,0
31,cleanliness,0.722,18,13,5,0
31,location,0.405,37,15,22,0
31,room_comfort,0.4,45,18,27,0
31,value,0.273,11,3,8,0
31,noise,0.667,3,2,1,0
31,breakfast,0.742,31,23,8,0
32,wifi,0.429,14,6,8,1
32,pool,0.0,5,0,5,1
32,gym,0.5,2,1,1,1
32,sauna,0.421,19,8,11,1
32,restaurant,0.81,21,17,4,1
32,room_service,0.25,4,1,3,1
32,event_space,0.0,1,0,1,1
32,staff,0.807,119,96,23,0
32,cleanliness,0.812,64,52,12,0
32,location,0.899,149,134,15,0
32,room_comfort,0.56,182,102,80,0
32,value,0.227,22,5,17,0
32,noise,0.571,21,12,9,0
32,breakfast,0.456,57,26,31,0
33,wifi,0.6,5,3,2,1
33,restaurant,0.667,9,6,3,1
33,lounge,0.0,1,0,1,1
33,staff,0.871,31,27,4,0
33,cleanliness,0.588,17,10,7,0
33,location,0.68,25,17,8,0
33,room_comfort,0.476,42,20,22,0
33,value,0.75,16,12,4,0
33,noise,0.4,15,6,9,0
33,breakfast,0.839,31,26,5,0
34,wifi,0.261,23,6,17,1
34,pool,0.0,1,0,1,1
34,gym,0.0,2,0,2,1
34,restaurant,0.714,21,15,6,1
34,room_service,1.0,1,1,0,1
34,staff,0.816,103,84,19,0
34,cleanliness,0.783,60,47,13,0
34,location,0.954,153,146,7,0
34,room_comfort,0.546,152,83,69,0
34,value,0.533,30,16,14,0
34,noise,0.455,22,10,12,0
34,breakfast,0.635,74,47,27,0
35,wifi,1.0,1,1,0,1
35,sauna,0.0,1,0,1,1
35,restaurant,1.0,1,1,0,1
35,staff,1.0,5,5,0,0
35,location,1.0,5,5,0,0
35,room_comfort,0.4,5,2,3,0
35,value,1.0,1,1,0,0
35,breakfast,1.0,3,3,0,0
36,wifi,0.2,5,1,4,1
36,gym,0.0,1,0,1,1
36,restaurant,0.444,9,4,5,1
36,room_service,0.5,4,2,2,1
36,staff,0.875,80,70,10,0
36,cleanliness,0.714,35,25,10,0
36,location,0.969,98,95,3,0
36,room_comfort,0.638,141,90,51,0
36,value,0.429,35,15,20,0
36,noise,0.5,36,18,18,0
36,breakfast,0.258,31,8,23,0
37,wifi,0.344,32,11,21,1
37,gym,1.0,1,1,0,1
37,restaurant,0.717,53,38,15,1
37,room_service,0.375,8,3,5,1
37,lounge,0.0,1,0,1,1
37,staff,0.841,309,260,49,0
37,cleanliness,0.926,121,112,9,0
37,location,0.929,296,275,21,0
37,room_comfort,0.522,458,239,219,0
37,value,0.472,89,42,47,0
37,noise,0.479,73,35,38,0
37,breakfast,0.662,195,129,66,0
38,wifi,1.0,1,1,0,1
38,gym,0.0,1,0,1,1
38,restaurant,0.609,23,14,9,1
38,room_service,0.556,9,5,4,1
38,lounge,1.0,7,7,0,1
38,event_space,0.5,2,1,1,1
38,staff,0.957,162,155,7,0
38,cleanliness,0.889,18,16,2,0
38,location,0.931,102,95,7,0
38,room_comfort,0.764,216,165,51,0
38,value,0.227,44,10,34,0
38,noise,0.92,50,46,4,0
38,breakfast,0.588,80,47,33,0
39,pool,0.0,1,0,1,1
39,gym,1.0,3,3,0,1
39,sauna,0.375,8,3,5,1
39,restaurant,0.476,21,10,11,1
39,room_service,0.667,6,4,2,1
39,lounge,0.75,4,3,1,1
39,staff,0.807,114,92,22,0
39,cleanliness,0.6,10,6,4,0
39,location,0.943,87,82,5,0
39,room_comfort,0.553,103,57,46,0
39,value,0.167,30,5,25,0
39,noise,0.6,10,6,4,0
39,breakfast,0.66,47,31,16,0
40,wifi,0.789,19,15,4,1
40,pool,0.0,5,0,5,1
40,gym,0.583,12,7,5,1
40,sauna,0.429,7,3,4,1
40,restaurant,0.5,46,23,23,1
40,room_service,0.182,11,2,9,1
40,lounge,0.5,2,1,1,1
40,event_space,1.0,2,2,0,1
40,staff,0.75,256,192,64,0
40,cleanliness,0.698,116,81,35,0
40,location,0.755,184,139,45,0
40,room_comfort,0.528,324,171,153,0
40,value,0.23,113,26,87,0
40,noise,0.469,32,15,17,0
40,breakfast,0.686,207,142,65,0
41,wifi,0.136,22,3,19,1
41,pool,0.277,47,13,34,1
41,gym,0.5,6,3,3,1
41,sauna,0.323,31,10,21,1
41,restaurant,0.6,15,9,6,1
41,room_service,0.4,5,2,3,1
41,lounge,1.0,1,1,0,1
41,event_space,0.0,1,0,1,1
41,staff,0.878,90,79,11,0
41,cleanliness,0.821,28,23,5,0
41,location,0.843,70,59,11,0
41,room_comfort,0.664,119,79,40,0
41,value,0.324,34,11,23,0
41,noise,0.526,19,10,9,0
41,breakfast,0.767,73,56,17,0
42,wifi,0.207,87,18,69,1
42,pool,0.667,3,2,1,1
42,gym,0.882,17,15,2,1
42,sauna,0.333,3,1,2,1
42,restaurant,0.798,114,91,23,1
42,room_service,0.25,20,5,15,1
42,lounge,0.686,35,24,11,1
42,event_space,0.333,3,1,2,1
42,staff,0.741,571,423,148,0
42,cleanliness,0.616,263,162,101,0
42,location,0.938,788,739,49,0
42,room_comfort,0.401,1014,407,607,0
42,value,0.388,209,81,128,0
42,noise,0.391,128,50,78,0
42,breakfast,0.764,555,424,131,0
43,wifi,0.5,8,4,4,1
43,gym,0.5,4,2,2,1
43,sauna,0.5,4,2,2,1
43,restaurant,0.55,20,11,9,1
43,room_service,0.0,3,0,3,1
43,lounge,1.0,1,1,0,1
43,event_space,0.0,1,0,1,1
43,staff,0.694,72,50,22,0
43,cleanliness,0.565,23,13,10,0
43,location,0.925,80,74,6,0
43,room_comfort,0.544,114,62,52,0
43,value,0.321,28,9,19,0
43,noise,0.5,26,13,13,0
43,breakfast,0.412,34,14,20,0
44,wifi,0.483,29,14,15,1
44,pool,0.0,2,0,2,1
44,gym,0.0,3,0,3,1
44,sauna,0.0,1,0,1,1
44,restaurant,0.591,22,13,9,1
44,room_service,0.0,6,0,6,1
44,lounge,0.333,3,1,2,1
44,staff,0.769,242,186,56,0
44,cleanliness,0.693,75,52,23,0
44,location,0.912,182,166,16,0
44,room_comfort,0.404,366,148,218,0
44,value,0.481,52,25,27,0
44,noise,0.264,53,14,39,0
44,breakfast,0.759,166,126,40,0
45,wifi,0.5,18,9,9,1
45,pool,0.0,3,0,3,1
45,gym,0.5,6,3,3,1
45,sauna,0.714,7,5,2,1
45,restaurant,0.667,9,6,3,1
45,room_service,0.0,1,0,1,1
45,staff,0.821,56,46,10,0
45,cleanliness,0.818,33,27,6,0
45,location,0.909,88,80,8,0
45,room_comfort,0.452,104,47,57,0
45,value,0.619,21,13,8,0
45,noise,0.368,19,7,12,0
45,breakfast,0.73,37,27,10,0
46,wifi,0.562,16,9,7,1
46,pool,0.76,121,92,29,1
46,gym,0.474,19,9,10,1
46,sauna,0.0,2,0,2,1
46,restaurant,0.862,58,50,8,1
46,room_service,0.0,7,0,7,1
46,lounge,0.667,3,2,1,1
46,event_space,1.0,1,1,0,1
46,staff,0.974,351,342,9,0
46,cleanliness,0.904,114,103,11,0
46,location,0.947,247,234,13,0
46,room_comfort,0.701,291,204,87,0
46,value,0.364,55,20,35,0
46,noise,0.62,50,31,19,0
46,breakfast,0.627,110,69,41,0
47,wifi,0.3,10,3,7,1
47,gym,0.0,4,0,4,1
47,sauna,0.571,7,4,3,1
47,restaurant,0.865,37,32,5,1
47,room_service,0.133,15,2,13,1
47,lounge,1.0,2,2,0,1
47,staff,0.798,218,174,44,0
47,cleanliness,0.847,98,83,15,0
47,location,0.923,208,192,16,0
47,room_comfort,0.654,327,214,113,0
47,value,0.309,68,21,47,0
47,noise,0.69,29,20,9,0
47,breakfast,0.506,87,44,43,0
48,wifi,0.412,17,7,10,1
48,restaurant,0.815,27,22,5,1
48,room_service,0.667,3,2,1,1
48,lounge,0.8,5,4,1,1
48,staff,0.871,132,115,17,0
48,cleanliness,0.843,51,43,8,0
48,location,0.934,137,128,9,0
48,room_comfort,0.648,199,129,70,0
48,value,0.571,35,20,15,0
48,noise,0.696,23,16,7,0
48,breakfast,0.578,116,67,49,0
49,wifi,0.8,10,8,2,1
49,pool,0.333,3,1,2,1
49,gym,0.125,8,1,7,1
49,sauna,0.0,1,0,1,1
49,restaurant,0.704,81,57,24,1
49,room_service,0.375,8,3,5,1
49,lounge,0.333,3,1,2,1
49,staff,0.772,241,186,55,0
49,cleanliness,0.875,72,63,9,0
49,location,0.923,274,253,21,0
49,room_comfort,0.486,496,241,255,0
49,value,0.291,103,30,73,0
49,noise,0.829,76,63,13,0
49,breakfast,0.685,124,85,39,0
50,wifi,0.333,9,3,6,1
50,pool,1.0,1,1,0,1
50,gym,0.8,5,4,1,1
50,sauna,0.818,11,9,2,1
50,restaurant,0.333,3,1,2,1
50,staff,0.75,28,21,7,0
50,cleanliness,0.579,19,11,8,0
50,location,0.909,33,30,3,0
50,room_comfort,0.466,73,34,39,0
50,value,0.286,21,6,15,0
50,noise,0.667,12,8,4,0
50,breakfast,0.675,40,27,13,0
51,wifi,0.25,8,2,6,1
51,pool,0.467,15,7,8,1
51,gym,0.0,1,0,1,1
51,restaurant,0.375,8,3,5,1
51,room_service,0.0,3,0,3,1
51,event_space,0.0,1,0,1,1
51,staff,0.765,34,26,8,0
51,cleanliness,0.773,22,17,5,0
51,location,0.7,30,21,9,0
51,room_comfort,0.702,57,40,17,0
51,value,0.571,7,4,3,0
51,noise,0.667,15,10,5,0
51,breakfast,0.652,23,15,8,0
52,wifi,0.72,25,18,7,1
52,pool,0.25,16,4,12,1
52,gym,0.615,13,8,5,1
52,sauna,0.63,54,34,20,1
52,restaurant,0.73,37,27,10,1
52,room_service,0.6,25,15,10,1
52,lounge,0.561,41,23,18,1
52,staff,0.89,645,574,71,0
52,cleanliness,0.703,138,97,41,0
52,location,0.961,433,416,17,0
52,room_comfort,0.515,651,335,316,0
52,value,0.254,114,29,85,0
52,noise,0.767,60,46,14,0
52,breakfast,0.536,207,111,96,0
53,wifi,0.0,4,0,4,1
53,gym,0.0,1,0,1,1
53,restaurant,0.583,12,7,5,1
53,room_service,0.333,3,1,2,1
53,lounge,0.333,3,1,2,1
53,event_space,0.0,1,0,1,1
53,staff,0.914,35,32,3,0
53,cleanliness,1.0,5,5,0,0
53,location,1.0,35,35,0,0
53,room_comfort,0.632,38,24,14,0
53,value,0.111,9,1,8,0
53,noise,0.8,5,4,1,0
53,breakfast,0.562,16,9,7,0
54,wifi,0.6,5,3,2,1
54,gym,0.0,1,0,1,1
54,sauna,0.667,3,2,1,1
54,restaurant,1.0,2,2,0,1
54,staff,0.773,22,17,5,0
54,cleanliness,0.6,15,9,6,0
54,location,0.909,33,30,3,0
54,room_comfort,0.636,44,28,16,0
54,value,0.6,10,6,4,0
54,noise,0.7,10,7,3,0
54,breakfast,0.625,24,15,9,0
55,restaurant,0.0,1,0,1,1
55,lounge,0.0,1,0,1,1
55,staff,0.929,14,13,1,0
55,cleanliness,0.0,1,0,1,0
55,location,1.0,32,32,0,0
55,room_comfort,0.207,29,6,23,0
55,value,0.333,3,1,2,0
55,noise,0.333,3,1,2,0
55,breakfast,0.286,7,2,5,0
56,wifi,0.419,31,13,18,1
56,pool,0.0,2,0,2,1
56,gym,0.0,1,0,1,1
56,sauna,0.0,2,0,2,1
56,restaurant,0.833,18,15,3,1
56,lounge,0.333,3,1,2,1
56,event_space,1.0,1,1,0,1
56,staff,0.85,147,125,22,0
56,cleanliness,0.852,61,52,9,0
56,location,0.954,216,206,10,0
56,room_comfort,0.357,230,82,148,0
56,value,0.333,27,9,18,0
56,noise,0.455,33,15,18,0
56,breakfast,0.832,119,99,20,0
57,wifi,0.576,33,19,14,1
57,gym,0.0,4,0,4,1
57,sauna,0.667,3,2,1,1
57,restaurant,0.833,12,10,2,1
57,room_service,1.0,1,1,0,1
57,lounge,1.0,2,2,0,1
57,staff,0.759,145,110,35,0
57,cleanliness,0.891,55,49,6,0
57,location,0.944,197,186,11,0
57,room_comfort,0.505,200,101,99,0
57,value,0.481,27,13,14,0
57,noise,0.258,31,8,23,0
57,breakfast,0.772,145,112,33,0
58,wifi,0.104,48,5,43,1
58,pool,0.427,75,32,43,1
58,gym,0.222,18,4,14,1
58,sauna,0.526,171,90,81,1
58,restaurant,0.579,38,22,16,1
58,room_service,0.2,5,1,4,1
58,staff,0.752,234,176,58,0
58,cleanliness,0.869,137,119,18,0
58,location,0.775,209,162,47,0
58,room_comfort,0.601,371,223,148,0
58,value,0.385,78,30,48,0
58,noise,0.382,68,26,42,0
58,breakfast,0.618,191,118,73,0
59,wifi,0.145,55,8,47,1
59,pool,0.713,129,92,37,1
59,gym,1.0,18,18,0,1
59,sauna,0.647,17,11,6,1
59,restaurant,0.663,89,59,30,1
59,room_service,0.375,16,6,10,1
59,lounge,0.533,15,8,7,1
59,event_space,0.0,4,0,4,1
59,staff,0.801,402,322,80,0
59,cleanliness,0.716,116,83,33,0
59,location,0.86,214,184,30,0
59,room_comfort,0.553,515,285,230,0
59,value,0.173,127,22,105,0
59,noise,0.25,76,19,57,0
59,breakfast,0.573,246,141,105,0
60,wifi,0.5,16,8,8,1
60,pool,0.0,1,0,1,1
60,sauna,0.0,2,0,2,1
60,restaurant,0.789,19,15,4,1
60,room_service,0.5,6,3,3,1
60,lounge,0.5,4,2,2,1
60,staff,0.82,150,123,27,0
60,cleanliness,0.697,66,46,20,0
60,location,0.954,197,188,9,0
60,room_comfort,0.496,266,132,134,0
60,value,0.253,91,23,68,0
60,noise,0.747,75,56,19,0
60,breakfast,0.187,91,17,74,0
61,wifi,0.273,11,3,8,1
61,gym,1.0,1,1,0,1
61,sauna,0.667,3,2,1,1
61,restaurant,1.0,4,4,0,1
61,staff,0.963,27,26,1,0
61,cleanliness,0.9,10,9,1,0
61,location,0.972,36,35,1,0
61,room_comfort,0.652,46,30,16,0
61,value,0.545,11,6,5,0
61,noise,0.5,6,3,3,0
61,breakfast,0.357,14,5,9,0
62,wifi,0.0,3,0,3,1
62,restaurant,0.929,42,39,3,1
62,lounge,0.8,5,4,1,1
62,event_space,0.0,1,0,1,1
62,staff,0.925,67,62,5,0
62,cleanliness,0.875,24,21,3,0
62,location,0.937,79,74,5,0
62,room_comfort,0.716,74,53,21,0
62,value,0.667,9,6,3,0
62,noise,0.765,17,13,4,0
62,breakfast,0.878,49,43,6,0
63,wifi,0.706,17,12,5,1
63,pool,0.0,1,0,1,1
63,gym,0.0,1,0,1,1
63,restaurant,0.833,12,10,2,1
63,room_service,0.2,5,1,4,1
63,lounge,0.0,1,0,1,1
63,staff,0.804,92,74,18,0
63,cleanliness,0.762,42,32,10,0
63,location,0.968,125,121,4,0
63,room_comfort,0.59,134,79,55,0
63,value,0.42,50,21,29,0
63,noise,0.684,19,13,6,0
63,breakfast,0.429,35,15,20,0
64,wifi,0.0,1,0,1,1
64,room_service,0.0,2,0,2,1
64,lounge,0.0,2,0,2,1
64,staff,0.857,21,18,3,0
64,cleanliness,0.667,12,8,4,0
64,location,1.0,28,28,0,0
64,room_comfort,0.5,34,17,17,0
64,value,0.333,6,2,4,0
64,noise,0.429,7,3,4,0
64,breakfast,0.667,9,6,3,0
65,wifi,0.158,311,49,262,1
65,pool,0.0,5,0,5,1
65,gym,0.071,14,1,13,1
65,sauna,0.0,2,0,2,1
65,restaurant,0.732,269,197,72,1
65,room_service,0.393,56,22,34,1
65,lounge,0.634,93,59,34,1
65,event_space,0.8,5,4,1,1
65,staff,0.768,1657,1272,385,0
65,cleanliness,0.698,533,372,161,0
65,location,0.929,1682,1562,120,0
65,room_comfort,0.473,2369,1121,1248,0
65,value,0.524,584,306,278,0
65,noise,0.367,425,156,269,0
65,breakfast,0.59,1065,628,437,0
66,wifi,0.057,506,29,477,1
66,pool,0.295,227,67,160,1
66,gym,0.259,147,38,109,1
66,sauna,0.433,141,61,80,1
66,restaurant,0.507,357,181,176,1
66,room_service,0.396,111,44,67,1
66,lounge,0.645,31,20,11,1
66,event_space,0.4,5,2,3,1
66,staff,0.519,1678,871,807,0
66,cleanliness,0.526,970,510,460,0
66,location,0.888,1751,1555,196,0
66,room_comfort,0.421,3489,1468,2021,0
66,value,0.512,1130,578,552,0
66,noise,0.174,460,80,380,0
66,breakfast,0.361,1038,375,663,0
67,wifi,0.222,18,4,14,1
67,pool,0.0,2,0,2,1
67,gym,0.0,1,0,1,1
67,sauna,0.571,14,8,6,1
67,restaurant,0.882,17,15,2,1
67,room_service,0.5,2,1,1,1
67,lounge,1.0,1,1,0,1
67,event_space,1.0,1,1,0,1
67,staff,0.811,169,137,32,0
67,cleanliness,0.571,56,32,24,0
67,location,0.966,147,142,5,0
67,room_comfort,0.595,242,144,98,0
67,value,0.231,26,6,20,0
67,noise,0.648,54,35,19,0
67,breakfast,0.636,55,35,20,0
68,wifi,0.333,3,1,2,1
68,gym,0.0,4,0,4,1
68,restaurant,0.765,17,13,4,1
68,room_service,0.2,5,1,4,1
68,lounge,1.0,2,2,0,1
68,staff,0.784,74,58,16,0
68,cleanliness,0.875,8,7,1,0
68,location,0.922,64,59,5,0
68,room_comfort,0.409,88,36,52,0
68,value,0.292,24,7,17,0
68,noise,0.4,20,8,12,0
68,breakfast,0.488,43,21,22,0
69,wifi,0.333,6,2,4,1
69,pool,0.833,6,5,1,1
69,sauna,1.0,9,9,0,1
69,restaurant,0.545,11,6,5,1
69,room_service,1.0,2,2,0,1
69,staff,0.937,63,59,4,0
69,cleanliness,1.0,9,9,0,0
69,location,0.931,29,27,2,0
69,room_comfort,0.667,60,40,20,0
69,value,0.227,22,5,17,0
69,noise,0.889,9,8,1,0
69,breakfast,0.512,41,21,20,0
70,wifi,0.667,9,6,3,1
70,gym,0.0,1,0,1,1
70,restaurant,0.947,19,18,1,1
70,room_service,0.5,2,1,1,1
70,lounge,0.0,1,0,1,1
70,staff,0.938,64,60,4,0
70,cleanliness,0.767,30,23,7,0
70,location,0.835,79,66,13,0
70,room_comfort,0.508,122,62,60,0
70,value,0.444,18,8,10,0
70,noise,0.053,19,1,18,0
70,breakfast,0.727,22,16,6,0
71,wifi,0.364,11,4,7,1
71,pool,0.607,28,17,11,1
71,restaurant,0.5,6,3,3,1
71,lounge,0.75,4,3,1,1
71,staff,0.783,106,83,23,0
71,cleanliness,0.774,62,48,14,0
71,location,0.904,167,151,16,0
71,room_comfort,0.413,167,69,98,0
71,value,0.441,34,15,19,0
71,noise,0.239,46,11,35,0
71,breakfast,0.681,72,49,23,0
72,wifi,0.328,67,22,45,1
72,pool,0.143,7,1,6,1
72,gym,0.0,9,0,9,1
72,sauna,0.333,3,1,2,1
72,restaurant,0.594,32,19,13,1
72,room_service,0.333,12,4,8,1
72,lounge,1.0,3,3,0,1
72,event_space,1.0,3,3,0,1
72,staff,0.731,275,201,74,0
72,cleanliness,0.908,141,128,13,0
72,location,0.906,320,290,30,0
72,room_comfort,0.566,385,218,167,0
72,value,0.353,68,24,44,0
72,noise,0.533,45,24,21,0
72,breakfast,0.791,306,242,64,0
73,wifi,0.5,2,1,1,1
73,restaurant,1.0,1,1,0,1
73,event_space,1.0,2,2,0,1
73,staff,1.0,11,11,0,0
73,cleanliness,0.667,6,4,2,0
73,location,0.917,12,11,1,0
73,room_comfort,0.286,14,4,10,0
73,value,0.4,5,2,3,0
73,noise,0.0,5,0,5,0
73,breakfast,0.5,12,6,6,0
74,wifi,0.333,6,2,4,1
74,pool,0.125,8,1,7,1
74,gym,0.5,2,1,1,1
74,sauna,0.65,20,13,7,1
74,restaurant,0.6,25,15,10,1
74,room_service,0.333,12,4,8,1
74,lounge,1.0,4,4,0,1
74,event_space,1.0,1,1,0,1
74,staff,0.841,88,74,14,0
74,cleanliness,0.812,16,13,3,0
74,location,0.872,47,41,6,0
74,room_comfort,0.68,103,70,33,0
74,value,0.226,31,7,24,0
74,noise,0.636,11,7,4,0
74,breakfast,0.671,73,49,24,0
75,wifi,0.527,55,29,26,1
75,pool,0.0,6,0,6,1
75,gym,0.875,16,14,2,1
75,sauna,0.0,5,0,5,1
75,restaurant,0.757,70,53,17,1
75,room_service,0.344,32,11,21,1
75,lounge,0.716,190,136,54,1
75,event_space,0.5,2,1,1,1
75,staff,0.768,526,404,122,0
75,cleanliness,0.684,215,147,68,0
75,location,0.945,641,606,35,0
75,room_comfort,0.461,801,369,432,0
75,value,0.186,269,50,219,0
75,noise,0.333,84,28,56,0
75,breakfast,0.695,298,207,91,0
76,wifi,0.759,29,22,7,1
76,gym,0.0,2,0,2,1
76,restaurant,0.674,43,29,14,1
76,room_service,0.273,11,3,8,1
76,lounge,0.5,6,3,3,1
76,event_space,0.0,1,0,1,1
76,staff,0.835,460,384,76,0
76,cleanliness,0.645,169,109,60,0
76,location,0.897,368,330,38,0
76,room_comfort,0.397,687,273,414,0
76,value,0.325,120,39,81,0
76,noise,0.35,117,41,76,0
76,breakfast,0.518,170,88,82,0
77,wifi,0.76,25,19,6,1
77,pool,0.0,2,0,2,1
77,gym,0.0,8,0,8,1
77,restaurant,0.794,63,50,13,1
77,room_service,0.455,11,5,6,1
77,lounge,0.75,8,6,2,1
77,staff,0.846,371,314,57,0
77,cleanliness,0.921,240,221,19,0
77,location,0.911,371,338,33,0
77,room_comfort,0.723,596,431,165,0
77,value,0.491,167,82,85,0
77,noise,0.371,105,39,66,0
77,breakfast,0.448,145,65,80,0
78,wifi,0.475,40,19,21,1
78,pool,0.0,2,0,2,1
78,gym,0.0,5,0,5,1
78,sauna,0.0,2,0,2,1
78,restaurant,0.418,67,28,39,1
78,room_service,0.433,30,13,17,1
78,lounge,0.692,13,9,4,1
78,event_space,0.667,3,2,1,1
78,staff,0.824,592,488,104,0
78,cleanliness,0.785,228,179,49,0
78,location,0.931,547,509,38,0
78,room_comfort,0.544,846,460,386,0
78,value,0.413,155,64,91,0
78,noise,0.493,146,72,74,0
78,breakfast,0.658,365,240,125,0
79,wifi,0.0,1,0,1,1
79,pool,0.0,2,0,2,1
79,gym,0.0,3,0,3,1
79,sauna,0.5,2,1,1,1
79,restaurant,0.455,11,5,6,1
79,room_service,0.5,6,3,3,1
79,lounge,0.0,2,0,2,1
79,staff,0.902,82,74,8,0
79,cleanliness,0.944,18,17,1,0
79,location,0.948,58,55,3,0
79,room_comfort,0.582,110,64,46,0
79,value,0.211,19,4,15,0
79,noise,0.75,16,12,4,0
79,breakfast,0.469,32,15,17,0
80,wifi,0.25,40,10,30,1
80,restaurant,0.52,25,13,12,1
80,room_service,0.0,1,0,1,1
80,lounge,0.0,1,0,1,1
80,event_space,0.0,1,0,1,1
80,staff,0.675,163,110,53,0
80,cleanliness,0.779,113,88,25,0
80,location,0.935,185,173,12,0
80,room_comfort,0.481,324,156,168,0
80,value,0.519,52,27,25,0
80,noise,0.321,56,18,38,0
80,breakfast,0.44,166,73,93,0
81,wifi,0.739,23,17,6,1
81,pool,0.32,50,16,34,1
81,gym,0.091,11,1,10,1
81,sauna,0.304,23,7,16,1
81,restaurant,0.584,101,59,42,1
81,room_service,0.0,3,0,3,1
81,staff,0.82,261,214,47,0
81,cleanliness,0.889,99,88,11,0
81,location,0.659,182,120,62,0
81,room_comfort,0.602,264,159,105,0
81,value,0.491,106,52,54,0
81,noise,0.353,34,12,22,0
81,breakfast,0.555,164,91,73,0
82,wifi,0.333,6,2,4,1
82,restaurant,0.833,6,5,1,1
82,room_service,0.5,2,1,1,1
82,lounge,1.0,1,1,0,1
82,staff,0.911,56,51,5,0
82,cleanliness,1.0,5,5,0,0
82,location,0.979,48,47,1,0
82,room_comfort,0.457,70,32,38,0
82,value,0.167,6,1,5,0
82,noise,0.8,5,4,1,0
82,breakfast,0.643,14,9,5,0
83,wifi,1.0,2,2,0,1
83,pool,0.0,1,0,1,1
83,gym,1.0,3,3,0,1
83,sauna,0.0,1,0,1,1
83,restaurant,0.758,33,25,8,1
83,room_service,0.167,6,1,5,1
83,lounge,0.0,1,0,1,1
83,event_space,1.0,1,1,0,1
83,staff,0.892,166,148,18,0
83,cleanliness,0.625,16,10,6,0
83,location,0.978,136,133,3,0
83,room_comfort,0.545,187,102,85,0
83,value,0.311,45,14,31,0
83,noise,0.4,25,10,15,0
83,breakfast,0.698,86,60,26,0
84,wifi,0.571,7,4,3,1
84,pool,0.464,69,32,37,1
84,gym,0.25,8,2,6,1
84,sauna,0.581,43,25,18,1
84,restaurant,0.583,24,14,10,1
84,room_service,0.4,5,2,3,1
84,lounge,0.6,10,6,4,1
84,event_space,1.0,1,1,0,1
84,staff,0.737,156,115,41,0
84,cleanliness,0.754,69,52,17,0
84,location,0.841,113,95,18,0
84,room_comfort,0.55,209,115,94,0
84,value,0.456,68,31,37,0
84,noise,0.25,32,8,24,0
84,breakfast,0.701,97,68,29,0
85,wifi,0.0,1,0,1,1
85,gym,0.0,4,0,4,1
85,sauna,1.0,1,1,0,1
85,restaurant,0.429,14,6,8,1
85,room_service,0.0,8,0,8,1
85,staff,0.795,73,58,15,0
85,cleanliness,0.714,14,10,4,0
85,location,0.948,58,55,3,0
85,room_comfort,0.43,93,40,53,0
85,value,0.333,15,5,10,0
85,noise,0.667,9,6,3,0
85,breakfast,0.737,38,28,10,0
86,wifi,0.667,3,2,1,1
86,restaurant,1.0,8,8,0,1
86,staff,0.97,33,32,1,0
86,cleanliness,1.0,7,7,0,0
86,location,0.967,30,29,1,0
86,room_comfort,0.541,37,20,17,0
86,value,0.5,2,1,1,0
86,noise,0.875,8,7,1,0
86,breakfast,0.417,12,5,7,0
87,wifi,0.667,12,8,4,1
87,restaurant,0.909,11,10,1,1
87,room_service,0.6,5,3,2,1
87,staff,0.9,90,81,9,0
87,cleanliness,0.892,37,33,4,0
87,location,0.918,85,78,7,0
87,room_comfort,0.6,110,66,44,0
87,value,0.526,19,10,9,0
87,noise,0.471,17,8,9,0
87,breakfast,0.578,45,26,19,0
88,wifi,0.1,10,1,9,1
88,sauna,0.0,1,0,1,1
88,restaurant,0.833,6,5,1,1
88,staff,0.789,38,30,8,0
88,cleanliness,0.8,10,8,2,0
88,location,0.968,62,60,2,0
88,room_comfort,0.415,53,22,31,0
88,value,0.357,14,5,9,0
88,noise,0.294,17,5,12,0
88,breakfast,0.125,8,1,7,0
89,wifi,0.143,7,1,6,1
89,pool,0.714,21,15,6,1
89,gym,0.5,6,3,3,1
89,sauna,0.875,16,14,2,1
89,restaurant,1.0,14,14,0,1
89,staff,0.872,47,41,6,0
89,cleanliness,0.84,25,21,4,0
89,location,0.979,47,46,1,0
89,room_comfort,0.729,59,43,16,0
89,value,0.545,11,6,5,0
89,noise,0.692,13,9,4,0
89,breakfast,0.75,28,21,7,0
90,wifi,0.6,5,3,2,1
90,pool,0.5,4,2,2,1
90,gym,0.0,1,0,1,1
90,sauna,1.0,1,1,0,1
90,restaurant,0.714,7,5,2,1
90,room_service,0.0,1,0,1,1
90,staff,0.833,48,40,8,0
90,cleanliness,0.875,16,14,2,0
90,location,0.826,23,19,4,0
90,room_comfort,0.574,68,39,29,0
90,value,0.444,9,4,5,0
90,noise,0.364,11,4,7,0
90,breakfast,0.333,12,4,8,0
91,wifi,0.667,9,6,3,1
91,pool,0.0,2,0,2,1
91,gym,0.0,6,0,6,1
91,sauna,1.0,2,2,0,1
91,restaurant,0.917,72,66,6,1
91,room_service,0.8,10,8,2,1
91,lounge,0.889,9,8,1,1
91,staff,0.949,311,295,16,0
91,cleanliness,0.841,44,37,7,0
91,location,0.965,285,275,10,0
91,room_comfort,0.64,344,220,124,0
91,value,0.317,60,19,41,0
91,noise,0.667,66,44,22,0
91,breakfast,0.686,118,81,37,0
92,wifi,0.619,21,13,8,1
92,pool,0.167,6,1,5,1
92,gym,1.0,13,13,0,1
92,sauna,0.5,2,1,1,1
92,restaurant,0.551,78,43,35,1
92,room_service,0.692,26,18,8,1
92,lounge,0.667,6,4,2,1
92,event_space,0.0,1,0,1,1
92,staff,0.887,532,472,60,0
92,cleanliness,0.92,213,196,17,0
92,location,0.948,460,436,24,0
92,room_comfort,0.728,800,582,218,0
92,value,0.343,181,62,119,0
92,noise,0.578,109,63,46,0
92,breakfast,0.431,232,100,132,0
93,wifi,0.286,7,2,5,1
93,pool,0.0,1,0,1,1
93,sauna,0.5,14,7,7,1
93,restaurant,0.958,24,23,1,1
93,room_service,0.5,2,1,1,1
93,staff,0.919,161,148,13,0
93,cleanliness,0.789,57,45,12,0
93,location,0.974,156,152,4,0
93,room_comfort,0.559,188,105,83,0
93,value,0.391,46,18,28,0
93,noise,0.458,24,11,13,0
93,breakfast,0.477,44,21,23,0
94,wifi,0.75,44,33,11,1
94,gym,0.0,5,0,5,1
94,restaurant,0.612,49,30,19,1
94,room_service,0.333,9,3,6,1
94,lounge,0.0,4,0,4,1
94,event_space,1.0,1,1,0,1
94,staff,0.759,642,487,155,0
94,cleanliness,0.747,281,210,71,0
94,location,0.91,726,661,65,0
94,room_comfort,0.361,1391,502,889,0
94,value,0.401,212,85,127,0
94,noise,0.363,193,70,123,0
94,breakfast,0.605,299,181,118,0
95,wifi,0.438,16,7,9,1
95,restaurant,0.857,14,12,2,1
95,staff,0.747,75,56,19,0
95,cleanliness,0.852,27,23,4,0
95,location,0.979,95,93,2,0
95,room_comfort,0.632,136,86,50,0
95,value,0.552,29,16,13,0
95,noise,0.567,30,17,13,0
95,breakfast,0.643,56,36,20,0
96,wifi,0.625,24,15,9,1
96,gym,0.0,4,0,4,1
96,restaurant,0.793,29,23,6,1
96,room_service,1.0,2,2,0,1
96,lounge,0.0,1,0,1,1
96,event_space,1.0,1,1,0,1
96,staff,0.821,117,96,21,0
96,cleanliness,0.804,51,41,10,0
96,location,0.965,170,164,6,0
96,room_comfort,0.409,181,74,107,0
96,value,0.483,29,14,15,0
96,noise,0.5,26,13,13,0
96,breakfast,0.772,158,122,36,0
97,wifi,0.6,5,3,2,1
97,pool,0.789,19,15,4,1
97,restaurant,1.0,9,9,0,1
97,room_service,0.333,3,1,2,1
97,lounge,1.0,3,3,0,1
97,staff,0.875,56,49,7,0
97,cleanliness,0.952,21,20,1,0
97,location,0.889,36,32,4,0
97,room_comfort,0.738,80,59,21,0
97,value,0.333,9,3,6,0
97,noise,0.75,12,9,3,0
97,breakfast,0.684,19,13,6,0
98,wifi,0.341,41,14,27,1
98,pool,0.0,3,0,3,1
98,gym,0.429,21,9,12,1
98,sauna,0.0,2,0,2,1
98,restaurant,0.592,103,61,42,1
98,room_service,0.288,52,15,37,1
98,lounge,0.571,56,32,24,1
98,staff,0.726,755,548,207,0
98,cleanliness,0.784,199,156,43,0
98,location,0.869,863,750,113,0
98,room_comfort,0.51,1130,576,554,0
98,value,0.296,223,66,157,0
98,noise,0.428,159,68,91,0
98,breakfast,0.513,341,175,166,0
99,wifi,0.5,4,2,2,1
99,restaurant,0.8,5,4,1,1
99,lounge,1.0,1,1,0,1
99,staff,0.975,40,39,1,0
99,cleanliness,0.875,8,7,1,0
99,location,0.9,50,45,5,0
99,room_comfort,0.407,59,24,35,0
99,value,0.25,8,2,6,0
99,noise,0.833,6,5,1,0
99,breakfast,0.6,10,6,4,0
100,wifi,0.25,12,3,9,1
100,pool,0.602,83,50,33,1
100,gym,0.167,6,1,5,1
100,sauna,0.385,13,5,8,1
100,restaurant,0.706,34,24,10,1
100,room_service,0.556,9,5,4,1
100,lounge,1.0,2,2,0,1
100,event_space,0.0,2,0,2,1
100,staff,0.763,131,100,31,0
100,cleanliness,0.743,35,26,9,0
100,location,0.932,133,124,9,0
100,room_comfort,0.584,173,101,72,0
100,value,0.423,26,11,15,0
100,noise,0.286,28,8,20,0
100,breakfast,0.737,76,56,20,0
101,wifi,0.36,25,9,16,1
101,pool,0.5,2,1,1,1
101,gym,0.333,6,2,4,1
101,sauna,0.0,1,0,1,1
101,restaurant,0.594,69,41,28,1
101,room_service,0.625,8,5,3,1
101,lounge,0.0,1,0,1,1
101,event_space,0.0,1,0,1,1
101,staff,0.91,277,252,25,0
101,cleanliness,0.915,94,86,8,0
101,location,0.938,291,273,18,0
101,room_comfort,0.593,391,232,159,0
101,value,0.316,57,18,39,0
101,noise,0.75,64,48,16,0
101,breakfast,0.357,42,15,27,0
102,wifi,0.091,22,2,20,1
102,sauna,0.25,4,1,3,1
102,restaurant,1.0,6,6,0,1
102,staff,0.836,67,56,11,0
102,cleanliness,0.714,28,20,8,0
102,location,0.943,88,83,5,0
102,room_comfort,0.447,94,42,52,0
102,value,0.385,26,10,16,0
102,noise,0.16,25,4,21,0
102,breakfast,0.414,29,12,17,0
103,wifi,0.357,14,5,9,1
103,restaurant,0.857,7,6,1,1
103,room_service,0.333,3,1,2,1
103,staff,0.804,51,41,10,0
103,cleanliness,0.786,28,22,6,0
103,location,0.987,79,78,1,0
103,room_comfort,0.489,88,43,45,0
103,value,0.417,12,5,7,0
103,noise,0.182,11,2,9,0
103,breakfast,0.778,27,21,6,0
104,wifi,0.333,12,4,8,1
104,pool,0.0,1,0,1,1
104,sauna,0.0,1,0,1,1
104,restaurant,0.684,19,13,6,1
104,room_service,0.0,3,0,3,1
104,event_space,1.0,1,1,0,1
104,staff,0.725,91,66,25,0
104,cleanliness,0.875,40,35,5,0
104,location,0.985,130,128,2,0
104,room_comfort,0.591,137,81,56,0
104,value,0.393,28,11,17,0
104,noise,0.455,33,15,18,0
104,breakfast,0.648,108,70,38,0
105,wifi,0.694,98,68,30,1
105,pool,0.143,7,1,6,1
105,gym,0.3,10,3,7,1
105,sauna,0.2,5,1,4,1
105,restaurant,0.369,103,38,65,1
105,room_service,0.0,7,0,7,1
105,lounge,0.5,4,2,2,1
105,event_space,1.0,3,3,0,1
105,staff,0.73,481,351,130,0
105,cleanliness,0.816,375,306,69,0
105,location,0.782,614,480,134,0
105,room_comfort,0.591,773,457,316,0
105,value,0.676,219,148,71,0
105,noise,0.706,68,48,20,0
105,breakfast,0.644,668,430,238,0
106,wifi,0.231,13,3,10,1
106,pool,0.0,1,0,1,1
106,gym,0.5,2,1,1,1
106,restaurant,0.7,20,14,6,1
106,room_service,0.0,4,0,4,1
106,staff,0.968,62,60,2,0
106,cleanliness,0.8,25,20,5,0
106,location,0.872,78,68,10,0
106,room_comfort,0.692,143,99,44,0
106,value,0.4,15,6,9,0
106,noise,0.222,18,4,14,0
106,breakfast,0.8,75,60,15,0
107,wifi,0.167,6,1,5,1
107,restaurant,0.923,13,12,1,1
107,staff,0.918,61,56,5,0
107,cleanliness,0.789,19,15,4,0
107,location,0.974,78,76,2,0
107,room_comfort,0.589,95,56,39,0
107,value,0.5,20,10,10,0
107,noise,0.778,18,14,4,0
107,breakfast,0.733,15,11,4,0
108,wifi,0.333,6,2,4,1
108,restaurant,0.905,21,19,2,1
108,room_service,0.0,1,0,1,1
108,staff,0.929,98,91,7,0
108,cleanliness,0.889,36,32,4,0
108,location,0.94,100,94,6,0
108,room_comfort,0.696,125,87,38,0
108,value,0.524,21,11,10,0
108,noise,1.0,29,29,0,0
108,breakfast,0.58,50,29,21,0
109,wifi,0.333,9,3,6,1
109,gym,0.857,14,12,2,1
109,sauna,0.0,2,0,2,1
109,restaurant,0.706,51,36,15,1
109,room_service,0.316,19,6,13,1
109,lounge,0.714,7,5,2,1
109,event_space,1.0,1,1,0,1
109,staff,0.851,241,205,36,0
109,cleanliness,0.812,48,39,9,0
109,location,0.954,239,228,11,0
109,room_comfort,0.652,336,219,117,0
109,value,0.171,76,13,63,0
109,noise,0.444,36,16,20,0
109,breakfast,0.44,84,37,47,0
110,wifi,0.371,35,13,22,1
110,pool,0.0,2,0,2,1
110,gym,0.125,8,1,7,1
110,sauna,0.0,3,0,3,1
110,restaurant,0.625,56,35,21,1
110,room_service,0.32,25,8,17,1
110,lounge,0.32,25,8,17,1
110,event_space,0.333,3,1,2,1
110,staff,0.765,425,325,100,0
110,cleanliness,0.4,110,44,66,0
110,location,0.952,563,536,27,0
110,room_comfort,0.259,632,164,468,0
110,value,0.353,119,42,77,0
110,noise,0.073,96,7,89,0
110,breakfast,0.547,190,104,86,0
111,wifi,0.385,13,5,8,1
111,gym,0.0,2,0,2,1
111,restaurant,0.583,12,7,5,1
111,staff,0.697,33,23,10,0
111,cleanliness,0.704,27,19,8,0
111,location,0.908,76,69,7,0
111,room_comfort,0.63,100,63,37,0
111,value,0.471,17,8,9,0
111,noise,0.235,17,4,13,0
111,breakfast,0.457,46,21,25,0
112,wifi,0.769,13,10,3,1
112,pool,0.0,1,0,1,1
112,gym,0.0,1,0,1,1
112,restaurant,0.682,66,45,21,1
112,room_service,0.333,6,2,4,1
112,lounge,0.25,4,1,3,1
112,event_space,0.5,2,1,1,1
112,staff,0.751,213,160,53,0
112,cleanliness,0.442,77,34,43,0
112,location,0.874,135,118,17,0
112,room_comfort,0.558,373,208,165,0
112,value,0.292,65,19,46,0
112,noise,0.279,68,19,49,0
112,breakfast,0.583,96,56,40,0
113,wifi,0.0,1,0,1,1
113,pool,0.0,1,0,1,1
113,gym,0.667,3,2,1,1
113,restaurant,0.75,16,12,4,1
113,room_service,0.778,9,7,2,1
113,lounge,1.0,1,1,0,1
113,staff,0.962,79,76,3,0
113,cleanliness,1.0,10,10,0,0
113,location,0.891,46,41,5,0
113,room_comfort,0.739,92,68,24,0
113,value,0.143,21,3,18,0
113,noise,0.588,17,10,7,0
113,breakfast,0.8,40,32,8,0
114,wifi,0.5,6,3,3,1
114,restaurant,0.625,8,5,3,1
114,lounge,0.0,1,0,1,1
114,staff,0.667,36,24,12,0
114,cleanliness,0.667,24,16,8,0
114,location,0.968,63,61,2,0
114,room_comfort,0.5,66,33,33,0
114,value,0.471,17,8,9,0
114,noise,0.385,13,5,8,0
114,breakfast,0.261,23,6,17,0
115,wifi,0.481,27,13,14,1
115,pool,0.0,10,0,10,1
115,gym,0.0,15,0,15,1
115,sauna,0.111,9,1,8,1
115,restaurant,0.693,75,52,23,1
115,room_service,0.3,20,6,14,1
115,lounge,0.818,11,9,2,1
115,event_space,0.143,7,1,6,1
115,staff,0.655,531,348,183,0
115,cleanliness,0.644,188,121,67,0
115,location,0.928,692,642,50,0
115,room_comfort,0.499,852,425,427,0
115,value,0.172,250,43,207,0
115,noise,0.287,136,39,97,0
115,breakfast,0.633,330,209,121,0
116,wifi,0.0,4,0,4,1
116,restaurant,0.0,1,0,1,1
116,event_space,0.0,1,0,1,1
116,staff,0.8,5,4,1,0
116,cleanliness,1.0,1,1,0,0
116,location,0.5,4,2,2,0
116,room_comfort,0.571,7,4,3,0
116,value,0.0,1,0,1,0
116,noise,0.5,2,1,1,0
116,breakfast,0.857,7,6,1,0
117,wifi,0.5,2,1,1,1
117,gym,0.0,2,0,2,1
117,restaurant,1.0,1,1,0,1
117,room_service,0.5,2,1,1,1
117,lounge,1.0,1,1,0,1
117,staff,0.808,26,21,5,0
117,cleanliness,0.895,19,17,2,0
117,location,0.963,27,26,1,0
117,room_comfort,0.545,33,18,15,0
117,value,0.0,6,0,6,0
117,noise,0.7,10,7,3,0
117,breakfast,0.385,13,5,8,0
118,wifi,0.5,14,7,7,1
118,pool,1.0,1,1,0,1
118,restaurant,0.769,13,10,3,1
118,room_service,0.5,2,1,1,1
118,staff,0.863,146,126,20,0
118,cleanliness,0.815,65,53,12,0
118,location,0.94,199,187,12,0
118,room_comfort,0.58,243,141,102,0
118,value,0.385,39,15,24,0
118,noise,0.667,48,32,16,0
118,breakfast,0.393,61,24,37,0
119,wifi,0.5,6,3,3,1
119,pool,0.0,3,0,3,1
119,gym,1.0,3,3,0,1
119,sauna,0.769,13,10,3,1
119,restaurant,0.667,12,8,4,1
119,room_service,0.667,6,4,2,1
119,lounge,1.0,4,4,0,1
119,staff,0.864,59,51,8,0
119,cleanliness,0.692,13,9,4,0
119,location,0.98,50,49,1,0
119,room_comfort,0.613,62,38,24,0
119,value,0.125,16,2,14,0
119,noise,0.5,6,3,3,0
119,breakfast,0.636,22,14,8,0
120,pool,0.0,3,0,3,1
120,gym,0.0,1,0,1,1
120,restaurant,0.429,7,3,4,1
120,room_service,1.0,1,1,0,1
120,lounge,1.0,1,1,0,1
120,event_space,1.0,1,1,0,1
120,staff,0.818,22,18,4,0
120,cleanliness,1.0,12,12,0,0
120,location,1.0,14,14,0,0
120,room_comfort,0.812,32,26,6,0
120,value,0.571,7,4,3,0
120,noise,1.0,3,3,0,0
120,breakfast,0.545,11,6,5,0
121,wifi,0.333,3,1,2,1
121,pool,0.0,1,0,1,1
121,sauna,0.0,1,0,1,1
121,staff,0.867,15,13,2,0
121,cleanliness,0.909,11,10,1,0
121,location,1.0,28,28,0,0
121,room_comfort,0.395,38,15,23,0
121,value,0.8,5,4,1,0
121,noise,1.0,2,2,0,0
121,breakfast,0.5,8,4,4,0
122,wifi,0.75,16,12,4,1
122,sauna,1.0,1,1,0,1
122,restaurant,0.938,32,30,2,1
122,lounge,0.0,1,0,1,1
122,staff,0.935,186,174,12,0
122,cleanliness,0.921,76,70,6,0
122,location,0.961,154,148,6,0
122,room_comfort,0.626,246,154,92,0
122,value,0.806,36,29,7,0
122,noise,0.738,42,31,11,0
122,breakfast,0.242,33,8,25,0
123,wifi,0.1,10,1,9,1
123,pool,0.0,1,0,1,1
123,gym,0.0,2,0,2,1
123,sauna,0.0,1,0,1,1
123,restaurant,1.0,5,5,0,1
123,room_service,0.0,1,0,1,1
123,staff,0.79,105,83,22,0
123,cleanliness,0.826,23,19,4,0
123,location,0.957,117,112,5,0
123,room_comfort,0.554,101,56,45,0
123,value,0.36,25,9,16,0
123,noise,0.267,15,4,11,0
123,breakfast,0.5,36,18,18,0
124,wifi,0.5,2,1,1,1
124,sauna,1.0,1,1,0,1
124,restaurant,1.0,1,1,0,1
124,staff,1.0,29,29,0,0
124,cleanliness,0.882,17,15,2,0
124,location,0.808,26,21,5,0
124,room_comfort,0.711,45,32,13,0
124,value,0.25,8,2,6,0
124,noise,0.833,6,5,1,0
124,breakfast,0.2,10,2,8,0
125,wifi,0.25,4,1,3,1
125,sauna,0.0,1,0,1,1
125,restaurant,0.889,9,8,1,1
125,room_service,0.0,3,0,3,1
125,lounge,0.0,1,0,1,1
125,event_space,1.0,1,1,0,1
125,staff,0.967,61,59,2,0
125,cleanliness,0.75,12,9,3,0
125,location,0.981,52,51,1,0
125,room_comfort,0.536,69,37,32,0
125,value,0.3,10,3,7,0
125,noise,0.88,25,22,3,0
125,breakfast,0.714,35,25,10,0
126,wifi,0.318,44,14,30,1
126,pool,1.0,1,1,0,1
126,gym,0.0,1,0,1,1
126,sauna,0.333,3,1,2,1
126,restaurant,0.923,26,24,2,1
126,room_service,0.0,1,0,1,1
126,lounge,0.889,18,16,2,1
126,staff,0.838,179,150,29,0
126,cleanliness,0.745,94,70,24,0
126,location,0.974,310,302,8,0
126,room_comfort,0.424,337,143,194,0
126,value,0.554,83,46,37,0
126,noise,0.239,71,17,54,0
126,breakfast,0.755,143,108,35,0
127,wifi,1.0,1,1,0,1
127,pool,0.0,1,0,1,1
127,gym,0.0,1,0,1,1
127,restaurant,0.615,13,8,5,1
127,room_service,0.0,3,0,3,1
127,staff,0.909,44,40,4,0
127,cleanliness,0.667,9,6,3,0
127,location,1.0,30,30,0,0
127,room_comfort,0.667,48,32,16,0
127,value,0.2,10,2,8,0
127,noise,0.714,7,5,2,0
127,breakfast,0.2,15,3,12,0
128,restaurant,0.0,1,0,1,1
128,staff,1.0,4,4,0,0
128,cleanliness,1.0,2,2,0,0
128,location,1.0,9,9,0,0
128,room_comfort,0.333,12,4,8,0
128,value,1.0,1,1,0,0
128,noise,1.0,1,1,0,0
128,breakfast,1.0,1,1,0,0
129,wifi,0.562,16,9,7,1
129,gym,1.0,1,1,0,1
129,restaurant,0.833,42,35,7,1
129,room_service,0.5,2,1,1,1
129,lounge,0.0,1,0,1,1
129,staff,0.878,205,180,25,0
129,cleanliness,0.861,79,68,11,0
129,location,0.863,153,132,21,0
129,room_comfort,0.609,294,179,115,0
129,value,0.6,60,36,24,0
129,noise,0.315,54,17,37,0
129,breakfast,0.509,57,29,28,0
130,wifi,0.0,5,0,5,1
130,restaurant,1.0,2,2,0,1
130,room_service,0.5,2,1,1,1
130,staff,0.792,24,19,5,0
130,cleanliness,0.857,7,6,1,0
130,location,0.97,33,32,1,0
130,room_comfort,0.5,38,19,19,0
130,value,0.0,4,0,4,0
130,noise,0.375,8,3,5,0
130,breakfast,0.455,11,5,6,0
131,wifi,0.473,91,43,48,1
131,pool,0.1,10,1,9,1
131,gym,0.143,7,1,6,1
131,sauna,0.0,4,0,4,1
131,restaurant,0.541,181,98,83,1
131,room_service,0.371,35,13,22,1
131,lounge,1.0,7,7,0,1
131,staff,0.808,778,629,149,0
131,cleanliness,0.831,461,383,78,0
131,location,0.72,540,389,151,0
131,room_comfort,0.69,1219,841,378,0
131,value,0.477,310,148,162,0
131,noise,0.729,140,102,38,0
131,breakfast,0.711,575,409,166,0
132,wifi,0.143,7,1,6,1
132,gym,0.0,2,0,2,1
132,restaurant,1.0,10,10,0,1
132,room_service,0.571,7,4,3,1
132,lounge,0.0,1,0,1,1
132,event_space,0.667,3,2,1,1
132,staff,0.906,85,77,8,0
132,cleanliness,0.842,19,16,3,0
132,location,0.918,98,90,8,0
132,room_comfort,0.522,113,59,54,0
132,value,0.103,29,3,26,0
132,noise,0.6,20,12,8,0
132,breakfast,0.5,36,18,18,0
133,wifi,0.5,14,7,7,1
133,gym,0.0,3,0,3,1
133,sauna,0.0,1,0,1,1
133,restaurant,0.889,9,8,1,1
133,room_service,0.2,5,1,4,1
133,staff,0.837,92,77,15,0
133,cleanliness,0.862,29,25,4,0
133,location,0.948,115,109,6,0
133,room_comfort,0.505,103,52,51,0
133,value,0.357,14,5,9,0
133,noise,0.1,10,1,9,0
133,breakfast,0.677,31,21,10,0
134,wifi,0.0,4,0,4,1
134,pool,0.0,4,0,4,1
134,gym,0.0,4,0,4,1
134,sauna,0.0,1,0,1,1
134,restaurant,0.7,10,7,3,1
134,room_service,0.5,2,1,1,1
134,event_space,0.5,2,1,1,1
134,staff,0.839,93,78,15,0
134,cleanliness,0.455,33,15,18,0
134,location,0.881,101,89,12,0
134,room_comfort,0.383,128,49,79,0
134,value,0.292,24,7,17,0
134,noise,0.129,31,4,27,0
134,breakfast,0.843,83,70,13,0
135,wifi,0.0,2,0,2,1
135,sauna,0.0,1,0,1,1
135,restaurant,0.667,3,2,1,1
135,room_service,1.0,1,1,0,1
135,staff,0.889,18,16,2,0
135,cleanliness,0.75,4,3,1,0
135,location,0.667,9,6,3,0
135,room_comfort,0.667,18,12,6,0
135,value,0.5,2,1,1,0
135,noise,0.75,4,3,1,0
135,breakfast,0.286,7,2,5,0
136,wifi,0.22,50,11,39,1
136,pool,0.0,6,0,6,1
136,gym,0.0,2,0,2,1
136,sauna,0.0,3,0,3,1
136,restaurant,0.737,57,42,15,1
136,room_service,0.19,21,4,17,1
136,lounge,0.0,3,0,3,1
136,event_space,0.5,2,1,1,1
136,staff,0.642,483,310,173,0
136,cleanliness,0.318,289,92,197,0
136,location,0.955,639,610,29,0
136,room_comfort,0.369,843,311,532,0
136,value,0.131,176,23,153,0
136,noise,0.209,86,18,68,0
136,breakfast,0.683,243,166,77,0
137,wifi,0.8,5,4,1,1
137,restaurant,1.0,7,7,0,1
137,staff,0.857,35,30,5,0
137,cleanliness,0.923,13,12,1,0
137,location,0.918,61,56,5,0
137,room_comfort,0.343,67,23,44,0
137,value,0.364,11,4,7,0
137,noise,0.2,5,1,4,0
137,breakfast,0.545,11,6,5,0
138,wifi,0.448,29,13,16,1
138,gym,0.0,2,0,2,1
138,restaurant,0.429,14,6,8,1
138,room_service,0.0,2,0,2,1
138,lounge,1.0,3,3,0,1
138,staff,0.803,152,122,30,0
138,cleanliness,0.92,87,80,7,0
138,location,0.85,233,198,35,0
138,room_comfort,0.62,255,158,97,0
138,value,0.569,51,29,22,0
138,noise,0.564,39,22,17,0
138,breakfast,0.777,139,108,31,0
139,wifi,0.273,44,12,32,1
139,pool,0.5,2,1,1,1
139,gym,0.75,16,12,4,1
139,sauna,0.0,1,0,1,1
139,restaurant,0.58,50,29,21,1
139,room_service,0.333,21,7,14,1
139,lounge,0.2,10,2,8,1
139,event_space,1.0,1,1,0,1
139,staff,0.658,395,260,135,0
139,cleanliness,0.856,222,190,32,0
139,location,0.802,303,243,60,0
139,room_comfort,0.599,634,380,254,0
139,value,0.469,177,83,94,0
139,noise,0.487,115,56,59,0
139,breakfast,0.42,169,71,98,0
140,wifi,0.368,19,7,12,1
140,pool,0.0,1,0,1,1
140,gym,0.0,1,0,1,1
140,restaurant,0.853,34,29,5,1
140,room_service,0.25,4,1,3,1
140,lounge,1.0,4,4,0,1
140,event_space,0.0,1,0,1,1
140,staff,0.799,149,119,30,0
140,cleanliness,0.787,61,48,13,0
140,location,0.928,222,206,16,0
140,room_comfort,0.572,264,151,113,0
140,value,0.333,48,16,32,0
140,noise,0.821,39,32,7,0
140,breakfast,0.635,96,61,35,0
141,wifi,0.348,23,8,15,1
141,pool,1.0,2,2,0,1
141,gym,1.0,14,14,0,1
141,sauna,0.8,15,12,3,1
141,restaurant,0.231,13,3,10,1
141,room_service,0.143,7,1,6,1
141,lounge,0.0,1,0,1,1
141,staff,0.754,69,52,17,0
141,cleanliness,0.854,41,35,6,0
141,location,0.854,96,82,14,0
141,room_comfort,0.643,112,72,40,0
141,value,0.214,42,9,33,0
141,noise,0.615,26,16,10,0
141,breakfast,0.532,77,41,36,0
142,wifi,0.333,3,1,2,1
142,pool,0.0,6,0,6,1
142,gym,0.125,8,1,7,1
142,sauna,0.143,7,1,6,1
142,restaurant,0.667,45,30,15,1
142,room_service,0.75,8,6,2,1
142,lounge,0.5,2,1,1,1
142,staff,0.879,232,204,28,0
142,cleanliness,0.788,33,26,7,0
142,location,0.938,130,122,8,0
142,room_comfort,0.609,258,157,101,0
142,value,0.193,57,11,46,0
142,noise,0.303,33,10,23,0
142,breakfast,0.471,68,32,36,0
143,wifi,0.133,15,2,13,1
143,pool,0.15,40,6,34,1
143,gym,0.55,20,11,9,1
143,sauna,0.54,161,87,74,1
143,restaurant,0.436,101,44,57,1
143,room_service,0.235,17,4,13,1
143,lounge,0.5,6,3,3,1
143,event_space,0.0,1,0,1,1
143,staff,0.555,328,182,146,0
143,cleanliness,0.589,124,73,51,0
143,location,0.599,182,109,73,0
143,room_comfort,0.588,639,376,263,0
143,value,0.35,123,43,80,0
143,noise,0.361,72,26,46,0
143,breakfast,0.504,131,66,65,0
144,wifi,0.333,9,3,6,1
144,gym,0.0,2,0,2,1
144,restaurant,0.625,8,5,3,1
144,room_service,1.0,2,2,0,1
144,lounge,1.0,1,1,0,1
144,staff,0.884,43,38,5,0
144,cleanliness,0.857,35,30,5,0
144,location,0.894,47,42,5,0
144,room_comfort,0.544,79,43,36,0
144,value,0.5,12,6,6,0
144,noise,0.412,17,7,10,0
144,breakfast,0.727,33,24,9,0
145,wifi,0.903,62,56,6,1
145,pool,0.0,1,0,1,1
145,gym,0.0,11,0,11,1
145,sauna,0.0,2,0,2,1
145,restaurant,0.647,51,33,18,1
145,room_service,0.405,37,15,22,1
145,lounge,0.7,50,35,15,1
145,staff,0.714,556,397,159,0
145,cleanliness,0.696,273,190,83,0
145,location,0.964,635,612,23,0
145,room_comfort,0.625,803,502,301,0
145,value,0.313,134,42,92,0
145,noise,0.398,83,33,50,0
145,breakfast,0.641,262,168,94,0
146,wifi,0.4,5,2,3,1
146,pool,0.45,20,9,11,1
146,gym,0.25,4,1,3,1
146,sauna,0.0,1,0,1,1
146,restaurant,0.7,10,7,3,1
146,room_service,1.0,1,1,0,1
146,staff,0.922,64,59,5,0
146,cleanliness,0.619,21,13,8,0
146,location,0.976,83,81,2,0
146,room_comfort,0.562,96,54,42,0
146,value,0.417,24,10,14,0
146,noise,0.273,11,3,8,0
146,breakfast,0.5,26,13,13,0
147,wifi,0.278,54,15,39,1
147,pool,0.059,17,1,16,1
147,gym,0.714,28,20,8,1
147,sauna,0.532,47,25,22,1
147,restaurant,0.821,173,142,31,1
147,room_service,0.7,50,35,15,1
147,lounge,0.667,15,10,5,1
147,event_space,1.0,5,5,0,1
147,staff,0.876,1070,937,133,0
147,cleanliness,0.702,258,181,77,0
147,location,0.939,925,869,56,0
147,room_comfort,0.543,1354,735,619,0
147,value,0.33,303,100,203,0
147,noise,0.451,184,83,101,0
147,breakfast,0.564,544,307,237,0
148,wifi,0.625,16,10,6,1
148,pool,0.554,74,41,33,1
148,gym,0.0,1,0,1,1
148,sauna,0.0,3,0,3,1
148,restaurant,0.814,43,35,8,1
148,room_service,0.25,4,1,3,1
148,lounge,1.0,3,3,0,1
148,event_space,0.0,1,0,1,1
148,staff,0.872,235,205,30,0
148,cleanliness,0.839,93,78,15,0
148,location,0.938,260,244,16,0
148,room_comfort,0.652,299,195,104,0
148,value,0.451,51,23,28,0
148,noise,0.5,76,38,38,0
148,breakfast,0.769,130,100,30,0
149,wifi,0.25,4,1,3,1
149,gym,0.0,3,0,3,1
149,sauna,0.0,1,0,1,1
149,restaurant,0.636,11,7,4,1
149,room_service,0.0,1,0,1,1
149,lounge,0.0,1,0,1,1
149,staff,0.765,34,26,8,0
149,cleanliness,0.6,5,3,2,0
149,location,0.9,20,18,2,0
149,room_comfort,0.418,55,23,32,0
149,value,0.2,10,2,8,0
149,noise,0.143,7,1,6,0
149,breakfast,0.562,16,9,7,0
150,wifi,1.0,1,1,0,1
150,gym,0.0,1,0,1,1
150,restaurant,0.778,9,7,2,1
150,lounge,1.0,3,3,0,1
150,staff,0.986,70,69,1,0
150,cleanliness,1.0,12,12,0,0
150,location,0.971,34,33,1,0
150,room_comfort,0.804,51,41,10,0
150,value,0.444,9,4,5,0
150,noise,0.727,11,8,3,0
150,breakfast,0.727,22,16,6,0
151,wifi,0.062,16,1,15,1
151,pool,0.0,2,0,2,1
151,gym,0.0,5,0,5,1
151,sauna,0.0,4,0,4,1
151,restaurant,0.692,13,9,4,1
151,room_service,0.667,3,2,1,1
151,lounge,1.0,1,1,0,1
151,staff,0.848,79,67,12,0
151,cleanliness,0.762,21,16,5,0
151,location,0.956,68,65,3,0
151,room_comfort,0.405,111,45,66,0
151,value,0.179,28,5,23,0
151,noise,0.125,8,1,7,0
151,breakfast,0.423,26,11,15,0
152,wifi,0.077,13,1,12,1
152,gym,0.0,2,0,2,1
152,sauna,0.0,2,0,2,1
152,restaurant,0.312,16,5,11,1
152,room_service,0.0,1,0,1,1
152,event_space,1.0,1,1,0,1
152,staff,0.548,62,34,28,0
152,cleanliness,0.898,49,44,5,0
152,location,0.778,63,49,14,0
152,room_comfort,0.698,126,88,38,0
152,value,0.591,22,13,9,0
152,noise,0.522,23,12,11,0
152,breakfast,0.6,45,27,18,0
153,wifi,0.486,35,17,18,1
153,pool,0.0,7,0,7,1
153,gym,0.333,6,2,4,1
153,sauna,0.0,7,0,7,1
153,restaurant,0.738,42,31,11,1
153,room_service,0.261,23,6,17,1
153,lounge,1.0,1,1,0,1
153,staff,0.752,322,242,80,0
153,cleanliness,0.738,183,135,48,0
153,location,0.951,487,463,24,0
153,room_comfort,0.575,550,316,234,0
153,value,0.183,142,26,116,0
153,noise,0.25,96,24,72,0
153,breakfast,0.649,185,120,65,0
154,wifi,0.0,5,0,5,1
154,pool,0.727,11,8,3,1
154,gym,0.167,6,1,5,1
154,sauna,0.6,15,9,6,1
154,restaurant,0.722,18,13,5,1
154,room_service,0.125,8,1,7,1
154,lounge,1.0,1,1,0,1
154,event_space,0.0,1,0,1,1
154,staff,0.805,82,66,16,0
154,cleanliness,0.833,24,20,4,0
154,location,0.975,79,77,2,0
154,room_comfort,0.649,94,61,33,0
154,value,0.333,15,5,10,0
154,noise,0.632,19,12,7,0
154,breakfast,0.553,38,21,17,0
155,wifi,0.4,5,2,3,1
155,pool,1.0,1,1,0,1
155,gym,0.0,1,0,1,1
155,restaurant,0.781,32,25,7,1
155,room_service,0.0,2,0,2,1
155,staff,0.959,195,187,8,0
155,cleanliness,0.948,58,55,3,0
155,location,0.978,93,91,2,0
155,room_comfort,0.446,222,99,123,0
155,value,0.395,43,17,26,0
155,noise,0.429,21,9,12,0
155,breakfast,0.629,62,39,23,0
156,wifi,0.4,10,4,6,1
156,restaurant,0.955,22,21,1,1
156,lounge,0.0,1,0,1,1
156,staff,0.96,124,119,5,0
156,cleanliness,0.938,48,45,3,0
156,location,0.94,117,110,7,0
156,room_comfort,0.669,124,83,41,0
156,value,0.556,27,15,12,0
156,noise,0.919,37,34,3,0
156,breakfast,0.667,33,22,11,0
157,wifi,0.2,5,1,4,1
157,pool,0.0,1,0,1,1
157,gym,0.0,2,0,2,1
157,restaurant,0.222,9,2,7,1
157,room_service,0.0,2,0,2,1
157,staff,0.667,51,34,17,0
157,cleanliness,0.933,15,14,1,0
157,location,0.424,33,14,19,0
157,room_comfort,0.704,54,38,16,0
157,value,0.25,12,3,9,0
157,noise,0.6,5,3,2,0
157,breakfast,0.528,36,19,17,0
158,wifi,0.571,7,4,3,1
158,gym,1.0,1,1,0,1
158,restaurant,0.625,8,5,3,1
158,room_service,0.0,2,0,2,1
158,staff,0.824,51,42,9,0
158,cleanliness,0.81,21,17,4,0
158,location,0.962,53,51,2,0
158,room_comfort,0.647,68,44,24,0
158,value,0.455,11,5,6,0
158,noise,0.5,4,2,2,0
158,breakfast,0.5,22,11,11,0
159,wifi,0.167,6,1,5,1
159,pool,0.0,1,0,1,1
159,gym,0.0,1,0,1,1
159,restaurant,0.75,4,3,1,1
159,room_service,0.0,1,0,1,1
159,lounge,0.0,1,0,1,1
159,staff,0.818,66,54,12,0
159,cleanliness,0.524,21,11,10,0
159,location,0.901,91,82,9,0
159,room_comfort,0.389,95,37,58,0
159,value,0.222,18,4,14,0
159,noise,0.368,19,7,12,0
159,breakfast,0.375,24,9,15,0
160,wifi,1.0,2,2,0,1
160,sauna,0.0,1,0,1,1
160,restaurant,0.7,20,14,6,1
160,room_service,0.5,2,1,1,1
160,lounge,0.333,3,1,2,1
160,staff,0.936,78,73,5,0
160,cleanliness,0.917,12,11,1,0
160,location,0.974,38,37,1,0
160,room_comfort,0.731,93,68,25,0
160,value,0.5,12,6,6,0
160,noise,0.778,9,7,2,0
160,breakfast,0.897,39,35,4,0
161,pool,1.0,1,1,0,1
161,restaurant,0.5,4,2,2,1
161,staff,0.917,12,11,1,0
161,location,1.0,1,1,0,0
161,room_comfort,0.8,10,8,2,0
161,value,0.0,5,0,5,0
161,noise,0.0,1,0,1,0
161,breakfast,0.8,5,4,1,0
162,wifi,0.6,5,3,2,1
162,gym,0.0,1,0,1,1
162,sauna,1.0,1,1,0,1
162,restaurant,1.0,4,4,0,1
162,staff,0.963,54,52,2,0
162,cleanliness,1.0,7,7,0,0
162,location,0.967,30,29,1,0
162,room_comfort,0.656,32,21,11,0
162,value,0.25,8,2,6,0
162,noise,0.769,13,10,3,0
162,breakfast,0.692,13,9,4,0
163,wifi,0.5,6,3,3,1
163,pool,0.0,1,0,1,1
163,gym,0.0,1,0,1,1
163,sauna,0.333,6,2,4,1
163,restaurant,0.75,8,6,2,1
163,room_service,0.333,3,1,2,1
163,staff,0.913,46,42,4,0
163,cleanliness,0.789,19,15,4,0
163,location,0.9,30,27,3,0
163,room_comfort,0.821,56,46,10,0
163,value,0.353,17,6,11,0
163,noise,0.889,9,8,1,0
163,breakfast,0.455,22,10,12,0
164,wifi,0.0,2,0,2,1
164,sauna,0.0,1,0,1,1
164,restaurant,1.0,6,6,0,1
164,room_service,0.5,2,1,1,1
164,staff,0.852,27,23,4,0
164,cleanliness,0.429,14,6,8,0
164,location,0.973,37,36,1,0
164,room_comfort,0.486,35,17,18,0
164,value,0.462,13,6,7,0
164,noise,0.2,5,1,4,0
164,breakfast,0.273,11,3,8,0
165,wifi,0.75,4,3,1,1
165,pool,0.0,4,0,4,1
165,gym,0.444,9,4,5,1
165,sauna,0.625,8,5,3,1
165,restaurant,0.25,8,2,6,1
165,room_service,0.333,3,1,2,1
165,staff,0.91,67,61,6,0
165,cleanliness,0.839,31,26,5,0
165,location,0.821,95,78,17,0
165,room_comfort,0.618,89,55,34,0
165,value,0.3,10,3,7,0
165,noise,0.273,11,3,8,0
165,breakfast,0.698,53,37,16,0
166,wifi,0.667,9,6,3,1
166,restaurant,0.88,25,22,3,1
166,room_service,0.0,1,0,1,1
166,staff,0.845,84,71,13,0
166,cleanliness,0.912,57,52,5,0
166,location,0.918,97,89,8,0
166,room_comfort,0.548,146,80,66,0
166,value,0.476,21,10,11,0
166,noise,0.781,32,25,7,0
166,breakfast,0.421,38,16,22,0
167,wifi,0.143,42,6,36,1
167,restaurant,0.5,20,10,10,1
167,room_service,0.333,3,1,2,1
167,staff,0.764,89,68,21,0
167,cleanliness,0.867,75,65,10,0
167,location,0.854,82,70,12,0
167,room_comfort,0.527,148,78,70,0
167,value,0.509,57,29,28,0
167,noise,0.444,18,8,10,0
167,breakfast,0.6,70,42,28,0
168,wifi,0.615,13,8,5,1
168,sauna,0.0,1,0,1,1
168,restaurant,0.688,16,11,5,1
168,room_service,0.25,8,2,6,1
168,staff,0.836,128,107,21,0
168,cleanliness,0.773,44,34,10,0
168,location,0.922,115,106,9,0
168,room_comfort,0.507,150,76,74,0
168,value,0.24,25,6,19,0
168,noise,0.26,50,13,37,0
168,breakfast,0.5,16,8,8,0
169,wifi,0.647,17,11,6,1
169,gym,0.0,5,0,5,1
169,sauna,0.0,1,0,1,1
169,restaurant,0.816,87,71,16,1
169,room_service,0.438,16,7,9,1
169,lounge,1.0,2,2,0,1
169,staff,0.847,458,388,70,0
169,cleanliness,0.805,133,107,26,0
169,location,0.946,518,490,28,0
169,room_comfort,0.465,607,282,325,0
169,value,0.285,130,37,93,0
169,noise,0.37,119,44,75,0
169,breakfast,0.345,119,41,78,0
170,wifi,0.4,5,2,3,1
170,gym,0.0,1,0,1,1
170,restaurant,0.923,13,12,1,1
170,room_service,0.0,3,0,3,1
170,staff,0.87,54,47,7,0
170,cleanliness,0.963,27,26,1,0
170,location,0.972,72,70,2,0
170,room_comfort,0.652,89,58,31,0
170,value,0.167,18,3,15,0
170,noise,0.75,8,6,2,0
170,breakfast,0.452,31,14,17,0
171,wifi,0.267,15,4,11,1
171,pool,0.0,5,0,5,1
171,gym,0.5,6,3,3,1
171,sauna,0.706,17,12,5,1
171,restaurant,0.52,25,13,12,1
171,room_service,0.875,8,7,1,1
171,lounge,0.5,2,1,1,1
171,staff,0.837,104,87,17,0
171,cleanliness,0.72,25,18,7,0
171,location,0.992,129,128,1,0
171,room_comfort,0.569,144,82,62,0
171,value,0.316,38,12,26,0
171,noise,0.917,12,11,1,0
171,breakfast,0.61,82,50,32,0
172,wifi,0.167,6,1,5,1
172,pool,1.0,1,1,0,1
172,gym,0.0,1,0,1,1
172,restaurant,0.923,26,24,2,1
172,room_service,0.0,2,0,2,1
172,lounge,0.875,16,14,2,1
172,staff,0.933,180,168,12,0
172,cleanliness,0.8,30,24,6,0
172,location,0.986,147,145,2,0
172,room_comfort,0.777,148,115,33,0
172,value,0.267,30,8,22,0
172,noise,0.75,20,15,5,0
172,breakfast,0.516,64,33,31,0
173,wifi,0.667,6,4,2,1
173,pool,0.0,2,0,2,1
173,gym,0.0,3,0,3,1
173,sauna,0.0,2,0,2,1
173,restaurant,0.8,10,8,2,1
173,room_service,0.4,5,2,3,1
173,lounge,1.0,1,1,0,1
173,staff,0.957,139,133,6,0
173,cleanliness,0.919,37,34,3,0
173,location,0.925,93,86,7,0
173,room_comfort,0.794,131,104,27,0
173,value,0.519,27,14,13,0
173,noise,0.704,27,19,8,0
173,breakfast,0.484,31,15,16,0
174,wifi,0.692,13,9,4,1
174,gym,1.0,2,2,0,1
174,sauna,0.423,26,11,15,1
174,restaurant,0.864,44,38,6,1
174,room_service,0.5,2,1,1,1
174,event_space,0.0,1,0,1,1
174,staff,0.77,126,97,29,0
174,cleanliness,0.939,33,31,2,0
174,location,0.707,75,53,22,0
174,room_comfort,0.699,133,93,40,0
174,value,0.455,33,15,18,0
174,noise,0.389,18,7,11,0
174,breakfast,0.876,105,92,13,0
175,wifi,0.325,80,26,54,1
175,pool,0.0,2,0,2,1
175,gym,0.0,3,0,3,1
175,sauna,0.0,1,0,1,1
175,restaurant,0.886,88,78,10,1
175,room_service,0.286,14,4,10,1
175,lounge,0.5,6,3,3,1
175,staff,0.722,478,345,133,0
175,cleanliness,0.459,283,130,153,0
175,location,0.937,904,847,57,0
175,room_comfort,0.478,946,452,494,0
175,value,0.437,190,83,107,0
175,noise,0.562,130,73,57,0
175,breakfast,0.694,248,172,76,0
176,wifi,1.0,4,4,0,1
176,sauna,1.0,1,1,0,1
176,room_service,0.0,2,0,2,1
176,event_space,1.0,1,1,0,1
176,staff,0.941,34,32,2,0
176,cleanliness,0.5,6,3,3,0
176,location,0.769,13,10,3,0
176,room_comfort,0.488,41,20,21,0
176,value,0.3,10,3,7,0
176,noise,1.0,1,1,0,0
176,breakfast,0.375,8,3,5,0
177,wifi,0.296,54,16,38,1
177,pool,0.2,5,1,4,1
177,gym,0.286,14,4,10,1
177,sauna,0.333,12,4,8,1
177,restaurant,0.733,206,151,55,1
177,room_service,0.25,16,4,12,1
177,lounge,0.5,2,1,1,1
177,event_space,1.0,2,2,0,1
177,staff,0.856,640,548,92,0
177,cleanliness,0.665,155,103,52,0
177,location,0.966,756,730,26,0
177,room_comfort,0.533,962,513,449,0
177,value,0.242,215,52,163,0
177,noise,0.26,154,40,114,0
177,breakfast,0.574,284,163,121,0
178,pool,0.667,3,2,1,1
178,sauna,1.0,3,3,0,1
178,restaurant,0.2,5,1,4,1
178,lounge,1.0,1,1,0,1
178,staff,0.875,16,14,2,0
178,cleanliness,0.286,7,2,5,0
178,location,0.846,13,11,2,0
178,room_comfort,0.588,17,10,7,0
178,value,0.0,5,0,5,0
178,noise,0.0,1,0,1,0
178,breakfast,0.923,13,12,1,0
179,wifi,0.471,17,8,9,1
179,gym,0.0,1,0,1,1
179,restaurant,1.0,22,22,0,1
179,room_service,0.333,3,1,2,1
179,lounge,1.0,2,2,0,1
179,staff,0.836,140,117,23,0
179,cleanliness,0.85,60,51,9,0
179,location,0.916,190,174,16,0
179,room_comfort,0.484,273,132,141,0
179,value,0.471,34,16,18,0
179,noise,0.462,39,18,21,0
179,breakfast,0.465,71,33,38,0
180,wifi,0.786,14,11,3,1
180,pool,0.386,57,22,35,1
180,gym,0.686,35,24,11,1
180,sauna,0.324,34,11,23,1
180,restaurant,0.551,98,54,44,1
180,room_service,0.364,22,8,14,1
180,lounge,0.538,13,7,6,1
180,event_space,0.0,3,0,3,1
180,staff,0.805,440,354,86,0
180,cleanliness,0.722,79,57,22,0
180,location,0.928,363,337,26,0
180,room_comfort,0.627,426,267,159,0
180,value,0.282,71,20,51,0
180,noise,0.289,83,24,59,0
180,breakfast,0.689,350,241,109,0
181,wifi,0.323,31,10,21,1
181,pool,0.34,53,18,35,1
181,gym,0.2,5,1,4,1
181,sauna,0.317,41,13,28,1
181,restaurant,0.656,64,42,22,1
181,room_service,0.375,16,6,10,1
181,lounge,1.0,2,2,0,1
181,event_space,0.5,2,1,1,1
181,staff,0.668,379,253,126,0
181,cleanliness,0.612,121,74,47,0
181,location,0.943,557,525,32,0
181,room_comfort,0.446,587,262,325,0
181,value,0.243,140,34,106,0
181,noise,0.56,84,47,37,0
181,breakfast,0.422,256,108,148,0
182,wifi,0.375,8,3,5,1
182,restaurant,0.667,3,2,1,1
182,event_space,1.0,1,1,0,1
182,staff,0.81,21,17,4,0
182,cleanliness,0.714,7,5,2,0
182,location,0.875,16,14,2,0
182,room_comfort,0.29,31,9,22,0
182,value,1.0,2,2,0,0
182,noise,0.1,10,1,9,0
182,breakfast,0.731,26,19,7,0
183,wifi,0.667,6,4,2,1
183,pool,0.333,6,2,4,1
183,gym,0.2,5,1,4,1
183,restaurant,0.778,18,14,4,1
183,room_service,0.0,1,0,1,1
183,lounge,0.667,27,18,9,1
183,staff,0.981,206,202,4,0
183,cleanliness,0.955,22,21,1,0
183,location,0.964,139,134,5,0
183,room_comfort,0.744,160,119,41,0
183,value,0.556,18,10,8,0
183,noise,0.55,40,22,18,0
183,breakfast,0.963,135,130,5,0
184,wifi,0.104,48,5,43,1
184,pool,0.111,9,1,8,1
184,gym,0.0,8,0,8,1
184,sauna,0.667,6,4,2,1
184,restaurant,0.732,56,41,15,1
184,room_service,0.286,7,2,5,1
184,lounge,0.0,1,0,1,1
184,staff,0.955,493,471,22,0
184,cleanliness,0.784,97,76,21,0
184,location,0.975,478,466,12,0
184,room_comfort,0.723,376,272,104,0
184,value,0.4,65,26,39,0
184,noise,0.795,39,31,8,0
184,breakfast,0.681,185,126,59,0
185,wifi,0.162,37,6,31,1
185,gym,0.0,1,0,1,1
185,sauna,0.0,1,0,1,1
185,restaurant,0.585,41,24,17,1
185,room_service,0.143,7,1,6,1
185,event_space,1.0,2,2,0,1
185,staff,0.726,186,135,51,0
185,cleanliness,0.812,85,69,16,0
185,location,0.951,226,215,11,0
185,room_comfort,0.596,324,193,131,0
185,value,0.284,74,21,53,0
185,noise,0.792,53,42,11,0
185,breakfast,0.672,180,121,59,0
186,wifi,0.538,13,7,6,1
186,pool,0.52,25,13,12,1
186,gym,0.375,8,3,5,1
186,sauna,0.778,9,7,2,1
186,restaurant,0.773,22,17,5,1
186,room_service,0.25,4,1,3,1
186,lounge,0.667,3,2,1,1
186,event_space,1.0,1,1,0,1
186,staff,0.899,306,275,31,0
186,cleanliness,0.853,95,81,14,0
186,location,0.956,271,259,12,0
186,room_comfort,0.601,328,197,131,0
186,value,0.396,53,21,32,0
186,noise,0.478,46,22,24,0
186,breakfast,0.709,110,78,32,0
187,wifi,0.6,5,3,2,1
187,gym,0.0,1,0,1,1
187,restaurant,0.429,7,3,4,1
187,room_service,1.0,1,1,0,1
187,staff,0.75,16,12,4,0
187,cleanliness,0.818,11,9,2,0
187,location,0.25,20,5,15,0
187,room_comfort,0.632,19,12,7,0
187,value,0.857,7,6,1,0
187,noise,0.0,2,0,2,0
187,breakfast,0.4,15,6,9,0
188,wifi,0.625,8,5,3,1
188,pool,0.558,43,24,19,1
188,gym,1.0,10,10,0,1
188,sauna,0.56,25,14,11,1
188,restaurant,0.538,26,14,12,1
188,room_service,0.667,6,4,2,1
188,staff,0.702,104,73,31,0
188,cleanliness,0.755,49,37,12,0
188,location,0.361,72,26,46,0
188,room_comfort,0.734,139,102,37,0
188,value,0.186,43,8,35,0
188,noise,0.25,8,2,6,0
188,breakfast,0.56,91,51,40,0
189,wifi,0.07,57,4,53,1
189,pool,0.0,1,0,1,1
189,gym,0.333,6,2,4,1
189,sauna,0.0,1,0,1,1
189,restaurant,0.582,91,53,38,1
189,room_service,0.4,10,4,6,1
189,lounge,0.578,45,26,19,1
189,event_space,1.0,4,4,0,1
189,staff,0.762,366,279,87,0
189,cleanliness,0.838,111,93,18,0
189,location,0.952,334,318,16,0
189,room_comfort,0.622,516,321,195,0
189,value,0.191,94,18,76,0
189,noise,0.365,74,27,47,0
189,breakfast,0.659,296,195,101,0
190,wifi,0.773,22,17,5,1
190,pool,0.5,2,1,1,1
190,gym,0.444,9,4,5,1
190,sauna,0.778,9,7,2,1
190,restaurant,0.71,31,22,9,1
190,room_service,0.231,13,3,10,1
190,lounge,1.0,1,1,0,1
190,staff,0.796,285,227,58,0
190,cleanliness,0.641,117,75,42,0
190,location,0.886,264,234,30,0
190,room_comfort,0.424,517,219,298,0
190,value,0.208,96,20,76,0
190,noise,0.564,94,53,41,0
190,breakfast,0.62,121,75,46,0
191,wifi,1.0,2,2,0,1
191,sauna,0.667,3,2,1,1
191,restaurant,0.25,4,1,3,1
191,room_service,0.333,6,2,4,1
191,staff,0.857,63,54,9,0
191,cleanliness,0.632,19,12,7,0
191,location,0.927,55,51,4,0
191,room_comfort,0.528,161,85,76,0
191,value,0.261,23,6,17,0
191,noise,0.688,16,11,5,0
191,breakfast,0.235,34,8,26,0
192,wifi,0.091,33,3,30,1
192,restaurant,1.0,13,13,0,1
192,room_service,0.5,8,4,4,1
192,lounge,0.5,2,1,1,1
192,staff,0.718,117,84,33,0
192,cleanliness,0.667,36,24,12,0
192,location,0.962,131,126,5,0
192,room_comfort,0.575,207,119,88,0
192,value,0.404,47,19,28,0
192,noise,0.533,45,24,21,0
192,breakfast,0.435,62,27,35,0
193,wifi,0.364,11,4,7,1
193,restaurant,0.724,29,21,8,1
193,room_service,0.5,2,1,1,1
193,lounge,1.0,2,2,0,1
193,staff,0.94,200,188,12,0
193,cleanliness,0.877,65,57,8,0
193,location,0.878,147,129,18,0
193,room_comfort,0.573,232,133,99,0
193,value,0.348,46,16,30,0
193,noise,0.695,105,73,32,0
193,breakfast,0.746,122,91,31,0
194,pool,0.0,1,0,1,1
194,restaurant,0.667,3,2,1,1
194,room_service,0.0,1,0,1,1
194,staff,0.818,22,18,4,0
194,cleanliness,1.0,3,3,0,0
194,location,0.9,10,9,1,0
194,room_comfort,0.826,23,19,4,0
194,value,0.333,3,1,2,0
194,noise,0.0,1,0,1,0
194,breakfast,0.4,5,2,3,0
195,restaurant,1.0,3,3,0,1
195,lounge,0.0,1,0,1,1
195,staff,0.667,12,8,4,0
195,cleanliness,0.75,8,6,2,0
195,location,0.895,19,17,2,0
195,room_comfort,0.308,26,8,18,0
195,value,0.0,3,0,3,0
195,noise,0.375,8,3,5,0
195,breakfast,0.375,8,3,5,0
196,wifi,0.5,2,1,1,1
196,pool,0.0,1,0,1,1
196,restaurant,0.833,6,5,1,1
196,room_service,0.333,3,1,2,1
196,lounge,1.0,2,2,0,1
196,event_space,1.0,1,1,0,1
196,staff,0.913,69,63,6,0
196,cleanliness,0.875,16,14,2,0
196,location,0.979,47,46,1,0
196,room_comfort,0.5,60,30,30,0
196,value,0.375,8,3,5,0
196,noise,0.25,4,1,3,0
196,breakfast,0.722,18,13,5,0
197,wifi,0.364,11,4,7,1
197,pool,0.0,1,0,1,1
197,gym,0.5,6,3,3,1
197,restaurant,0.677,31,21,10,1
197,room_service,0.6,10,6,4,1
197,event_space,1.0,1,1,0,1
197,staff,0.9,190,171,19,0
197,cleanliness,0.933,105,98,7,0
197,location,0.481,108,52,56,0
197,room_comfort,0.773,238,184,54,0
197,value,0.575,40,23,17,0
197,noise,0.677,31,21,10,0
197,breakfast,0.716,116,83,33,0
198,wifi,0.75,4,3,1,1
198,gym,0.571,7,4,3,1
198,sauna,1.0,1,1,0,1
198,restaurant,0.667,96,64,32,1
198,room_service,0.462,13,6,7,1
198,lounge,0.667,3,2,1,1
198,staff,0.874,419,366,53,0
198,cleanliness,0.892,120,107,13,0
198,location,0.966,436,421,15,0
198,room_comfort,0.508,606,308,298,0
198,value,0.171,129,22,107,0
198,noise,0.48,75,36,39,0
198,breakfast,0.638,298,190,108,0
199,wifi,0.125,8,1,7,1
199,restaurant,1.0,8,8,0,1
199,room_service,0.0,1,0,1,1
199,staff,0.887,53,47,6,0
199,cleanliness,0.882,17,15,2,0
199,location,0.986,73,72,1,0
199,room_comfort,0.617,81,50,31,0
199,value,0.727,11,8,3,0
199,noise,0.714,7,5,2,0
199,breakfast,0.615,26,16,10,0
200,wifi,0.138,29,4,25,1
200,pool,0.386,44,17,27,1
200,gym,0.667,15,10,5,1
200,sauna,0.2,10,2,8,1
200,restaurant,0.542,59,32,27,1
200,room_service,0.263,19,5,14,1
200,lounge,0.5,54,27,27,1
200,event_space,0.5,4,2,2,1
200,staff,0.753,445,335,110,0
200,cleanliness,0.551,98,54,44,0
200,location,0.953,300,286,14,0
200,room_comfort,0.525,560,294,266,0
200,value,0.235,119,28,91,0
200,noise,0.467,45,21,24,0
200,breakfast,0.469,294,138,156,0
201,wifi,0.184,38,7,31,1
201,pool,0.0,2,0,2,1
201,gym,0.0,1,0,1,1
201,sauna,0.0,1,0,1,1
201,restaurant,0.958,24,23,1,1
201,room_service,0.0,3,0,3,1
201,staff,0.839,112,94,18,0
201,cleanliness,0.806,31,25,6,0
201,location,0.952,145,138,7,0
201,room_comfort,0.48,125,60,65,0
201,value,0.182,11,2,9,0
201,noise,0.273,22,6,16,0
201,breakfast,0.807,88,71,17,0
202,wifi,0.143,7,1,6,1
202,pool,1.0,1,1,0,1
202,gym,1.0,3,3,0,1
202,sauna,0.0,1,0,1,1
202,restaurant,0.5,4,2,2,1
202,room_service,1.0,1,1,0,1
202,staff,0.8,80,64,16,0
202,cleanliness,0.714,42,30,12,0
202,location,0.714,42,30,12,0
202,room_comfort,0.646,82,53,29,0
202,value,0.211,19,4,15,0
202,noise,0.667,24,16,8,0
202,breakfast,0.65,40,26,14,0
203,wifi,0.28,25,7,18,1
203,pool,0.0,1,0,1,1
203,gym,0.0,1,0,1,1
203,sauna,0.5,2,1,1,1
203,restaurant,0.745,51,38,13,1
203,room_service,0.143,7,1,6,1
203,lounge,1.0,4,4,0,1
203,staff,0.764,174,133,41,0
203,cleanliness,0.847,72,61,11,0
203,location,0.94,232,218,14,0
203,room_comfort,0.56,336,188,148,0
203,value,0.514,70,36,34,0
203,noise,0.582,91,53,38,0
203,breakfast,0.51,100,51,49,0
204,wifi,0.848,33,28,5,1
204,gym,0.5,8,4,4,1
204,sauna,0.0,1,0,1,1
204,restaurant,0.589,56,33,23,1
204,room_service,0.438,16,7,9,1
204,lounge,0.25,8,2,6,1
204,event_space,0.0,1,0,1,1
204,staff,0.777,367,285,82,0
204,cleanliness,0.825,137,113,24,0
204,location,0.954,658,628,30,0
204,room_comfort,0.535,619,331,288,0
204,value,0.4,190,76,114,0
204,noise,0.625,104,65,39,0
204,breakfast,0.254,118,30,88,0
205,wifi,0.5,6,3,3,1
205,pool,0.0,1,0,1,1
205,gym,0.0,3,0,3,1
205,restaurant,0.3,10,3,7,1
205,room_service,0.0,2,0,2,1
205,lounge,0.727,11,8,3,1
205,event_space,0.0,1,0,1,1
205,staff,0.849,86,73,13,0
205,cleanliness,0.714,14,10,4,0
205,location,0.927,110,102,8,0
205,room_comfort,0.558,95,53,42,0
205,value,0.19,21,4,17,0
205,noise,0.385,13,5,8,0
205,breakfast,0.25,52,13,39,0
206,wifi,0.141,78,11,67,1
206,pool,0.0,10,0,10,1
206,gym,0.562,16,9,7,1
206,sauna,0.273,11,3,8,1
206,restaurant,0.766,77,59,18,1
206,room_service,0.429,35,15,20,1
206,lounge,0.68,50,34,16,1
206,event_space,1.0,5,5,0,1
206,staff,0.852,748,637,111,0
206,cleanliness,0.866,298,258,40,0
206,location,0.944,484,457,27,0
206,room_comfort,0.717,1076,772,304,0
206,value,0.283,219,62,157,0
206,noise,0.67,100,67,33,0
206,breakfast,0.75,601,451,150,0
207,wifi,0.308,13,4,9,1
207,sauna,0.333,3,1,2,1
207,restaurant,0.667,12,8,4,1
207,room_service,0.0,3,0,3,1
207,lounge,0.6,5,3,2,1
207,staff,0.789,114,90,24,0
207,cleanliness,0.85,20,17,3,0
207,location,0.904,83,75,8,0
207,room_comfort,0.624,194,121,73,0
207,value,0.462,26,12,14,0
207,noise,0.6,25,15,10,0
207,breakfast,0.444,45,20,25,0
208,wifi,0.111,9,1,8,1
208,pool,0.72,25,18,7,1
208,gym,0.333,3,1,2,1
208,sauna,0.75,4,3,1,1
208,restaurant,0.864,22,19,3,1
208,event_space,0.0,1,0,1,1
208,staff,0.941,135,127,8,0
208,cleanliness,0.864,22,19,3,0
208,location,0.914,140,128,12,0
208,room_comfort,0.752,117,88,29,0
208,value,0.312,16,5,11,0
208,noise,0.457,35,16,19,0
208,breakfast,0.4,5,2,3,0
209,wifi,0.444,9,4,5,1
209,sauna,1.0,1,1,0,1
209,restaurant,0.75,8,6,2,1
209,room_service,0.0,3,0,3,1
209,staff,0.922,77,71,6,0
209,cleanliness,0.833,24,20,4,0
209,location,0.958,72,69,3,0
209,room_comfort,0.549,91,50,41,0
209,value,0.222,18,4,14,0
209,noise,0.4,20,8,12,0
209,breakfast,0.615,26,16,10,0
210,wifi,0.455,11,5,6,1
210,pool,0.0,1,0,1,1
210,gym,0.5,8,4,4,1
210,sauna,1.0,10,10,0,1
210,restaurant,0.759,29,22,7,1
210,room_service,0.167,6,1,5,1
210,lounge,1.0,1,1,0,1
210,staff,0.872,180,157,23,0
210,cleanliness,0.643,28,18,10,0
210,location,0.953,190,181,9,0
210,room_comfort,0.468,220,103,117,0
210,value,0.246,57,14,43,0
210,noise,0.389,36,14,22,0
210,breakfast,0.604,96,58,38,0
211,wifi,0.042,24,1,23,1
211,gym,0.0,3,0,3,1
211,sauna,0.333,3,1,2,1
211,restaurant,0.833,18,15,3,1
211,room_service,0.1,10,1,9,1
211,event_space,1.0,1,1,0,1
211,staff,0.859,170,146,24,0
211,cleanliness,0.719,32,23,9,0
211,location,0.989,179,177,2,0
211,room_comfort,0.631,203,128,75,0
211,value,0.381,42,16,26,0
211,noise,0.667,27,18,9,0
211,breakfast,0.698,53,37,16,0
212,wifi,0.333,9,3,6,1
212,pool,0.0,1,0,1,1
212,gym,0.0,1,0,1,1
212,sauna,0.0,2,0,2,1
212,restaurant,0.72,25,18,7,1
212,room_service,0.286,7,2,5,1
212,lounge,0.0,1,0,1,1
212,event_space,0.5,2,1,1,1
212,staff,0.826,207,171,36,0
212,cleanliness,0.859,71,61,10,0
212,location,0.884,259,229,30,0
212,room_comfort,0.465,376,175,201,0
212,value,0.362,94,34,60,0
212,noise,0.446,92,41,51,0
212,breakfast,0.241,79,19,60,0
213,wifi,0.588,17,10,7,1
213,pool,0.0,1,0,1,1
213,gym,0.333,6,2,4,1
213,sauna,0.333,9,3,6,1
213,restaurant,0.636,22,14,8,1
213,room_service,0.5,2,1,1,1
213,staff,0.637,102,65,37,0
213,cleanliness,0.851,67,57,10,0
213,location,0.896,134,120,14,0
213,room_comfort,0.545,191,104,87,0
213,value,0.486,35,17,18,0
213,noise,0.542,24,13,11,0
213,breakfast,0.847,118,100,18,0
214,restaurant,1.0,2,2,0,1
214,staff,1.0,9,9,0,0
214,cleanliness,0.9,10,9,1,0
214,location,0.917,12,11,1,0
214,room_comfort,0.632,19,12,7,0
214,value,0.25,4,1,3,0
214,noise,0.667,3,2,1,0
214,breakfast,0.333,9,3,6,0
215,wifi,0.0,1,0,1,1
215,pool,0.0,1,0,1,1
215,sauna,0.0,1,0,1,1
215,restaurant,0.6,5,3,2,1
215,staff,0.652,23,15,8,0
215,cleanliness,0.778,27,21,6,0
215,location,0.808,26,21,5,0
215,room_comfort,0.622,37,23,14,0
215,value,0.5,12,6,6,0
215,noise,0.857,7,6,1,0
215,breakfast,0.5,8,4,4,0
216,wifi,0.346,26,9,17,1
216,gym,0.0,1,0,1,1
216,sauna,0.0,1,0,1,1
216,restaurant,0.6,30,18,12,1
216,room_service,0.0,4,0,4,1
216,lounge,0.0,1,0,1,1
216,staff,0.833,215,179,36,0
216,cleanliness,0.778,99,77,22,0
216,location,0.935,275,257,18,0
216,room_comfort,0.441,422,186,236,0
216,value,0.311,74,23,51,0
216,noise,0.263,76,20,56,0
216,breakfast,0.486,109,53,56,0
217,wifi,0.5,12,6,6,1
217,sauna,0.0,1,0,1,1
217,restaurant,0.778,18,14,4,1
217,room_service,0.0,3,0,3,1
217,lounge,1.0,1,1,0,1
217,staff,0.743,101,75,26,0
217,cleanliness,0.711,45,32,13,0
217,location,0.897,107,96,11,0
217,room_comfort,0.455,143,65,78,0
217,value,0.2,30,6,24,0
217,noise,0.333,9,3,6,0
217,breakfast,0.474,76,36,40,0
218,wifi,0.5,4,2,2,1
218,restaurant,0.5,6,3,3,1
218,room_service,1.0,2,2,0,1
218,lounge,1.0,1,1,0,1
218,staff,0.8,30,24,6,0
218,cleanliness,0.714,7,5,2,0
218,location,0.963,27,26,1,0
218,room_comfort,0.551,49,27,22,0
218,value,0.182,11,2,9,0
218,noise,1.0,4,4,0,0
218,breakfast,0.462,13,6,7,0
219,wifi,0.2,5,1,4,1
219,restaurant,1.0,3,3,0,1
219,event_space,0.5,2,1,1,1
219,staff,0.905,42,38,4,0
219,cleanliness,0.786,14,11,3,0
219,location,0.853,34,29,5,0
219,room_comfort,0.487,39,19,20,0
219,value,0.5,10,5,5,0
219,noise,0.0,4,0,4,0
219,breakfast,0.774,31,24,7,0
220,wifi,0.136,44,6,38,1
220,restaurant,0.829,35,29,6,1
220,room_service,0.0,2,0,2,1
220,lounge,1.0,1,1,0,1
220,event_space,1.0,2,2,0,1
220,staff,0.867,286,248,38,0
220,cleanliness,0.813,166,135,31,0
220,location,0.956,361,345,16,0
220,room_comfort,0.612,487,298,189,0
220,value,0.622,90,56,34,0
220,noise,0.284,134,38,96,0
220,breakfast,0.613,323,198,125,0
221,wifi,0.458,24,11,13,1
221,pool,0.0,5,0,5,1
221,gym,1.0,1,1,0,1
221,restaurant,0.429,7,3,4,1
221,staff,0.714,63,45,18,0
221,cleanliness,0.467,45,21,24,0
221,location,0.655,55,36,19,0
221,room_comfort,0.471,102,48,54,0
221,value,0.455,22,10,12,0
221,noise,0.385,13,5,8,0
221,breakfast,0.738,84,62,22,0
222,wifi,0.228,79,18,61,1
222,pool,0.048,21,1,20,1
222,gym,0.0,12,0,12,1
222,sauna,0.25,4,1,3,1
222,restaurant,0.769,65,50,15,1
222,room_service,0.5,8,4,4,1
222,lounge,0.5,2,1,1,1
222,event_space,0.667,3,2,1,1
222,staff,0.867,362,314,48,0
222,cleanliness,0.854,205,175,30,0
222,location,0.96,472,453,19,0
222,room_comfort,0.596,512,305,207,0
222,value,0.596,114,68,46,0
222,noise,0.733,90,66,24,0
222,breakfast,0.799,288,230,58,0
223,wifi,0.75,8,6,2,1
223,pool,0.632,57,36,21,1
223,gym,0.111,9,1,8,1
223,sauna,0.857,14,12,2,1
223,restaurant,0.848,33,28,5,1
223,room_service,0.333,3,1,2,1
223,lounge,0.909,11,10,1,1
223,staff,0.92,301,277,24,0
223,cleanliness,0.684,79,54,25,0
223,location,0.963,300,289,11,0
223,room_comfort,0.672,290,195,95,0
223,value,0.419,62,26,36,0
223,noise,0.489,45,22,23,0
223,breakfast,0.72,132,95,37,0
224,wifi,0.6,15,9,6,1
224,gym,1.0,4,4,0,1
224,restaurant,0.5,16,8,8,1
224,room_service,0.167,6,1,5,1
224,lounge,0.0,1,0,1,1
224,staff,0.795,215,171,44,0
224,cleanliness,0.643,70,45,25,0
224,location,0.945,236,223,13,0
224,room_comfort,0.381,323,123,200,0
224,value,0.152,46,7,39,0
224,noise,0.188,48,9,39,0
224,breakfast,0.625,72,45,27,0
225,pool,0.667,6,4,2,1
225,sauna,0.333,3,1,2,1
225,restaurant,0.75,4,3,1,1
225,room_service,0.0,1,0,1,1
225,staff,0.867,15,13,2,0
225,cleanliness,1.0,1,1,0,0
225,location,0.857,7,6,1,0
225,room_comfort,0.7,20,14,6,0
225,value,0.333,3,1,2,0
225,noise,0.333,3,1,2,0
225,breakfast,0.75,4,3,1,0
226,wifi,0.312,32,10,22,1
226,gym,0.0,3,0,3,1
226,sauna,0.0,1,0,1,1
226,restaurant,0.591,22,13,9,1
226,room_service,0.333,3,1,2,1
226,lounge,0.0,1,0,1,1
226,event_space,0.0,3,0,3,1
226,staff,0.86,186,160,26,0
226,cleanliness,0.907,86,78,8,0
226,location,0.972,218,212,6,0
226,room_comfort,0.682,211,144,67,0
226,value,0.531,32,17,15,0
226,noise,0.547,75,41,34,0
226,breakfast,0.926,175,162,13,0
227,pool,1.0,6,6,0,1
227,gym,1.0,1,1,0,1
227,sauna,0.667,6,4,2,1
227,restaurant,0.2,5,1,4,1
227,room_service,1.0,2,2,0,1
227,lounge,0.0,1,0,1,1
227,staff,0.867,15,13,2,0
227,cleanliness,1.0,1,1,0,0
227,location,1.0,10,10,0,0
227,room_comfort,0.7,10,7,3,0
227,value,1.0,1,1,0,0
227,noise,0.75,4,3,1,0
227,breakfast,0.429,7,3,4,0
228,restaurant,0.75,4,3,1,1
228,lounge,0.0,1,0,1,1
228,staff,1.0,17,17,0,0
228,cleanliness,0.75,4,3,1,0
228,location,0.958,24,23,1,0
228,room_comfort,0.571,28,16,12,0
228,value,0.0,2,0,2,0
228,noise,1.0,6,6,0,0
228,breakfast,0.714,7,5,2,0
229,wifi,0.615,13,8,5,1
229,pool,0.583,24,14,10,1
229,gym,0.5,2,1,1,1
229,restaurant,0.556,36,20,16,1
229,room_service,1.0,2,2,0,1
229,lounge,1.0,5,5,0,1
229,staff,0.652,89,58,31,0
229,cleanliness,0.571,35,20,15,0
229,location,0.817,60,49,11,0
229,room_comfort,0.537,95,51,44,0
229,value,0.424,33,14,19,0
229,noise,0.286,7,2,5,0
229,breakfast,0.779,77,60,17,0
230,wifi,0.2,5,1,4,1
230,pool,0.0,1,0,1,1
230,gym,0.5,4,2,2,1
230,sauna,0.25,4,1,3,1
230,restaurant,0.4,10,4,6,1
230,room_service,0.222,9,2,7,1
230,staff,0.819,72,59,13,0
230,cleanliness,0.781,32,25,7,0
230,location,0.889,90,80,10,0
230,room_comfort,0.623,122,76,46,0
230,value,0.412,17,7,10,0
230,noise,0.923,13,12,1,0
230,breakfast,0.564,55,31,24,0
231,wifi,1.0,6,6,0,1
231,gym,1.0,3,3,0,1
231,restaurant,0.643,14,9,5,1
231,room_service,0.5,4,2,2,1
231,lounge,1.0,1,1,0,1
231,staff,0.846,117,99,18,0
231,cleanliness,0.804,56,45,11,0
231,location,0.926,108,100,8,0
231,room_comfort,0.488,211,103,108,0
231,value,0.296,27,8,19,0
231,noise,0.857,28,24,4,0
231,breakfast,0.562,64,36,28,0
232,wifi,0.871,31,27,4,1
232,pool,0.0,7,0,7,1
232,gym,0.529,17,9,8,1
232,sauna,0.2,10,2,8,1
232,restaurant,0.676,71,48,23,1
232,room_service,0.4,20,8,12,1
232,lounge,0.0,3,0,3,1
232,staff,0.76,520,395,125,0
232,cleanliness,0.873,237,207,30,0
232,location,0.929,624,580,44,0
232,room_comfort,0.596,820,489,331,0
232,value,0.248,238,59,179,0
232,noise,0.578,135,78,57,0
232,breakfast,0.622,394,245,149,0
233,wifi,0.091,44,4,40,1
233,gym,0.0,2,0,2,1
233,restaurant,0.814,43,35,8,1
233,room_service,1.0,2,2,0,1
233,lounge,0.667,3,2,1,1
233,staff,0.864,184,159,25,0
233,cleanliness,0.934,76,71,5,0
233,location,0.929,198,184,14,0
233,room_comfort,0.547,245,134,111,0
233,value,0.273,55,15,40,0
233,noise,0.524,42,22,20,0
233,breakfast,0.514,74,38,36,0
234,wifi,0.5,2,1,1,1
234,restaurant,0.667,3,2,1,1
234,staff,0.706,17,12,5,0
234,cleanliness,0.765,17,13,4,0
234,location,0.909,22,20,2,0
234,room_comfort,0.471,34,16,18,0
234,value,0.3,10,3,7,0
234,noise,1.0,2,2,0,0
234,breakfast,0.167,6,1,5,0
235,wifi,0.5,14,7,7,1
235,pool,0.667,120,80,40,1
235,gym,0.25,16,4,12,1
235,sauna,0.846,13,11,2,1
235,restaurant,0.706,17,12,5,1
235,room_service,0.5,10,5,5,1
235,lounge,0.0,1,0,1,1
235,staff,0.857,287,246,41,0
235,cleanliness,0.858,106,91,15,0
235,location,0.985,272,268,4,0
235,room_comfort,0.528,398,210,188,0
235,value,0.397,68,27,41,0
235,noise,0.389,54,21,33,0
235,breakfast,0.758,157,119,38,0
236,wifi,0.0,1,0,1,1
236,pool,0.875,8,7,1,1
236,gym,1.0,3,3,0,1
236,sauna,0.909,11,10,1,1
236,restaurant,0.611,18,11,7,1
236,room_service,0.4,5,2,3,1
236,lounge,0.0,1,0,1,1
236,staff,0.628,43,27,16,0
236,cleanliness,0.615,13,8,5,0
236,location,0.875,40,35,5,0
236,room_comfort,0.607,61,37,24,0
236,value,0.222,9,2,7,0
236,noise,0.333,3,1,2,0
236,breakfast,0.704,27,19,8,0
237,wifi,0.0,2,0,2,1
237,pool,0.867,15,13,2,1
237,gym,0.0,1,0,1,1
237,sauna,0.8,15,12,3,1
237,restaurant,1.0,7,7,0,1
237,room_service,1.0,2,2,0,1
237,staff,0.898,49,44,5,0
237,cleanliness,1.0,3,3,0,0
237,location,0.815,27,22,5,0
237,room_comfort,0.618,34,21,13,0
237,value,0.111,9,1,8,0
237,noise,1.0,3,3,0,0
237,breakfast,0.667,15,10,5,0
238,wifi,0.083,12,1,11,1
238,pool,0.4,5,2,3,1
238,gym,0.0,3,0,3,1
238,sauna,0.0,1,0,1,1
238,restaurant,0.818,22,18,4,1
238,room_service,0.25,4,1,3,1
238,staff,0.889,54,48,6,0
238,cleanliness,0.844,32,27,5,0
238,location,0.919,37,34,3,0
238,room_comfort,0.626,91,57,34,0
238,value,0.471,17,8,9,0
238,noise,0.353,17,6,11,0
238,breakfast,0.784,37,29,8,0
239,wifi,0.286,21,6,15,1
239,gym,0.0,1,0,1,1
239,restaurant,0.414,29,12,17,1
239,room_service,0.25,4,1,3,1
239,lounge,0.0,1,0,1,1
239,staff,0.838,136,114,22,0
239,cleanliness,0.833,48,40,8,0
239,location,0.971,170,165,5,0
239,room_comfort,0.573,185,106,79,0
239,value,0.4,35,14,21,0
239,noise,0.576,33,19,14,0
239,breakfast,0.421,76,32,44,0
240,wifi,0.2,5,1,4,1
240,restaurant,0.571,7,4,3,1
240,room_service,0.0,1,0,1,1
240,staff,0.854,48,41,7,0
240,cleanliness,0.963,27,26,1,0
240,location,0.949,59,56,3,0
240,room_comfort,0.562,64,36,28,0
240,value,0.438,16,7,9,0
240,noise,0.667,9,6,3,0
240,breakfast,0.586,29,17,12,0
241,wifi,0.9,10,9,1,1
241,pool,0.167,12,2,10,1
241,gym,0.25,4,1,3,1
241,sauna,0.519,27,14,13,1
241,restaurant,0.795,78,62,16,1
241,room_service,0.167,6,1,5,1
241,lounge,0.5,2,1,1,1
241,staff,0.802,162,130,32,0
241,cleanliness,0.667,60,40,20,0
241,location,0.922,206,190,16,0
241,room_comfort,0.698,242,169,73,0
241,value,0.358,81,29,52,0
241,noise,0.409,22,9,13,0
241,breakfast,0.581,105,61,44,0
242,wifi,0.5,8,4,4,1
242,pool,0.409,22,9,13,1
242,gym,0.2,5,1,4,1
242,restaurant,0.719,32,23,9,1
242,room_service,0.0,1,0,1,1
242,lounge,0.0,1,0,1,1
242,staff,0.714,119,85,34,0
242,cleanliness,0.65,40,26,14,0
242,location,0.946,185,175,10,0
242,room_comfort,0.564,163,92,71,0
242,value,0.294,34,10,24,0
242,noise,0.286,28,8,20,0
242,breakfast,0.537,54,29,25,0
243,wifi,0.39,41,16,25,1
243,pool,0.479,96,46,50,1
243,gym,0.458,24,11,13,1
243,sauna,0.0,2,0,2,1
243,restaurant,0.643,14,9,5,1
243,room_service,0.0,3,0,3,1
243,staff,0.72,164,118,46,0
243,cleanliness,0.692,107,74,33,0
243,location,0.772,123,95,28,0
243,room_comfort,0.427,248,106,142,0
243,value,0.739,69,51,18,0
243,noise,0.242,33,8,25,0
243,breakfast,0.847,183,155,28,0
244,wifi,0.531,49,26,23,1
244,gym,0.0,1,0,1,1
244,restaurant,0.769,13,10,3,1
244,room_service,1.0,1,1,0,1
244,event_space,0.0,1,0,1,1
244,staff,0.853,197,168,29,0
244,cleanliness,0.885,130,115,15,0
244,location,0.931,333,310,23,0
244,room_comfort,0.62,321,199,122,0
244,value,0.795,73,58,15,0
244,noise,0.6,65,39,26,0
244,breakfast,0.786,290,228,62,0
245,wifi,0.857,7,6,1,1
245,pool,0.5,2,1,1,1
245,gym,0.167,6,1,5,1
245,restaurant,0.594,64,38,26,1
245,room_service,0.444,9,4,5,1
245,lounge,0.333,3,1,2,1
245,event_space,0.0,1,0,1,1
245,staff,0.775,484,375,109,0
245,cleanliness,0.823,141,116,25,0
245,location,0.952,351,334,17,0
245,room_comfort,0.567,693,393,300,0
245,value,0.267,105,28,77,0
245,noise,0.413,75,31,44,0
245,breakfast,0.565,393,222,171,0
246,wifi,0.273,11,3,8,1
246,pool,0.0,1,0,1,1
246,restaurant,1.0,11,11,0,1
246,lounge,1.0,15,15,0,1
246,staff,0.94,83,78,5,0
246,cleanliness,0.769,26,20,6,0
246,location,0.978,92,90,2,0
246,room_comfort,0.66,97,64,33,0
246,value,0.4,10,4,6,0
246,noise,0.773,22,17,5,0
246,breakfast,0.938,96,90,6,0
247,wifi,0.143,14,2,12,1
247,pool,0.779,95,74,21,1
247,gym,0.5,6,3,3,1
247,sauna,0.0,5,0,5,1
247,restaurant,0.714,28,20,8,1
247,room_service,0.4,5,2,3,1
247,lounge,1.0,3,3,0,1
247,staff,0.866,209,181,28,0
247,cleanliness,0.742,31,23,8,0
247,location,0.942,139,131,8,0
247,room_comfort,0.497,179,89,90,0
247,value,0.302,43,13,30,0
247,noise,0.214,28,6,22,0
247,breakfast,0.671,73,49,24,0
248,wifi,0.4,5,2,3,1
248,pool,0.0,1,0,1,1
248,gym,0.667,3,2,1,1
248,sauna,0.571,7,4,3,1
248,restaurant,0.923,13,12,1,1
248,room_service,0.0,2,0,2,1
248,lounge,1.0,1,1,0,1
248,staff,0.803,71,57,14,0
248,cleanliness,0.778,18,14,4,0
248,location,0.857,56,48,8,0
248,room_comfort,0.354,65,23,42,0
248,value,0.143,7,1,6,0
248,noise,0.1,10,1,9,0
248,breakfast,0.824,51,42,9,0
249,wifi,0.5,2,1,1,1
249,pool,0.048,21,1,20,1
249,gym,0.2,5,1,4,1
249,sauna,0.571,7,4,3,1
249,restaurant,0.667,21,14,7,1
249,room_service,0.75,4,3,1,1
249,lounge,0.5,2,1,1,1
249,staff,0.84,125,105,20,0
249,cleanliness,0.833,24,20,4,0
249,location,0.96,101,97,4,0
249,room_comfort,0.634,112,71,41,0
249,value,0.13,23,3,20,0
249,noise,0.35,20,7,13,0
249,breakfast,0.592,49,29,20,0
250,wifi,0.5,4,2,2,1
250,pool,0.771,83,64,19,1
250,gym,0.625,8,5,3,1
250,sauna,0.812,16,13,3,1
250,restaurant,0.87,23,20,3,1
250,room_service,0.5,2,1,1,1
250,lounge,0.5,4,2,2,1
250,event_space,0.0,1,0,1,1
250,staff,0.952,186,177,9,0
250,cleanliness,0.897,78,70,8,0
250,location,0.956,180,172,8,0
250,room_comfort,0.724,174,126,48,0
250,value,0.326,43,14,29,0
250,noise,0.757,37,28,9,0
250,breakfast,0.785,107,84,23,0
251,wifi,0.261,23,6,17,1
251,pool,0.5,2,1,1,1
251,gym,0.5,2,1,1,1
251,sauna,0.833,6,5,1,1
251,restaurant,0.5,10,5,5,1
251,staff,0.765,34,26,8,0
251,cleanliness,0.771,35,27,8,0
251,location,0.745,55,41,14,0
251,room_comfort,0.811,74,60,14,0
251,value,0.542,24,13,11,0
251,noise,0.667,9,6,3,0
251,breakfast,0.679,28,19,9,0
252,wifi,0.312,16,5,11,1
252,gym,0.0,1,0,1,1
252,restaurant,0.706,17,12,5,1
252,lounge,0.667,3,2,1,1
252,staff,0.891,101,90,11,0
252,cleanliness,0.842,38,32,6,0
252,location,0.94,117,110,7,0
252,room_comfort,0.667,126,84,42,0
252,value,0.45,20,9,11,0
252,noise,0.897,29,26,3,0
252,breakfast,0.7,70,49,21,0
253,wifi,0.467,30,14,16,1
253,pool,0.455,11,5,6,1
253,gym,0.0,2,0,2,1
253,sauna,0.681,91,62,29,1
253,restaurant,0.783,60,47,13,1
253,room_service,0.5,2,1,1,1
253,lounge,0.5,2,1,1,1
253,staff,0.871,240,209,31,0
253,cleanliness,0.843,89,75,14,0
253,location,0.885,295,261,34,0
253,room_comfort,0.502,311,156,155,0
253,value,0.458,59,27,32,0
253,noise,0.194,72,14,58,0
253,breakfast,0.746,205,153,52,0
254,wifi,0.2,5,1,4,1
254,pool,0.0,2,0,2,1
254,gym,0.143,7,1,6,1
254,sauna,0.0,5,0,5,1
254,restaurant,0.5,26,13,13,1
254,room_service,0.727,11,8,3,1
254,lounge,0.833,12,10,2,1
254,event_space,1.0,1,1,0,1
254,staff,0.847,190,161,29,0
254,cleanliness,0.865,52,45,7,0
254,location,0.944,144,136,8,0
254,room_comfort,0.702,228,160,68,0
254,value,0.263,57,15,42,0
254,noise,0.444,18,8,10,0
254,breakfast,0.533,92,49,43,0
255,wifi,0.5,6,3,3,1
255,pool,0.0,1,0,1,1
255,gym,0.0,2,0,2,1
255,sauna,1.0,1,1,0,1
255,restaurant,0.625,8,5,3,1
255,lounge,0.5,2,1,1,1
255,staff,0.886,44,39,5,0
255,cleanliness,0.81,21,17,4,0
255,location,0.806,31,25,6,0
255,room_comfort,0.662,77,51,26,0
255,value,0.421,19,8,11,0
255,noise,0.286,21,6,15,0
255,breakfast,0.613,31,19,12,0
256,wifi,0.625,8,5,3,1
256,restaurant,0.167,6,1,5,1
256,room_service,0.0,3,0,3,1
256,lounge,0.0,1,0,1,1
256,staff,0.72,25,18,7,0
256,cleanliness,0.8,20,16,4,0
256,location,0.773,22,17,5,0
256,room_comfort,0.421,38,16,22,0
256,value,0.333,3,1,2,0
256,noise,0.222,9,2,7,0
256,breakfast,0.743,35,26,9,0
257,wifi,0.625,24,15,9,1
257,pool,0.0,2,0,2,1
257,gym,0.0,1,0,1,1
257,restaurant,0.648,91,59,32,1
257,room_service,0.333,21,7,14,1
257,event_space,0.667,3,2,1,1
257,staff,0.862,500,431,69,0
257,cleanliness,0.962,185,178,7,0
257,location,0.926,407,377,30,0
257,room_comfort,0.819,678,555,123,0
257,value,0.606,137,83,54,0
257,noise,0.614,101,62,39,0
257,breakfast,0.7,363,254,109,0
258,wifi,0.059,119,7,112,1
258,pool,0.25,4,1,3,1
258,gym,0.8,10,8,2,1
258,sauna,0.125,8,1,7,1
258,restaurant,0.741,85,63,22,1
258,room_service,0.7,40,28,12,1
258,lounge,0.333,6,2,4,1
258,staff,0.846,415,351,64,0
258,cleanliness,0.821,123,101,22,0
258,location,0.96,371,356,15,0
258,room_comfort,0.592,546,323,223,0
258,value,0.191,141,27,114,0
258,noise,0.382,55,21,34,0
258,breakfast,0.503,187,94,93,0
259,wifi,0.375,8,3,5,1
259,pool,0.0,1,0,1,1
259,gym,0.714,7,5,2,1
259,sauna,0.9,10,9,1,1
259,restaurant,0.333,3,1,2,1
259,staff,0.744,39,29,10,0
259,cleanliness,0.857,28,24,4,0
259,location,0.911,45,41,4,0
259,room_comfort,0.623,69,43,26,0
259,value,0.44,25,11,14,0
259,noise,0.8,10,8,2,0
259,breakfast,0.526,19,10,9,0
260,wifi,0.543,46,25,21,1
260,pool,0.0,5,0,5,1
260,gym,0.769,26,20,6,1
260,sauna,0.0,4,0,4,1
260,restaurant,0.606,109,66,43,1
260,room_service,0.379,29,11,18,1
260,lounge,0.6,5,3,2,1
260,event_space,0.6,10,6,4,1
260,staff,0.737,654,482,172,0
260,cleanliness,0.717,237,170,67,0
260,location,0.929,448,416,32,0
260,room_comfort,0.548,879,482,397,0
260,value,0.262,221,58,163,0
260,noise,0.463,95,44,51,0
260,breakfast,0.648,503,326,177,0
261,wifi,0.5,10,5,5,1
261,gym,0.333,3,1,2,1
261,restaurant,0.5,2,1,1,1
261,room_service,0.0,4,0,4,1
261,lounge,1.0,1,1,0,1
261,staff,0.8,75,60,15,0
261,cleanliness,0.741,27,20,7,0
261,location,0.959,74,71,3,0
261,room_comfort,0.516,93,48,45,0
261,value,0.174,23,4,19,0
261,noise,0.188,16,3,13,0
261,breakfast,0.314,35,11,24,0
262,wifi,0.517,29,15,14,1
262,pool,0.0,1,0,1,1
262,gym,0.636,11,7,4,1
262,sauna,0.0,2,0,2,1
262,restaurant,0.704,152,107,45,1
262,room_service,0.24,25,6,19,1
262,lounge,1.0,1,1,0,1
262,event_space,1.0,2,2,0,1
262,staff,0.822,753,619,134,0
262,cleanliness,0.587,189,111,78,0
262,location,0.945,601,568,33,0
262,room_comfort,0.423,1028,435,593,0
262,value,0.372,156,58,98,0
262,noise,0.496,133,66,67,0
262,breakfast,0.764,592,452,140,0
263,wifi,0.333,3,1,2,1
263,sauna,1.0,1,1,0,1
263,restaurant,0.591,22,13,9,1
263,room_service,0.25,4,1,3,1
263,lounge,0.5,2,1,1,1
263,staff,0.696,79,55,24,0
263,cleanliness,0.462,13,6,7,0
263,location,0.873,63,55,8,0
263,room_comfort,0.437,135,59,76,0
263,value,0.067,15,1,14,0
263,noise,0.607,28,17,11,0
263,breakfast,0.359,39,14,25,0
264,wifi,0.722,18,13,5,1
264,pool,0.0,15,0,15,1
264,gym,0.375,16,6,10,1
264,sauna,0.0,7,0,7,1
264,restaurant,0.5,68,34,34,1
264,room_service,0.25,24,6,18,1
264,lounge,0.625,40,25,15,1
264,event_space,0.8,5,4,1,1
264,staff,0.547,190,104,86,0
264,cleanliness,0.698,86,60,26,0
264,location,0.638,138,88,50,0
264,room_comfort,0.653,340,222,118,0
264,value,0.25,92,23,69,0
264,noise,0.393,28,11,17,0
264,breakfast,0.511,135,69,66,0
265,wifi,0.75,12,9,3,1
265,gym,0.0,1,0,1,1
265,restaurant,0.854,48,41,7,1
265,room_service,0.75,4,3,1,1
265,lounge,0.4,5,2,3,1
265,event_space,0.0,1,0,1,1
265,staff,0.891,211,188,23,0
265,cleanliness,0.857,49,42,7,0
265,location,0.916,214,196,18,0
265,room_comfort,0.575,301,173,128,0
265,value,0.308,39,12,27,0
265,noise,0.538,26,14,12,0
265,breakfast,0.591,66,39,27,0
266,pool,0.0,1,0,1,1
266,sauna,0.0,1,0,1,1
266,restaurant,0.5,2,1,1,1
266,room_service,0.0,1,0,1,1
266,staff,0.643,14,9,5,0
266,cleanliness,0.4,5,2,3,0
266,location,1.0,17,17,0,0
266,room_comfort,0.4,15,6,9,0
266,value,0.667,6,4,2,0
266,noise,0.0,1,0,1,0
266,breakfast,0.167,6,1,5,0
267,wifi,0.692,26,18,8,1
267,pool,0.0,3,0,3,1
267,gym,0.0,1,0,1,1
267,sauna,0.0,1,0,1,1
267,restaurant,0.72,25,18,7,1
267,room_service,0.0,1,0,1,1
267,lounge,0.667,3,2,1,1
267,staff,0.695,105,73,32,0
267,cleanliness,0.904,52,47,5,0
267,location,0.947,152,144,8,0
267,room_comfort,0.537,164,88,76,0
267,value,0.357,28,10,18,0
267,noise,0.382,34,13,21,0
267,breakfast,0.705,139,98,41,0
268,wifi,0.412,17,7,10,1
268,gym,0.857,7,6,1,1
268,restaurant,0.875,8,7,1,1
268,lounge,1.0,1,1,0,1
268,staff,0.796,54,43,11,0
268,cleanliness,0.941,34,32,2,0
268,location,0.944,107,101,6,0
268,room_comfort,0.479,96,46,50,0
268,value,0.577,26,15,11,0
268,noise,0.75,24,18,6,0
268,breakfast,0.788,52,41,11,0
269,wifi,0.0,1,0,1,1
269,gym,0.0,1,0,1,1
269,sauna,1.0,1,1,0,1
269,restaurant,0.75,4,3,1,1
269,room_service,1.0,1,1,0,1
269,staff,0.98,51,50,1,0
269,cleanliness,0.941,17,16,1,0
269,location,0.921,38,35,3,0
269,room_comfort,0.689,61,42,19,0
269,value,0.429,7,3,4,0
269,noise,0.846,13,11,2,0
269,breakfast,0.667,15,10,5,0
270,wifi,0.333,3,1,2,1
270,pool,0.778,9,7,2,1
270,gym,1.0,3,3,0,1
270,sauna,1.0,6,6,0,1
270,restaurant,0.714,7,5,2,1
270,room_service,0.889,9,8,1,1
270,staff,0.861,79,68,11,0
270,cleanliness,0.909,11,10,1,0
270,location,0.895,38,34,4,0
270,room_comfort,0.729,85,62,23,0
270,value,0.269,26,7,19,0
270,noise,0.714,7,5,2,0
270,breakfast,0.5,30,15,15,0
271,wifi,0.833,12,10,2,1
271,restaurant,0.571,7,4,3,1
271,room_service,0.0,2,0,2,1
271,staff,0.852,27,23,4,0
271,cleanliness,0.865,37,32,5,0
271,location,0.879,58,51,7,0
271,room_comfort,0.645,62,40,22,0
271,value,0.583,12,7,5,0
271,noise,0.667,12,8,4,0
271,breakfast,0.867,30,26,4,0
272,wifi,0.667,9,6,3,1
272,pool,0.425,40,17,23,1
272,restaurant,0.688,16,11,5,1
272,room_service,0.667,6,4,2,1
272,event_space,0.667,3,2,1,1
272,staff,0.762,80,61,19,0
272,cleanliness,0.873,55,48,7,0
272,location,0.845,97,82,15,0
272,room_comfort,0.521,117,61,56,0
272,value,0.4,20,8,12,0
272,noise,0.481,27,13,14,0
272,breakfast,0.704,54,38,16,0
273,wifi,0.885,78,69,9,1
273,pool,0.792,72,57,15,1
273,gym,0.897,58,52,6,1
273,sauna,0.0,2,0,2,1
273,restaurant,0.695,151,105,46,1
273,room_service,0.115,26,3,23,1
273,lounge,0.905,21,19,2,1
273,event_space,0.5,2,1,1,1
273,staff,0.857,754,646,108,0
273,cleanliness,0.757,391,296,95,0
273,location,0.865,651,563,88,0
273,room_comfort,0.618,1137,703,434,0
273,value,0.355,248,88,160,0
273,noise,0.5,100,50,50,0
273,breakfast,0.446,327,146,181,0
274,wifi,0.5,14,7,7,1
274,gym,0.0,2,0,2,1
274,sauna,0.0,1,0,1,1
274,restaurant,0.6,10,6,4,1
274,lounge,0.0,1,0,1,1
274,event_space,0.0,1,0,1,1
274,staff,0.842,76,64,12,0
274,cleanliness,0.619,42,26,16,0
274,location,0.943,105,99,6,0
274,room_comfort,0.474,116,55,61,0
274,value,0.391,23,9,14,0
274,noise,0.154,13,2,11,0
274,breakfast,0.7,40,28,12,0
275,wifi,0.786,28,22,6,1
275,pool,0.0,8,0,8,1
275,gym,0.1,30,3,27,1
275,sauna,0.2,5,1,4,1
275,restaurant,0.463,54,25,29,1
275,room_service,0.375,8,3,5,1
275,event_space,0.0,2,0,2,1
275,staff,0.683,240,164,76,0
275,cleanliness,0.908,163,148,15,0
275,location,0.869,518,450,68,0
275,room_comfort,0.673,529,356,173,0
275,value,0.295,132,39,93,0
275,noise,0.482,83,40,43,0
275,breakfast,0.65,203,132,71,0
276,gym,0.0,1,0,1,1
276,sauna,0.5,8,4,4,1
276,restaurant,0.5,12,6,6,1
276,room_service,1.0,1,1,0,1
276,lounge,1.0,1,1,0,1
276,event_space,1.0,1,1,0,1
276,staff,0.905,63,57,6,0
276,cleanliness,1.0,9,9,0,0
276,location,0.976,42,41,1,0
276,room_comfort,0.684,57,39,18,0
276,value,0.25,8,2,6,0
276,noise,0.875,8,7,1,0
276,breakfast,0.333,21,7,14,0
277,wifi,0.314,35,11,24,1
277,pool,0.536,97,52,45,1
277,gym,0.353,17,6,11,1
277,sauna,0.636,132,84,48,1
277,restaurant,0.413,46,19,27,1
277,room_service,0.077,13,1,12,1
277,lounge,0.2,5,1,4,1
277,event_space,1.0,1,1,0,1
277,staff,0.68,225,153,72,0
277,cleanliness,0.841,132,111,21,0
277,location,0.659,208,137,71,0
277,room_comfort,0.621,364,226,138,0
277,value,0.356,73,26,47,0
277,noise,0.367,60,22,38,0
277,breakfast,0.732,183,134,49,0
278,wifi,0.0,1,0,1,1
278,restaurant,1.0,1,1,0,1
278,room_service,0.0,1,0,1,1
278,staff,0.875,8,7,1,0
278,cleanliness,1.0,1,1,0,0
278,location,1.0,5,5,0,0
278,room_comfort,0.286,7,2,5,0
278,value,0.5,2,1,1,0
278,noise,0.0,1,0,1,0
278,breakfast,0.0,1,0,1,0
279,wifi,0.0,1,0,1,1
279,restaurant,1.0,4,4,0,1
279,room_service,1.0,1,1,0,1
279,staff,0.786,14,11,3,0
279,cleanliness,0.667,3,2,1,0
279,location,1.0,9,9,0,0
279,room_comfort,0.833,18,15,3,0
279,noise,1.0,3,3,0,0
279,breakfast,0.5,2,1,1,0
280,wifi,0.75,20,15,5,1
280,pool,0.0,2,0,2,1
280,gym,0.0,2,0,2,1
280,sauna,1.0,2,2,0,1
280,restaurant,1.0,10,10,0,1
280,room_service,0.333,3,1,2,1
280,lounge,0.9,10,9,1,1
280,staff,0.934,122,114,8,0
280,cleanliness,0.815,27,22,5,0
280,location,0.992,132,131,1,0
280,room_comfort,0.763,139,106,33,0
280,value,0.545,11,6,5,0
280,noise,0.4,15,6,9,0
280,breakfast,0.809,68,55,13,0
281,wifi,0.5,22,11,11,1
281,gym,0.0,1,0,1,1
281,restaurant,0.8,20,16,4,1
281,lounge,1.0,1,1,0,1
281,staff,0.819,155,127,28,0
281,cleanliness,0.821,84,69,15,0
281,location,0.887,151,134,17,0
281,room_comfort,0.583,266,155,111,0
281,value,0.488,41,20,21,0
281,noise,0.81,63,51,12,0
281,breakfast,0.333,33,11,22,0
282,wifi,0.286,35,10,25,1
282,pool,0.0,1,0,1,1
282,gym,0.0,1,0,1,1
282,sauna,0.0,1,0,1,1
282,restaurant,0.701,67,47,20,1
282,room_service,0.286,14,4,10,1
282,lounge,0.462,13,6,7,1
282,event_space,0.5,4,2,2,1
282,staff,0.662,488,323,165,0
282,cleanliness,0.404,193,78,115,0
282,location,0.921,646,595,51,0
282,room_comfort,0.289,713,206,507,0
282,value,0.431,232,100,132,0
282,noise,0.373,158,59,99,0
282,breakfast,0.56,309,173,136,0
283,wifi,0.338,68,23,45,1
283,pool,1.0,1,1,0,1
283,gym,0.2,5,1,4,1
283,restaurant,0.73,122,89,33,1
283,room_service,0.4,20,8,12,1
283,lounge,0.429,7,3,4,1
283,staff,0.758,712,540,172,0
283,cleanliness,0.856,424,363,61,0
283,location,0.935,705,659,46,0
283,room_comfort,0.47,1286,604,682,0
283,value,0.495,208,103,105,0
283,noise,0.415,171,71,100,0
283,breakfast,0.502,572,287,285,0
284,wifi,0.538,13,7,6,1
284,pool,0.0,2,0,2,1
284,gym,1.0,2,2,0,1
284,restaurant,0.679,28,19,9,1
284,room_service,0.286,7,2,5,1
284,lounge,1.0,1,1,0,1
284,staff,0.825,120,99,21,0
284,cleanliness,0.769,78,60,18,0
284,location,0.922,116,107,9,0
284,room_comfort,0.607,163,99,64,0
284,value,0.292,48,14,34,0
284,noise,0.882,17,15,2,0
284,breakfast,0.718,117,84,33,0
285,wifi,0.938,64,60,4,1
285,pool,0.0,1,0,1,1
285,gym,0.0,5,0,5,1
285,sauna,1.0,1,1,0,1
285,restaurant,0.521,48,25,23,1
285,room_service,0.125,8,1,7,1
285,lounge,0.88,25,22,3,1
285,event_space,0.778,9,7,2,1
285,staff,0.922,503,464,39,0
285,cleanliness,0.806,175,141,34,0
285,location,0.785,340,267,73,0
285,room_comfort,0.606,1025,621,404,0
285,value,0.362,149,54,95,0
285,noise,0.594,64,38,26,0
285,breakfast,0.58,245,142,103,0
286,wifi,0.688,16,11,5,1
286,gym,0.0,1,0,1,1
286,sauna,0.0,1,0,1,1
286,restaurant,0.714,14,10,4,1
286,room_service,1.0,1,1,0,1
286,staff,0.8,60,48,12,0
286,cleanliness,0.867,30,26,4,0
286,location,0.852,61,52,9,0
286,room_comfort,0.637,91,58,33,0
286,value,0.389,18,7,11,0
286,noise,0.4,15,6,9,0
286,breakfast,0.75,44,33,11,0
287,wifi,1.0,1,1,0,1
287,restaurant,0.333,3,1,2,1
287,staff,0.8,20,16,4,0
287,cleanliness,0.857,7,6,1,0
287,location,0.929,14,13,1,0
287,room_comfort,0.526,19,10,9,0
287,value,0.0,1,0,1,0
287,noise,0.667,9,6,3,0
287,breakfast,0.2,5,1,4,0
288,wifi,0.067,15,1,14,1
288,pool,1.0,1,1,0,1
288,gym,0.0,1,0,1,1
288,restaurant,0.875,8,7,1,1
288,room_service,1.0,1,1,0,1
288,lounge,0.5,2,1,1,1
288,event_space,1.0,1,1,0,1
288,staff,0.816,38,31,7,0
288,cleanliness,0.714,7,5,2,0
288,location,0.643,14,9,5,0
288,room_comfort,0.373,51,19,32,0
288,value,0.214,14,3,11,0
288,noise,1.0,4,4,0,0
288,breakfast,0.6,10,6,4,0
289,wifi,0.5,22,11,11,1
289,pool,0.199,136,27,109,1
289,gym,0.538,39,21,18,1
289,sauna,0.296,27,8,19,1
289,restaurant,0.453,86,39,47,1
289,room_service,0.333,51,17,34,1
289,lounge,0.625,8,5,3,1
289,event_space,0.25,4,1,3,1
289,staff,0.724,479,347,132,0
289,cleanliness,0.61,164,100,64,0
289,location,0.882,449,396,53,0
289,room_comfort,0.577,655,378,277,0
289,value,0.186,199,37,162,0
289,noise,0.444,72,32,40,0
289,breakfast,0.545,288,157,131,0
290,pool,1.0,1,1,0,1
290,gym,1.0,1,1,0,1
290,sauna,1.0,1,1,0,1
290,restaurant,0.5,2,1,1,1
290,room_service,0.0,1,0,1,1
290,staff,0.833,12,10,2,0
290,cleanliness,1.0,2,2,0,0
290,location,1.0,7,7,0,0
290,room_comfort,0.545,11,6,5,0
290,value,0.167,6,1,5,0
290,noise,0.5,2,1,1,0
290,breakfast,0.667,6,4,2,0
291,wifi,0.333,18,6,12,1
291,pool,0.701,127,89,38,1
291,gym,0.609,23,14,9,1
291,sauna,0.64,178,114,64,1
291,restaurant,0.571,119,68,51,1
291,room_service,0.41,61,25,36,1
291,lounge,0.409,22,9,13,1
291,event_space,0.867,15,13,2,1
291,staff,0.842,1313,1106,207,0
291,cleanliness,0.885,314,278,36,0
291,location,0.884,628,555,73,0
291,room_comfort,0.739,1608,1188,420,0
291,value,0.204,490,100,390,0
291,noise,0.75,64,48,16,0
291,breakfast,0.648,806,522,284,0
292,wifi,0.385,13,5,8,1
292,sauna,1.0,1,1,0,1
292,restaurant,0.556,9,5,4,1
292,staff,0.716,67,48,19,0
292,cleanliness,0.636,33,21,12,0
292,location,0.8,55,44,11,0
292,room_comfort,0.538,106,57,49,0
292,value,0.419,31,13,18,0
292,noise,0.19,21,4,17,0
292,breakfast,0.578,45,26,19,0
293,wifi,0.2,5,1,4,1
293,pool,0.857,7,6,1,1
293,sauna,1.0,1,1,0,1
293,restaurant,0.667,3,2,1,1
293,staff,0.731,26,19,7,0
293,cleanliness,1.0,14,14,0,0
293,location,0.981,53,52,1,0
293,room_comfort,0.378,45,17,28,0
293,value,0.438,16,7,9,0
293,noise,0.4,5,2,3,0
293,breakfast,0.389,18,7,11,0
294,wifi,0.333,15,5,10,1
294,pool,0.0,2,0,2,1
294,gym,0.2,5,1,4,1
294,sauna,0.455,11,5,6,1
294,restaurant,0.615,13,8,5,1
294,room_service,0.4,5,2,3,1
294,staff,0.692,78,54,24,0
294,cleanliness,0.894,47,42,5,0
294,location,0.863,73,63,10,0
294,room_comfort,0.646,127,82,45,0
294,value,0.263,38,10,28,0
294,noise,0.593,27,16,11,0
294,breakfast,0.463,41,19,22,0
295,wifi,0.055,275,15,260,1
295,gym,0.733,15,11,4,1
295,sauna,0.333,3,1,2,1
295,restaurant,0.541,37,20,17,1
295,room_service,0.091,11,1,10,1
295,lounge,0.857,7,6,1,1
295,staff,0.66,285,188,97,0
295,cleanliness,0.789,185,146,39,0
295,location,0.922,436,402,34,0
295,room_comfort,0.509,479,244,235,0
295,value,0.423,142,60,82,0
295,noise,0.49,49,24,25,0
295,breakfast,0.747,257,192,65,0
296,restaurant,0.9,20,18,2,1
296,lounge,1.0,2,2,0,1
296,staff,0.935,62,58,4,0
296,cleanliness,0.8,10,8,2,0
296,location,1.0,46,46,0,0
296,room_comfort,0.571,56,32,24,0
296,value,0.5,12,6,6,0
296,noise,1.0,10,10,0,0
296,breakfast,0.286,14,4,10,0
297,pool,1.0,8,8,0,1
297,gym,1.0,2,2,0,1
297,sauna,0.889,9,8,1,1
297,restaurant,0.5,2,1,1,1
297,room_service,0.0,1,0,1,1
297,staff,0.947,19,18,1,0
297,cleanliness,0.6,5,3,2,0
297,location,1.0,14,14,0,0
297,room_comfort,0.65,20,13,7,0
297,value,0.364,11,4,7,0
297,noise,0.429,7,3,4,0
297,breakfast,0.375,8,3,5,0
298,wifi,0.375,24,9,15,1
298,pool,0.545,176,96,80,1
298,gym,0.757,37,28,9,1
298,sauna,0.59,161,95,66,1
298,restaurant,0.486,107,52,55,1
298,room_service,0.385,52,20,32,1
298,lounge,0.333,3,1,2,1
298,event_space,0.75,4,3,1,1
298,staff,0.772,794,613,181,0
298,cleanliness,0.849,312,265,47,0
298,location,0.913,446,407,39,0
298,room_comfort,0.717,1048,751,297,0
298,value,0.395,200,79,121,0
298,noise,0.488,129,63,66,0
298,breakfast,0.606,609,369,240,0
299,wifi,0.712,104,74,30,1
299,gym,0.5,10,5,5,1
299,restaurant,0.728,103,75,28,1
299,room_service,0.241,29,7,22,1
299,lounge,0.455,11,5,6,1
299,event_space,0.5,2,1,1,1
299,staff,0.843,1206,1017,189,0
299,cleanliness,0.89,628,559,69,0
299,location,0.923,1044,964,80,0
299,room_comfort,0.46,2154,991,1163,0
299,value,0.419,272,114,158,0
299,noise,0.508,252,128,124,0
299,breakfast,0.611,383,234,149,0
300,wifi,0.3,50,15,35,1
300,pool,0.0,1,0,1,1
300,gym,0.0,1,0,1,1
300,sauna,0.0,1,0,1,1
300,restaurant,0.226,53,12,41,1
300,room_service,0.0,2,0,2,1
300,staff,0.497,173,86,87,0
300,cleanliness,0.672,116,78,38,0
300,location,0.288,156,45,111,0
300,room_comfort,0.518,282,146,136,0
300,value,0.496,119,59,60,0
300,noise,0.474,19,9,10,0
300,breakfast,0.606,246,149,97,0
301,wifi,0.857,14,12,2,1
301,pool,0.0,2,0,2,1
301,gym,0.167,6,1,5,1
301,sauna,0.0,1,0,1,1
301,restaurant,0.742,93,69,24,1
301,room_service,0.278,18,5,13,1
301,lounge,0.875,8,7,1,1
301,event_space,0.0,1,0,1,1
301,staff,0.881,488,430,58,0
301,cleanliness,0.828,145,120,25,0
301,location,0.959,435,417,18,0
301,room_comfort,0.597,626,374,252,0
301,value,0.234,175,41,134,0
301,noise,0.485,66,32,34,0
301,breakfast,0.64,267,171,96,0
302,wifi,0.0,2,0,2,1
302,gym,1.0,3,3,0,1
302,restaurant,0.571,7,4,3,1
302,room_service,0.0,3,0,3,1
302,lounge,0.0,1,0,1,1
302,staff,0.838,37,31,6,0
302,cleanliness,0.857,14,12,2,0
302,location,0.941,34,32,2,0
302,room_comfort,0.521,48,25,23,0
302,value,0.25,8,2,6,0
302,noise,0.5,6,3,3,0
302,breakfast,0.524,21,11,10,0
303,wifi,0.4,20,8,12,1
303,gym,0.0,1,0,1,1
303,restaurant,0.714,7,5,2,1
303,room_service,0.0,2,0,2,1
303,staff,0.825,57,47,10,0
303,cleanliness,0.721,61,44,17,0
303,location,0.824,74,61,13,0
303,room_comfort,0.624,109,68,41,0
303,value,0.56,25,14,11,0
303,noise,0.5,16,8,8,0
303,breakfast,0.732,56,41,15,0
304,wifi,0.885,52,46,6,1
304,pool,0.0,1,0,1,1
304,gym,0.0,1,0,1,1
304,restaurant,0.421,19,8,11,1
304,room_service,1.0,1,1,0,1
304,event_space,1.0,1,1,0,1
304,staff,0.766,107,82,25,0
304,cleanliness,0.775,129,100,29,0
304,location,0.664,125,83,42,0
304,room_comfort,0.692,234,162,72,0
304,value,0.605,81,49,32,0
304,noise,0.78,50,39,11,0
304,breakfast,0.671,149,100,49,0
305,wifi,0.125,8,1,7,1
305,restaurant,0.636,22,14,8,1
305,room_service,1.0,2,2,0,1
305,lounge,0.333,3,1,2,1
305,staff,0.873,102,89,13,0
305,cleanliness,0.952,21,20,1,0
305,location,0.949,59,56,3,0
305,room_comfort,0.644,135,87,48,0
305,value,0.462,26,12,14,0
305,noise,0.6,20,12,8,0
305,breakfast,0.633,49,31,18,0
306,wifi,0.0,3,0,3,1
306,sauna,0.0,1,0,1,1
306,restaurant,0.5,2,1,1,1
306,lounge,1.0,1,1,0,1
306,staff,0.733,15,11,4,0
306,cleanliness,0.714,7,5,2,0
306,location,0.84,25,21,4,0
306,room_comfort,0.552,29,16,13,0
306,value,0.538,13,7,6,0
306,noise,0.167,6,1,5,0
306,breakfast,0.4,15,6,9,0
307,wifi,0.088,34,3,31,1
307,pool,1.0,1,1,0,1
307,restaurant,0.714,21,15,6,1
307,room_service,0.0,1,0,1,1
307,lounge,0.0,2,0,2,1
307,event_space,0.75,4,3,1,1
307,staff,0.594,96,57,39,0
307,cleanliness,0.444,63,28,35,0
307,location,0.937,79,74,5,0
307,room_comfort,0.352,199,70,129,0
307,value,0.212,52,11,41,0
307,noise,0.5,22,11,11,0
307,breakfast,0.316,38,12,26,0
308,wifi,0.733,15,11,4,1
308,pool,0.756,45,34,11,1
308,gym,0.0,1,0,1,1
308,sauna,0.812,16,13,3,1
308,restaurant,0.818,22,18,4,1
308,room_service,0.0,2,0,2,1
308,lounge,0.5,2,1,1,1
308,staff,0.885,156,138,18,0
308,cleanliness,0.721,68,49,19,0
308,location,0.888,143,127,16,0
308,room_comfort,0.484,188,91,97,0
308,value,0.528,53,28,25,0
308,noise,0.483,29,14,15,0
308,breakfast,0.559,68,38,30,0
309,wifi,0.5,2,1,1,1
309,restaurant,0.706,17,12,5,1
309,room_service,0.5,4,2,2,1
309,lounge,0.778,9,7,2,1
309,event_space,1.0,1,1,0,1
309,staff,0.873,126,110,16,0
309,cleanliness,0.923,13,12,1,0
309,location,0.929,85,79,6,0
309,room_comfort,0.7,180,126,54,0
309,value,0.333,21,7,14,0
309,noise,0.361,36,13,23,0
309,breakfast,0.529,51,27,24,0
310,wifi,0.0,8,0,8,1
310,gym,0.5,2,1,1,1
310,restaurant,0.75,4,3,1,1
310,room_service,1.0,2,2,0,1
310,lounge,1.0,1,1,0,1
310,event_space,0.0,2,0,2,1
310,staff,0.773,22,17,5,0
310,cleanliness,0.5,4,2,2,0
310,location,0.833,12,10,2,0
310,room_comfort,0.438,32,14,18,0
310,value,0.375,8,3,5,0
310,noise,0.0,1,0,1,0
310,breakfast,0.529,17,9,8,0
311,wifi,0.3,10,3,7,1
311,restaurant,1.0,8,8,0,1
311,room_service,0.0,1,0,1,1
311,staff,0.929,42,39,3,0
311,cleanliness,0.885,26,23,3,0
311,location,0.957,47,45,2,0
311,room_comfort,0.457,70,32,38,0
311,value,0.25,4,1,3,0
311,noise,0.4,5,2,3,0
311,breakfast,0.654,26,17,9,0
312,wifi,1.0,2,2,0,1
312,restaurant,1.0,8,8,0,1
312,staff,0.871,31,27,4,0
312,cleanliness,1.0,6,6,0,0
312,location,1.0,36,36,0,0
312,room_comfort,0.487,39,19,20,0
312,value,0.667,9,6,3,0
312,noise,0.714,7,5,2,0
312,breakfast,0.759,29,22,7,0
313,wifi,0.333,45,15,30,1
313,gym,0.0,1,0,1,1
313,restaurant,0.966,29,28,1,1
313,room_service,0.0,1,0,1,1
313,staff,0.757,115,87,28,0
313,cleanliness,0.921,151,139,12,0
313,location,0.927,164,152,12,0
313,room_comfort,0.463,285,132,153,0
313,value,0.591,66,39,27,0
313,noise,0.385,52,20,32,0
313,breakfast,0.423,26,11,15,0
314,wifi,0.655,29,19,10,1
314,pool,0.611,247,151,96,1
314,gym,0.433,30,13,17,1
314,sauna,0.774,31,24,7,1
314,restaurant,0.661,62,41,21,1
314,room_service,0.341,41,14,27,1
314,lounge,0.8,5,4,1,1
314,event_space,0.6,15,9,6,1
314,staff,0.74,335,248,87,0
314,cleanliness,0.678,171,116,55,0
314,location,0.841,372,313,59,0
314,room_comfort,0.558,593,331,262,0
314,value,0.421,126,53,73,0
314,noise,0.456,57,26,31,0
314,breakfast,0.729,288,210,78,0
315,wifi,0.909,11,10,1,1
315,restaurant,0.857,7,6,1,1
315,staff,0.782,142,111,31,0
315,cleanliness,0.821,56,46,10,0
315,location,0.967,183,177,6,0
315,room_comfort,0.517,207,107,100,0
315,value,0.408,49,20,29,0
315,noise,0.667,15,10,5,0
315,breakfast,0.383,47,18,29,0
316,wifi,0.0,1,0,1,1
316,pool,0.5,4,2,2,1
316,gym,0.75,4,3,1,1
316,sauna,0.375,8,3,5,1
316,restaurant,0.556,9,5,4,1
316,room_service,0.5,6,3,3,1
316,lounge,0.0,1,0,1,1
316,staff,0.649,37,24,13,0
316,cleanliness,0.538,13,7,6,0
316,location,0.968,31,30,1,0
316,room_comfort,0.396,48,19,29,0
316,value,0.182,11,2,9,0
316,noise,0.0,6,0,6,0
316,breakfast,0.412,17,7,10,0
317,wifi,0.112,188,21,167,1
317,pool,0.0,1,0,1,1
317,gym,0.429,21,9,12,1
317,sauna,0.0,4,0,4,1
317,restaurant,0.761,159,121,38,1
317,room_service,0.5,44,22,22,1
317,lounge,0.6,10,6,4,1
317,staff,0.805,1114,897,217,0
317,cleanliness,0.876,460,403,57,0
317,location,0.89,821,731,90,0
317,room_comfort,0.626,1576,987,589,0
317,value,0.458,271,124,147,0
317,noise,0.527,275,145,130,0
317,breakfast,0.573,832,477,355,0
318,wifi,0.156,32,5,27,1
318,gym,0.0,2,0,2,1
318,restaurant,0.304,23,7,16,1
318,room_service,0.5,8,4,4,1
318,lounge,0.0,1,0,1,1
318,staff,0.778,167,130,37,0
318,cleanliness,0.682,44,30,14,0
318,location,0.972,249,242,7,0
318,room_comfort,0.444,171,76,95,0
318,value,0.308,52,16,36,0
318,noise,0.095,21,2,19,0
318,breakfast,0.438,89,39,50,0
319,wifi,0.0,1,0,1,1
319,restaurant,0.0,1,0,1,1
319,staff,0.833,12,10,2,0
319,cleanliness,1.0,2,2,0,0
319,location,1.0,9,9,0,0
319,room_comfort,0.6,15,9,6,0
319,value,1.0,3,3,0,0
319,noise,0.667,3,2,1,0
319,breakfast,0.875,8,7,1,0
320,wifi,0.375,8,3,5,1
320,restaurant,0.625,8,5,3,1
320,room_service,0.0,2,0,2,1
320,staff,0.877,81,71,10,0
320,cleanliness,0.9,20,18,2,0
320,location,0.966,89,86,3,0
320,room_comfort,0.619,84,52,32,0
320,value,0.538,13,7,6,0
320,noise,0.714,21,15,6,0
320,breakfast,0.522,23,12,11,0
321,wifi,0.0,3,0,3,1
321,gym,0.0,2,0,2,1
321,sauna,0.0,1,0,1,1
321,restaurant,0.5,2,1,1,1
321,room_service,0.0,2,0,2,1
321,staff,0.722,36,26,10,0
321,cleanliness,0.0,12,0,12,0
321,location,0.954,65,62,3,0
321,room_comfort,0.234,47,11,36,0
321,value,0.143,14,2,12,0
321,noise,0.0,4,0,4,0
321,breakfast,0.533,15,8,7,0
322,wifi,0.364,22,8,14,1
322,pool,0.0,1,0,1,1
322,gym,0.333,9,3,6,1
322,sauna,0.0,2,0,2,1
322,restaurant,0.586,29,17,12,1
322,room_service,0.5,16,8,8,1
322,lounge,0.733,15,11,4,1
322,staff,0.799,348,278,70,0
322,cleanliness,0.648,105,68,37,0
322,location,0.934,273,255,18,0
322,room_comfort,0.464,485,225,260,0
322,value,0.345,113,39,74,0
322,noise,0.338,68,23,45,0
322,breakfast,0.681,213,145,68,0
323,wifi,0.273,11,3,8,1
323,gym,0.4,5,2,3,1
323,sauna,1.0,1,1,0,1
323,restaurant,0.75,40,30,10,1
323,room_service,0.227,22,5,17,1
323,lounge,1.0,9,9,0,1
323,staff,0.863,524,452,72,0
323,cleanliness,0.677,161,109,52,0
323,location,0.941,354,333,21,0
323,room_comfort,0.438,737,323,414,0
323,value,0.276,116,32,84,0
323,noise,0.329,79,26,53,0
323,breakfast,0.814,306,249,57,0
324,wifi,0.217,69,15,54,1
324,restaurant,0.7,20,14,6,1
324,room_service,0.0,1,0,1,1
324,lounge,0.0,1,0,1,1
324,staff,0.787,174,137,37,0
324,cleanliness,0.645,121,78,43,0
324,location,0.959,246,236,10,0
324,room_comfort,0.524,292,153,139,0
324,value,0.642,95,61,34,0
324,noise,0.316,79,25,54,0
324,breakfast,0.644,163,105,58,0
325,wifi,0.069,391,27,364,1
325,pool,0.327,284,93,191,1
325,gym,0.451,113,51,62,1
325,sauna,0.432,222,96,126,1
325,restaurant,0.637,146,93,53,1
325,room_service,0.537,67,36,31,1
325,lounge,0.833,30,25,5,1
325,event_space,0.4,5,2,3,1
325,staff,0.7,1300,910,390,0
325,cleanliness,0.741,505,374,131,0
325,location,0.955,1263,1206,57,0
325,room_comfort,0.385,2268,873,1395,0
325,value,0.259,575,149,426,0
325,noise,0.394,241,95,146,0
325,breakfast,0.565,634,358,276,0
326,wifi,1.0,2,2,0,1
326,restaurant,0.857,7,6,1,1
326,room_service,0.5,2,1,1,1
326,staff,0.929,56,52,4,0
326,cleanliness,1.0,18,18,0,0
326,location,0.949,59,56,3,0
326,room_comfort,0.578,64,37,27,0
326,value,0.364,11,4,7,0
326,noise,0.667,6,4,2,0
326,breakfast,0.727,22,16,6,0
327,wifi,0.167,12,2,10,1
327,pool,0.429,21,9,12,1
327,gym,0.0,2,0,2,1
327,sauna,0.5,2,1,1,1
327,restaurant,0.833,18,15,3,1
327,staff,0.857,70,60,10,0
327,cleanliness,0.854,48,41,7,0
327,location,0.974,78,76,2,0
327,room_comfort,0.596,89,53,36,0
327,value,0.471,17,8,9,0
327,noise,0.5,26,13,13,0
327,breakfast,0.286,7,2,5,0
328,wifi,0.75,4,3,1,1
328,pool,0.615,13,8,5,1
328,gym,0.667,3,2,1,1
328,sauna,0.714,7,5,2,1
328,restaurant,0.5,12,6,6,1
328,room_service,0.0,3,0,3,1
328,staff,0.727,44,32,12,0
328,cleanliness,0.81,21,17,4,0
328,location,0.611,36,22,14,0
328,room_comfort,0.673,55,37,18,0
328,value,0.333,9,3,6,0
328,noise,0.5,8,4,4,0
328,breakfast,0.625,40,25,15,0
329,wifi,0.765,17,13,4,1
329,pool,0.74,50,37,13,1
329,gym,0.571,7,4,3,1
329,sauna,0.75,4,3,1,1
329,restaurant,0.6,40,24,16,1
329,room_service,0.25,4,1,3,1
329,lounge,1.0,3,3,0,1
329,event_space,1.0,1,1,0,1
329,staff,0.888,285,253,32,0
329,cleanliness,0.83,88,73,15,0
329,location,0.99,309,306,3,0
329,room_comfort,0.692,302,209,93,0
329,value,0.3,60,18,42,0
329,noise,0.717,53,38,15,0
329,breakfast,0.72,157,113,44,0
330,wifi,1.0,5,5,0,1
330,pool,0.0,1,0,1,1
330,gym,0.333,3,1,2,1
330,restaurant,0.25,4,1,3,1
330,staff,0.5,36,18,18,0
330,cleanliness,0.913,23,21,2,0
330,location,0.946,37,35,2,0
330,room_comfort,0.532,77,41,36,0
330,value,0.5,12,6,6,0
330,noise,0.571,7,4,3,0
330,breakfast,0.429,7,3,4,0
331,wifi,0.1,20,2,18,1
331,pool,0.562,130,73,57,1
331,gym,0.889,9,8,1,1
331,sauna,0.423,26,11,15,1
331,restaurant,0.625,64,40,24,1
331,room_service,0.421,19,8,11,1
331,lounge,0.333,6,2,4,1
331,event_space,0.0,7,0,7,1
331,staff,0.7,243,170,73,0
331,cleanliness,0.245,53,13,40,0
331,location,0.841,164,138,26,0
331,room_comfort,0.592,373,221,152,0
331,value,0.219,114,25,89,0
331,noise,0.132,38,5,33,0
331,breakfast,0.515,132,68,64,0
332,wifi,0.818,22,18,4,1
332,pool,0.41,39,16,23,1
332,gym,0.462,13,6,7,1
332,sauna,0.5,2,1,1,1
332,restaurant,0.789,19,15,4,1
332,room_service,0.6,5,3,2,1
332,lounge,0.333,3,1,2,1
332,staff,0.916,190,174,16,0
332,cleanliness,0.905,84,76,8,0
332,location,0.955,178,170,8,0
332,room_comfort,0.677,201,136,65,0
332,value,0.489,45,22,23,0
332,noise,0.795,39,31,8,0
332,breakfast,0.692,78,54,24,0
333,wifi,0.0,34,0,34,1
333,pool,0.0,1,0,1,1
333,gym,0.0,5,0,5,1
333,sauna,1.0,1,1,0,1
333,restaurant,0.577,26,15,11,1
333,room_service,0.714,7,5,2,1
333,lounge,0.0,2,0,2,1
333,staff,0.966,206,199,7,0
333,cleanliness,0.896,48,43,5,0
333,location,0.964,223,215,8,0
333,room_comfort,0.673,196,132,64,0
333,value,0.522,23,12,11,0
333,noise,0.679,28,19,9,0
333,breakfast,0.632,68,43,25,0
334,wifi,0.333,3,1,2,1
334,gym,0.0,1,0,1,1
334,restaurant,0.833,6,5,1,1
334,room_service,0.0,1,0,1,1
334,lounge,1.0,1,1,0,1
334,staff,0.917,48,44,4,0
334,cleanliness,1.0,16,16,0,0
334,location,1.0,35,35,0,0
334,room_comfort,0.589,73,43,30,0
334,value,0.4,10,4,6,0
334,noise,0.857,7,6,1,0
334,breakfast,0.778,18,14,4,0
335,wifi,0.875,8,7,1,1
335,restaurant,0.938,16,15,1,1
335,staff,0.929,70,65,5,0
335,cleanliness,0.867,30,26,4,0
335,location,0.976,82,80,2,0
335,room_comfort,0.56,75,42,33,0
335,value,0.7,20,14,6,0
335,noise,0.85,20,17,3,0
335,breakfast,0.855,55,47,8,0
336,pool,1.0,1,1,0,1
336,gym,1.0,1,1,0,1
336,sauna,0.8,5,4,1,1
336,restaurant,0.667,3,2,1,1
336,lounge,0.0,1,0,1,1
336,staff,0.625,8,5,3,0
336,cleanliness,1.0,1,1,0,0
336,location,1.0,6,6,0,0
336,room_comfort,0.833,6,5,1,0
336,value,0.333,6,2,4,0
336,noise,1.0,1,1,0,0
336,breakfast,0.0,3,0,3,0
337,wifi,1.0,4,4,0,1
337,gym,1.0,2,2,0,1
337,restaurant,0.947,19,18,1,1
337,lounge,1.0,2,2,0,1
337,staff,0.953,86,82,4,0
337,cleanliness,0.88,25,22,3,0
337,location,0.855,76,65,11,0
337,room_comfort,0.557,106,59,47,0
337,value,0.692,13,9,4,0
337,noise,0.625,16,10,6,0
337,breakfast,0.682,88,60,28,0
338,wifi,0.484,31,15,16,1
338,pool,0.0,1,0,1,1
338,gym,1.0,1,1,0,1
338,sauna,0.0,2,0,2,1
338,restaurant,0.743,109,81,28,1
338,room_service,0.5,6,3,3,1
338,lounge,0.667,3,2,1,1
338,event_space,0.0,1,0,1,1
338,staff,0.907,567,514,53,0
338,cleanliness,0.939,148,139,9,0
338,location,0.949,355,337,18,0
338,room_comfort,0.638,475,303,172,0
338,value,0.709,86,61,25,0
338,noise,0.627,75,47,28,0
338,breakfast,0.911,561,511,50,0
339,wifi,0.429,7,3,4,1
339,gym,0.25,4,1,3,1
339,restaurant,0.846,13,11,2,1
339,lounge,0.667,3,2,1,1
339,staff,0.899,89,80,9,0
339,cleanliness,0.893,28,25,3,0
339,location,0.869,61,53,8,0
339,room_comfort,0.812,96,78,18,0
339,value,0.7,20,14,6,0
339,noise,0.913,23,21,2,0
339,breakfast,0.781,64,50,14,0
340,wifi,0.141,64,9,55,1
340,pool,0.33,94,31,63,1
340,gym,0.0,8,0,8,1
340,sauna,0.588,182,107,75,1
340,restaurant,0.435,46,20,26,1
340,room_service,0.286,7,2,5,1
340,lounge,0.0,1,0,1,1
340,event_space,1.0,3,3,0,1
340,staff,0.686,239,164,75,0
340,cleanliness,0.738,130,96,34,0
340,location,0.822,242,199,43,0
340,room_comfort,0.542,310,168,142,0
340,value,0.402,107,43,64,0
340,noise,0.692,39,27,12,0
340,breakfast,0.635,170,108,62,0
341,wifi,0.368,68,25,43,1
341,gym,0.0,2,0,2,1
341,sauna,0.0,1,0,1,1
341,restaurant,0.568,44,25,19,1
341,room_service,0.143,7,1,6,1
341,lounge,0.5,2,1,1,1
341,staff,0.724,199,144,55,0
341,cleanliness,0.756,156,118,38,0
341,location,0.95,380,361,19,0
341,room_comfort,0.514,364,187,177,0
341,value,0.506,87,44,43,0
341,noise,0.385,78,30,48,0
341,breakfast,0.589,197,116,81,0
342,wifi,1.0,2,2,0,1
342,pool,0.0,1,0,1,1
342,restaurant,0.5,4,2,2,1
342,staff,0.929,14,13,1,0
342,cleanliness,0.8,10,8,2,0
342,location,0.462,13,6,7,0
342,room_comfort,0.667,15,10,5,0
342,value,0.222,9,2,7,0
342,noise,0.0,2,0,2,0
342,breakfast,0.706,17,12,5,0
343,wifi,0.045,67,3,64,1
343,pool,0.0,5,0,5,1
343,gym,0.8,5,4,1,1
343,sauna,0.0,3,0,3,1
343,restaurant,0.686,35,24,11,1
343,room_service,0.4,5,2,3,1
343,lounge,0.923,13,12,1,1
343,staff,0.768,194,149,45,0
343,cleanliness,0.645,62,40,22,0
343,location,0.951,205,195,10,0
343,room_comfort,0.432,250,108,142,0
343,value,0.098,82,8,74,0
343,noise,0.323,31,10,21,0
343,breakfast,0.568,118,67,51,0
344,wifi,0.429,7,3,4,1
344,restaurant,0.867,15,13,2,1
344,staff,0.891,110,98,12,0
344,cleanliness,0.769,52,40,12,0
344,location,0.934,91,85,6,0
344,room_comfort,0.591,154,91,63,0
344,value,0.444,36,16,20,0
344,noise,0.8,15,12,3,0
344,breakfast,0.491,53,26,27,0
345,wifi,0.75,4,3,1,1
345,pool,0.6,15,9,6,1
345,sauna,0.538,13,7,6,1
345,restaurant,1.0,9,9,0,1
345,staff,0.765,34,26,8,0
345,cleanliness,0.9,20,18,2,0
345,location,0.969,32,31,1,0
345,room_comfort,0.519,52,27,25,0
345,value,0.4,10,4,6,0
345,noise,0.571,7,4,3,0
345,breakfast,0.562,16,9,7,0
346,wifi,0.0,2,0,2,1
346,restaurant,0.714,7,5,2,1
346,room_service,1.0,1,1,0,1
346,event_space,1.0,2,2,0,1
346,staff,0.924,66,61,5,0
346,cleanliness,0.947,19,18,1,0
346,location,0.907,43,39,4,0
346,room_comfort,0.667,57,38,19,0
346,value,0.429,7,3,4,0
346,noise,0.5,14,7,7,0
346,breakfast,0.882,51,45,6,0
347,wifi,0.375,8,3,5,1
347,sauna,1.0,1,1,0,1
347,restaurant,0.667,6,4,2,1
347,room_service,0.0,1,0,1,1
347,staff,0.915,47,43,4,0
347,cleanliness,0.793,29,23,6,0
347,location,0.947,76,72,4,0
347,room_comfort,0.689,61,42,19,0
347,value,0.615,13,8,5,0
347,noise,0.455,11,5,6,0
347,breakfast,0.364,22,8,14,0
348,wifi,0.455,44,20,24,1
348,pool,0.25,8,2,6,1
348,gym,0.417,12,5,7,1
348,sauna,0.0,2,0,2,1
348,restaurant,0.667,39,26,13,1
348,room_service,0.267,15,4,11,1
348,lounge,1.0,1,1,0,1
348,staff,0.811,349,283,66,0
348,cleanliness,0.879,116,102,14,0
348,location,0.919,359,330,29,0
348,room_comfort,0.607,384,233,151,0
348,value,0.283,92,26,66,0
348,noise,0.38,50,19,31,0
348,breakfast,0.779,244,190,54,0
349,wifi,0.5,4,2,2,1
349,restaurant,0.889,9,8,1,1
349,staff,0.862,58,50,8,0
349,cleanliness,0.556,9,5,4,0
349,location,0.857,35,30,5,0
349,room_comfort,0.386,57,22,35,0
349,value,0.643,14,9,5,0
349,noise,0.167,6,1,5,0
349,breakfast,0.786,28,22,6,0
350,wifi,0.062,32,2,30,1
350,gym,0.25,4,1,3,1
350,sauna,0.8,5,4,1,1
350,restaurant,0.667,12,8,4,1
350,room_service,0.0,5,0,5,1
350,staff,0.802,91,73,18,0
350,cleanliness,0.591,22,13,9,0
350,location,0.974,189,184,5,0
350,room_comfort,0.349,109,38,71,0
350,value,0.118,17,2,15,0
350,noise,0.2,20,4,16,0
350,breakfast,0.507,75,38,37,0
351,wifi,0.444,9,4,5,1
351,pool,0.0,1,0,1,1
351,gym,0.0,3,0,3,1
351,sauna,0.2,5,1,4,1
351,restaurant,0.579,57,33,24,1
351,room_service,0.692,13,9,4,1
351,staff,0.715,319,228,91,0
351,cleanliness,0.594,96,57,39,0
351,location,0.965,376,363,13,0
351,room_comfort,0.504,484,244,240,0
351,value,0.337,95,32,63,0
351,noise,0.39,100,39,61,0
351,breakfast,0.561,155,87,68,0
352,wifi,0.0,1,0,1,1
352,gym,0.0,2,0,2,1
352,sauna,0.5,2,1,1,1
352,restaurant,0.5,12,6,6,1
352,room_service,0.5,6,3,3,1
352,staff,0.809,68,55,13,0
352,cleanliness,0.5,14,7,7,0
352,location,0.928,83,77,6,0
352,room_comfort,0.512,82,42,40,0
352,value,0.353,17,6,11,0
352,noise,0.333,9,3,6,0
352,breakfast,0.462,26,12,14,0
353,restaurant,0.333,3,1,2,1
353,lounge,0.0,1,0,1,1
353,staff,0.714,7,5,2,0
353,location,0.75,4,3,1,0
353,room_comfort,0.833,6,5,1,0
353,value,0.0,1,0,1,0
353,noise,0.0,2,0,2,0
353,breakfast,0.667,3,2,1,0
354,wifi,0.5,12,6,6,1
354,pool,0.6,75,45,30,1
354,gym,0.865,52,45,7,1
354,sauna,0.733,30,22,8,1
354,restaurant,0.905,63,57,6,1
354,room_service,0.722,18,13,5,1
354,lounge,0.6,5,3,2,1
354,event_space,0.0,2,0,2,1
354,staff,0.868,394,342,52,0
354,cleanliness,0.747,91,68,23,0
354,location,0.957,301,288,13,0
354,room_comfort,0.495,436,216,220,0
354,value,0.236,72,17,55,0
354,noise,0.574,68,39,29,0
354,breakfast,0.568,139,79,60,0
355,restaurant,1.0,1,1,0,1
355,room_service,1.0,2,2,0,1
355,event_space,1.0,1,1,0,1
355,staff,0.955,22,21,1,0
355,cleanliness,0.857,7,6,1,0
355,location,0.727,11,8,3,0
355,room_comfort,0.651,43,28,15,0
355,value,0.6,5,3,2,0
355,noise,0.0,1,0,1,0
355,breakfast,0.714,7,5,2,0
356,wifi,0.136,22,3,19,1
356,pool,0.0,4,0,4,1
356,gym,0.5,2,1,1,1
356,sauna,0.0,1,0,1,1
356,restaurant,0.667,9,6,3,1
356,room_service,0.667,6,4,2,1
356,lounge,0.6,10,6,4,1
356,event_space,0.0,2,0,2,1
356,staff,0.717,106,76,30,0
356,cleanliness,0.5,26,13,13,0
356,location,0.918,73,67,6,0
356,room_comfort,0.402,164,66,98,0
356,value,0.136,44,6,38,0
356,noise,0.333,9,3,6,0
356,breakfast,0.542,48,26,22,0
357,wifi,0.233,30,7,23,1
357,pool,0.0,2,0,2,1
357,gym,0.583,12,7,5,1
357,restaurant,0.646,65,42,23,1
357,room_service,0.167,12,2,10,1
357,lounge,0.667,3,2,1,1
357,event_space,1.0,1,1,0,1
357,staff,0.822,219,180,39,0
357,cleanliness,0.929,141,131,10,0
357,location,0.9,379,341,38,0
357,room_comfort,0.692,315,218,97,0
357,value,0.4,70,28,42,0
357,noise,0.525,40,21,19,0
357,breakfast,0.641,248,159,89,0
358,wifi,0.212,33,7,26,1
358,pool,0.0,17,0,17,1
358,gym,0.0,9,0,9,1
358,sauna,0.0,1,0,1,1
358,restaurant,0.697,33,23,10,1
358,room_service,0.25,4,1,3,1
358,event_space,0.5,2,1,1,1
358,staff,0.736,144,106,38,0
358,cleanliness,0.802,96,77,19,0
358,location,0.83,171,142,29,0
358,room_comfort,0.644,202,130,72,0
358,value,0.507,69,35,34,0
358,noise,0.595,37,22,15,0
358,breakfast,0.648,88,57,31,0
359,wifi,0.467,15,7,8,1
359,pool,0.0,2,0,2,1
359,gym,0.0,2,0,2,1
359,sauna,0.0,1,0,1,1
359,restaurant,0.6,25,15,10,1
359,room_service,0.25,8,2,6,1
359,lounge,0.0,2,0,2,1
359,event_space,0.5,2,1,1,1
359,staff,0.807,274,221,53,0
359,cleanliness,0.562,73,41,32,0
359,location,0.934,351,328,23,0
359,room_comfort,0.36,383,138,245,0
359,value,0.212,52,11,41,0
359,noise,0.23,74,17,57,0
359,breakfast,0.655,177,116,61,0
360,wifi,0.5,2,1,1,1
360,sauna,1.0,1,1,0,1
360,restaurant,0.955,22,21,1,1
360,staff,0.916,95,87,8,0
360,cleanliness,0.85,20,17,3,0
360,location,0.992,118,117,1,0
360,room_comfort,0.739,92,68,24,0
360,value,0.64,25,16,9,0
360,noise,0.741,27,20,7,0
360,breakfast,0.675,40,27,13,0
361,wifi,0.167,12,2,10,1
361,pool,0.0,1,0,1,1
361,gym,0.25,4,1,3,1
361,sauna,0.333,3,1,2,1
361,restaurant,0.75,8,6,2,1
361,room_service,1.0,1,1,0,1
361,lounge,0.0,1,0,1,1
361,staff,0.976,83,81,2,0
361,cleanliness,0.966,29,28,1,0
361,location,0.958,96,92,4,0
361,room_comfort,0.558,104,58,46,0
361,value,0.462,13,6,7,0
361,noise,0.833,18,15,3,0
361,breakfast,0.632,68,43,25,0
362,wifi,0.571,7,4,3,1
362,restaurant,0.667,27,18,9,1
362,staff,0.763,76,58,18,0
362,cleanliness,0.812,16,13,3,0
362,location,0.966,116,112,4,0
362,room_comfort,0.443,97,43,54,0
362,value,0.3,20,6,14,0
362,noise,0.533,15,8,7,0
362,breakfast,0.797,64,51,13,0
363,sauna,1.0,2,2,0,1
363,restaurant,0.5,6,3,3,1
363,room_service,1.0,1,1,0,1
363,staff,0.667,12,8,4,0
363,cleanliness,0.833,6,5,1,0
363,location,0.5,4,2,2,0
363,room_comfort,0.706,17,12,5,0
363,value,0.5,4,2,2,0
363,noise,0.8,5,4,1,0
363,breakfast,0.8,15,12,3,0
364,wifi,0.429,14,6,8,1
364,pool,0.625,48,30,18,1
364,gym,0.0,2,0,2,1
364,sauna,0.556,9,5,4,1
364,restaurant,0.636,22,14,8,1
364,room_service,0.5,2,1,1,1
364,staff,0.88,117,103,14,0
364,cleanliness,0.881,59,52,7,0
364,location,0.935,108,101,7,0
364,room_comfort,0.585,176,103,73,0
364,value,0.341,44,15,29,0
364,noise,0.243,37,9,28,0
364,breakfast,0.519,27,14,13,0
365,wifi,0.458,24,11,13,1
365,pool,0.0,6,0,6,1
365,gym,0.0,2,0,2,1
365,restaurant,0.294,17,5,12,1
365,room_service,0.0,4,0,4,1
365,lounge,0.0,1,0,1,1
365,event_space,0.0,1,0,1,1
365,staff,0.722,72,52,20,0
365,cleanliness,0.857,63,54,9,0
365,location,0.817,120,98,22,0
365,room_comfort,0.597,144,86,58,0
365,value,0.422,45,19,26,0
365,noise,0.333,30,10,20,0
365,breakfast,0.333,51,17,34,0
366,wifi,0.0,6,0,6,1
366,gym,0.0,2,0,2,1
366,room_service,0.0,2,0,2,1
366,staff,0.667,24,16,8,0
366,cleanliness,0.667,12,8,4,0
366,location,0.667,12,8,4,0
366,room_comfort,0.368,38,14,24,0
366,value,0.0,6,0,6,0
366,noise,0.2,10,2,8,0
366,breakfast,0.5,8,4,4,0
367,pool,0.333,6,2,4,1
367,gym,0.0,2,0,2,1
367,sauna,0.0,1,0,1,1
367,restaurant,0.75,8,6,2,1
367,room_service,1.0,1,1,0,1
367,lounge,0.5,2,1,1,1
367,staff,0.75,28,21,7,0
367,cleanliness,0.5,8,4,4,0
367,location,0.917,12,11,1,0
367,room_comfort,0.486,35,17,18,0
367,value,0.0,12,0,12,0
367,noise,0.333,3,1,2,0
367,breakfast,0.65,20,13,7,0
368,wifi,0.312,32,10,22,1
368,gym,0.0,1,0,1,1
368,restaurant,0.786,14,11,3,1
368,lounge,1.0,2,2,0,1
368,staff,0.734,94,69,25,0
368,cleanliness,0.947,38,36,2,0
368,location,0.944,180,170,10,0
368,room_comfort,0.654,159,104,55,0
368,value,0.471,17,8,9,0
368,noise,0.522,23,12,11,0
368,breakfast,0.658,111,73,38,0
369,wifi,0.333,3,1,2,1
369,gym,0.333,3,1,2,1
369,restaurant,1.0,5,5,0,1
369,room_service,0.0,1,0,1,1
369,lounge,0.0,1,0,1,1
369,staff,0.83,47,39,8,0
369,cleanliness,1.0,6,6,0,0
369,location,0.951,61,58,3,0
369,room_comfort,0.549,51,28,23,0
369,value,0.2,10,2,8,0
369,noise,0.667,3,2,1,0
369,breakfast,0.381,21,8,13,0
370,wifi,0.062,16,1,15,1
370,pool,0.5,2,1,1,1
370,gym,0.0,1,0,1,1
370,sauna,1.0,1,1,0,1
370,restaurant,0.727,22,16,6,1
370,room_service,0.0,3,0,3,1
370,lounge,0.0,2,0,2,1
370,event_space,0.0,1,0,1,1
370,staff,0.896,154,138,16,0
370,cleanliness,0.864,59,51,8,0
370,location,0.961,180,173,7,0
370,room_comfort,0.545,198,108,90,0
370,value,0.318,44,14,30,0
370,noise,0.222,27,6,21,0
370,breakfast,0.213,89,19,70,0
371,wifi,0.917,12,11,1,1
371,pool,0.385,13,5,8,1
371,gym,0.444,9,4,5,1
371,sauna,0.478,67,32,35,1
371,restaurant,0.683,63,43,20,1
371,room_service,0.316,19,6,13,1
371,lounge,0.6,5,3,2,1
371,event_space,0.5,2,1,1,1
371,staff,0.771,218,168,50,0
371,cleanliness,0.898,118,106,12,0
371,location,0.891,247,220,27,0
371,room_comfort,0.6,335,201,134,0
371,value,0.37,73,27,46,0
371,noise,0.538,26,14,12,0
371,breakfast,0.578,135,78,57,0
372,wifi,0.667,24,16,8,1
372,pool,0.0,1,0,1,1
372,gym,0.0,1,0,1,1
372,restaurant,0.444,18,8,10,1
372,room_service,0.0,1,0,1,1
372,lounge,0.0,1,0,1,1
372,staff,0.664,140,93,47,0
372,cleanliness,0.86,150,129,21,0
372,location,0.933,313,292,21,0
372,room_comfort,0.35,506,177,329,0
372,value,0.532,77,41,36,0
372,noise,0.233,90,21,69,0
372,breakfast,0.274,62,17,45,0
373,wifi,0.333,3,1,2,1
373,pool,0.0,1,0,1,1
373,gym,0.5,2,1,1,1
373,sauna,0.0,2,0,2,1
373,restaurant,0.812,16,13,3,1
373,room_service,0.0,2,0,2,1
373,lounge,0.714,7,5,2,1
373,staff,0.933,89,83,6,0
373,cleanliness,0.556,18,10,8,0
373,location,0.907,54,49,5,0
373,room_comfort,0.696,92,64,28,0
373,value,0.417,12,5,7,0
373,noise,0.143,14,2,12,0
373,breakfast,0.653,49,32,17,0
374,wifi,0.7,10,7,3,1
374,restaurant,0.571,7,4,3,1
374,room_service,0.0,1,0,1,1
374,lounge,0.0,1,0,1,1
374,staff,0.868,38,33,5,0
374,cleanliness,0.85,20,17,3,0
374,location,0.694,36,25,11,0
374,room_comfort,0.672,67,45,22,0
374,value,0.308,13,4,9,0
374,noise,0.917,12,11,1,0
374,breakfast,0.69,29,20,9,0
375,wifi,0.288,59,17,42,1
375,pool,0.735,260,191,69,1
375,gym,0.667,3,2,1,1
375,sauna,0.618,89,55,34,1
375,restaurant,0.5,60,30,30,1
375,room_service,0.182,11,2,9,1
375,event_space,0.0,1,0,1,1
375,staff,0.667,526,351,175,0
375,cleanliness,0.62,208,129,79,0
375,location,0.9,498,448,50,0
375,room_comfort,0.287,840,241,599,0
375,value,0.503,185,93,92,0
375,noise,0.247,150,37,113,0
375,breakfast,0.644,477,307,170,0
376,wifi,0.556,9,5,4,1
376,pool,0.0,3,0,3,1
376,gym,0.889,9,8,1,1
376,sauna,1.0,1,1,0,1
376,restaurant,0.696,23,16,7,1
376,room_service,0.333,6,2,4,1
376,lounge,1.0,5,5,0,1
376,staff,0.834,157,131,26,0
376,cleanliness,0.767,60,46,14,0
376,location,0.956,182,174,8,0
376,room_comfort,0.693,215,149,66,0
376,value,0.242,33,8,25,0
376,noise,0.7,20,14,6,0
376,breakfast,0.37,54,20,34,0
377,wifi,0.2,20,4,16,1
377,restaurant,0.467,15,7,8,1
377,room_service,0.267,15,4,11,1
377,lounge,0.0,1,0,1,1
377,staff,0.794,155,123,32,0
377,cleanliness,0.817,71,58,13,0
377,location,0.976,210,205,5,0
377,room_comfort,0.583,350,204,146,0
377,value,0.279,86,24,62,0
377,noise,0.518,85,44,41,0
377,breakfast,0.198,86,17,69,0
378,wifi,1.0,2,2,0,1
378,restaurant,0.8,5,4,1,1
378,staff,0.864,44,38,6,0
378,cleanliness,1.0,9,9,0,0
378,location,0.979,47,46,1,0
378,room_comfort,0.781,64,50,14,0
378,value,0.0,7,0,7,0
378,noise,0.8,15,12,3,0
378,breakfast,0.784,37,29,8,0
379,wifi,0.121,33,4,29,1
379,restaurant,0.5,2,1,1,1
379,room_service,1.0,1,1,0,1
379,staff,0.7,70,49,21,0
379,cleanliness,0.733,60,44,16,0
379,location,0.623,69,43,26,0
379,room_comfort,0.532,109,58,51,0
379,value,0.548,31,17,14,0
379,noise,0.316,19,6,13,0
379,breakfast,0.779,95,74,21,0
380,wifi,0.5,20,10,10,1
380,pool,0.0,1,0,1,1
380,gym,0.0,1,0,1,1
380,sauna,0.0,1,0,1,1
380,restaurant,0.4,25,10,15,1
380,room_service,0.6,5,3,2,1
380,lounge,0.0,1,0,1,1
380,event_space,1.0,1,1,0,1
380,staff,0.858,106,91,15,0
380,cleanliness,0.75,32,24,8,0
380,location,0.924,131,121,10,0
380,room_comfort,0.608,148,90,58,0
380,value,0.379,29,11,18,0
380,noise,0.706,17,12,5,0
380,breakfast,0.604,111,67,44,0
381,wifi,0.306,36,11,25,1
381,pool,0.2,5,1,4,1
381,sauna,0.5,2,1,1,1
381,restaurant,0.625,8,5,3,1
381,room_service,0.333,3,1,2,1
381,lounge,0.0,2,0,2,1
381,staff,0.8,140,112,28,0
381,cleanliness,0.747,79,59,20,0
381,location,0.942,274,258,16,0
381,room_comfort,0.537,240,129,111,0
381,value,0.282,39,11,28,0
381,noise,0.444,54,24,30,0
381,breakfast,0.324,71,23,48,0
382,restaurant,0.6,5,3,2,1
382,room_service,0.0,1,0,1,1
382,staff,0.944,18,17,1,0
382,cleanliness,1.0,2,2,0,0
382,location,1.0,21,21,0,0
382,room_comfort,0.5,26,13,13,0
382,value,0.0,2,0,2,0
382,noise,0.5,4,2,2,0
382,breakfast,0.429,7,3,4,0
383,wifi,0.222,9,2,7,1
383,pool,0.125,16,2,14,1
383,gym,0.333,3,1,2,1
383,sauna,0.19,21,4,17,1
383,restaurant,0.462,26,12,14,1
383,room_service,0.4,5,2,3,1
383,event_space,0.0,1,0,1,1
383,staff,0.584,89,52,37,0
383,cleanliness,0.744,43,32,11,0
383,location,0.429,63,27,36,0
383,room_comfort,0.606,132,80,52,0
383,value,0.385,39,15,24,0
383,noise,0.571,7,4,3,0
383,breakfast,0.643,70,45,25,0
384,wifi,0.273,33,9,24,1
384,gym,0.154,13,2,11,1
384,sauna,0.0,11,0,11,1
384,restaurant,0.619,21,13,8,1
384,room_service,0.333,9,3,6,1
384,lounge,1.0,1,1,0,1
384,event_space,0.0,1,0,1,1
384,staff,0.685,178,122,56,0
384,cleanliness,0.448,87,39,48,0
384,location,0.965,200,193,7,0
384,room_comfort,0.383,261,100,161,0
384,value,0.171,76,13,63,0
384,noise,0.235,34,8,26,0
384,breakfast,0.589,112,66,46,0
385,wifi,0.421,19,8,11,1
385,pool,0.0,10,0,10,1
385,gym,0.333,3,1,2,1
385,sauna,0.0,3,0,3,1
385,restaurant,0.75,52,39,13,1
385,room_service,0.375,8,3,5,1
385,lounge,0.8,5,4,1,1
385,event_space,0.0,1,0,1,1
385,staff,0.91,299,272,27,0
385,cleanliness,0.862,94,81,13,0
385,location,0.932,279,260,19,0
385,room_comfort,0.497,324,161,163,0
385,value,0.588,68,40,28,0
385,noise,0.279,68,19,49,0
385,breakfast,0.816,152,124,28,0
386,wifi,0.611,18,11,7,1
386,pool,0.0,1,0,1,1
386,sauna,1.0,1,1,0,1
386,restaurant,0.857,7,6,1,1
386,room_service,0.0,2,0,2,1
386,lounge,1.0,2,2,0,1
386,staff,0.879,99,87,12,0
386,cleanliness,0.667,24,16,8,0
386,location,0.977,88,86,2,0
386,room_comfort,0.6,105,63,42,0
386,value,0.565,23,13,10,0
386,noise,0.615,13,8,5,0
386,breakfast,0.778,36,28,8,0
387,wifi,0.4,15,6,9,1
387,pool,0.0,2,0,2,1
387,gym,0.0,3,0,3,1
387,restaurant,0.739,23,17,6,1
387,room_service,0.333,6,2,4,1
387,lounge,0.4,10,4,6,1
387,staff,0.86,215,185,30,0
387,cleanliness,0.909,55,50,5,0
387,location,0.952,230,219,11,0
387,room_comfort,0.588,294,173,121,0
387,value,0.203,64,13,51,0
387,noise,0.341,44,15,29,0
387,breakfast,0.554,101,56,45,0
388,wifi,1.0,2,2,0,1
388,pool,0.667,3,2,1,1
388,gym,0.667,3,2,1,1
388,sauna,0.727,11,8,3,1
388,restaurant,0.619,21,13,8,1
388,room_service,0.167,6,1,5,1
388,staff,0.867,83,72,11,0
388,cleanliness,0.812,16,13,3,0
388,location,1.0,58,58,0,0
388,room_comfort,0.62,79,49,30,0
388,value,0.129,31,4,27,0
388,noise,0.5,2,1,1,0
388,breakfast,0.375,40,15,25,0
389,wifi,0.0,1,0,1,1
389,pool,0.833,12,10,2,1
389,gym,0.5,2,1,1,1
389,sauna,0.727,11,8,3,1
389,restaurant,0.571,14,8,6,1
389,staff,0.7,40,28,12,0
389,cleanliness,0.857,14,12,2,0
389,location,1.0,30,30,0,0
389,room_comfort,0.625,48,30,18,0
389,value,0.2,10,2,8,0
389,noise,0.8,5,4,1,0
389,breakfast,0.27,37,10,27,0
390,wifi,0.357,28,10,18,1
390,pool,0.25,4,1,3,1
390,gym,0.333,3,1,2,1
390,restaurant,0.5,44,22,22,1
390,room_service,0.471,17,8,9,1
390,event_space,1.0,2,2,0,1
390,staff,0.705,200,141,59,0
390,cleanliness,0.614,140,86,54,0
390,location,0.45,131,59,72,0
390,room_comfort,0.697,320,223,97,0
390,value,0.311,90,28,62,0
390,noise,0.865,37,32,5,0
390,breakfast,0.489,88,43,45,0
391,wifi,0.084,190,16,174,1
391,pool,0.0,1,0,1,1
391,gym,0.5,14,7,7,1
391,sauna,0.5,2,1,1,1
391,restaurant,0.484,64,31,33,1
391,room_service,0.333,21,7,14,1
391,lounge,0.476,42,20,22,1
391,event_space,0.0,4,0,4,1
391,staff,0.623,435,271,164,0
391,cleanliness,0.762,151,115,36,0
391,location,0.936,638,597,41,0
391,room_comfort,0.577,712,411,301,0
391,value,0.207,169,35,134,0
391,noise,0.538,93,50,43,0
391,breakfast,0.576,297,171,126,0
392,wifi,0.625,8,5,3,1
392,pool,0.0,1,0,1,1
392,gym,0.75,4,3,1,1
392,sauna,0.5,4,2,2,1
392,restaurant,0.6,15,9,6,1
392,room_service,0.4,5,2,3,1
392,lounge,0.0,1,0,1,1
392,staff,0.832,143,119,24,0
392,cleanliness,0.902,61,55,6,0
392,location,0.924,119,110,9,0
392,room_comfort,0.626,235,147,88,0
392,value,0.333,51,17,34,0
392,noise,0.423,26,11,15,0
392,breakfast,0.552,87,48,39,0
393,wifi,0.333,6,2,4,1
393,restaurant,0.5,2,1,1,1
393,staff,0.75,12,9,3,0
393,cleanliness,0.533,15,8,7,0
393,location,0.833,12,10,2,0
393,room_comfort,0.419,31,13,18,0
393,value,0.75,4,3,1,0
393,noise,0.25,4,1,3,0
393,breakfast,0.5,30,15,15,0
394,wifi,0.167,6,1,5,1
394,pool,0.8,5,4,1,1
394,sauna,1.0,2,2,0,1
394,restaurant,0.25,4,1,3,1
394,room_service,0.0,2,0,2,1
394,lounge,0.4,5,2,3,1
394,staff,0.829,35,29,6,0
394,cleanliness,1.0,7,7,0,0
394,location,0.95,40,38,2,0
394,room_comfort,0.46,50,23,27,0
394,value,0.0,8,0,8,0
394,noise,0.167,6,1,5,0
394,breakfast,0.375,16,6,10,0
395,wifi,0.4,10,4,6,1
395,pool,0.772,123,95,28,1
395,gym,0.885,26,23,3,1
395,sauna,0.828,134,111,23,1
395,restaurant,0.489,47,23,24,1
395,room_service,0.548,31,17,14,1
395,lounge,0.75,4,3,1,1
395,event_space,0.333,3,1,2,1
395,staff,0.721,301,217,84,0
395,cleanliness,0.847,137,116,21,0
395,location,0.893,196,175,21,0
395,room_comfort,0.671,490,329,161,0
395,value,0.355,141,50,91,0
395,noise,0.609,46,28,18,0
395,breakfast,0.344,163,56,107,0
396,wifi,0.444,36,16,20,1
396,pool,0.0,5,0,5,1
396,gym,0.609,23,14,9,1
396,sauna,0.0,2,0,2,1
396,restaurant,0.413,75,31,44,1
396,room_service,0.304,23,7,16,1
396,lounge,0.591,66,39,27,1
396,event_space,1.0,2,2,0,1
396,staff,0.845,601,508,93,0
396,cleanliness,0.825,228,188,40,0
396,location,0.882,517,456,61,0
396,room_comfort,0.537,834,448,386,0
396,value,0.312,170,53,117,0
396,noise,0.653,124,81,43,0
396,breakfast,0.696,504,351,153,0
397,wifi,0.0,6,0,6,1
397,gym,0.333,3,1,2,1
397,sauna,1.0,1,1,0,1
397,restaurant,0.529,17,9,8,1
397,room_service,0.0,2,0,2,1
397,staff,0.791,67,53,14,0
397,cleanliness,0.583,12,7,5,0
397,location,0.968,93,90,3,0
397,room_comfort,0.452,84,38,46,0
397,value,0.222,18,4,14,0
397,noise,0.062,16,1,15,0
397,breakfast,0.24,25,6,19,0
398,wifi,0.5,4,2,2,1
398,restaurant,0.895,19,17,2,1
398,lounge,1.0,2,2,0,1
398,event_space,0.0,1,0,1,1
398,staff,0.957,92,88,4,0
398,cleanliness,0.76,25,19,6,0
398,location,0.952,104,99,5,0
398,room_comfort,0.442,104,46,58,0
398,value,0.19,21,4,17,0
398,noise,0.765,17,13,4,0
398,breakfast,0.516,31,16,15,0
399,wifi,0.667,12,8,4,1
399,restaurant,0.882,17,15,2,1
399,room_service,0.0,2,0,2,1
399,lounge,1.0,2,2,0,1
399,staff,0.78,100,78,22,0
399,cleanliness,0.773,44,34,10,0
399,location,0.898,98,88,10,0
399,room_comfort,0.496,139,69,70,0
399,value,0.37,27,10,17,0
399,noise,0.421,19,8,11,0
399,breakfast,0.462,39,18,21,0
400,wifi,0.375,24,9,15,1
400,gym,1.0,2,2,0,1
400,sauna,1.0,1,1,0,1
400,restaurant,0.733,30,22,8,1
400,room_service,0.2,5,1,4,1
400,staff,0.559,102,57,45,0
400,cleanliness,0.872,78,68,10,0
400,location,0.898,128,115,13,0
400,room_comfort,0.488,168,82,86,0
400,value,0.59,61,36,25,0
400,noise,0.409,22,9,13,0
400,breakfast,0.364,55,20,35,0
401,wifi,0.5,6,3,3,1
401,pool,0.679,78,53,25,1
401,gym,0.0,4,0,4,1
401,sauna,0.0,1,0,1,1
401,restaurant,0.625,24,15,9,1
401,room_service,0.0,1,0,1,1
401,staff,0.906,159,144,15,0
401,cleanliness,0.882,68,60,8,0
401,location,0.967,180,174,6,0
401,room_comfort,0.711,197,140,57,0
401,value,0.444,27,12,15,0
401,noise,0.31,42,13,29,0
401,breakfast,0.333,27,9,18,0
402,wifi,0.455,33,15,18,1
402,pool,0.552,181,100,81,1
402,gym,0.591,44,26,18,1
402,sauna,0.508,61,31,30,1
402,restaurant,0.63,119,75,44,1
402,room_service,0.471,51,24,27,1
402,lounge,0.5,6,3,3,1
402,event_space,0.588,17,10,7,1
402,staff,0.727,754,548,206,0
402,cleanliness,0.742,431,320,111,0
402,location,0.886,712,631,81,0
402,room_comfort,0.599,1257,753,504,0
402,value,0.369,350,129,221,0
402,noise,0.51,100,51,49,0
402,breakfast,0.619,627,388,239,0
403,restaurant,0.692,13,9,4,1
403,room_service,0.0,1,0,1,1
403,lounge,0.0,2,0,2,1
403,staff,0.889,45,40,5,0
403,cleanliness,0.75,4,3,1,0
403,location,0.87,46,40,6,0
403,room_comfort,0.744,39,29,10,0
403,value,0.2,15,3,12,0
403,noise,0.364,11,4,7,0
403,breakfast,0.75,20,15,5,0
404,wifi,0.045,22,1,21,1
404,gym,0.0,1,0,1,1
404,restaurant,0.75,8,6,2,1
404,room_service,0.0,3,0,3,1
404,staff,0.726,84,61,23,0
404,cleanliness,0.704,27,19,8,0
404,location,0.933,149,139,10,0
404,room_comfort,0.471,121,57,64,0
404,value,0.323,31,10,21,0
404,noise,0.455,11,5,6,0
404,breakfast,0.371,35,13,22,0
405,wifi,0.714,7,5,2,1
405,pool,0.538,65,35,30,1
405,gym,0.625,8,5,3,1
405,sauna,0.0,6,0,6,1
405,restaurant,0.702,124,87,37,1
405,room_service,0.136,22,3,19,1
405,lounge,0.333,6,2,4,1
405,staff,0.764,225,172,53,0
405,cleanliness,0.731,52,38,14,0
405,location,0.931,246,229,17,0
405,room_comfort,0.47,379,178,201,0
405,value,0.206,63,13,50,0
405,noise,0.485,33,16,17,0
405,breakfast,0.732,205,150,55,0
406,wifi,0.6,5,3,2,1
406,restaurant,0.875,8,7,1,1
406,room_service,0.0,1,0,1,1
406,staff,0.875,32,28,4,0
406,cleanliness,0.647,17,11,6,0
406,location,0.909,55,50,5,0
406,room_comfort,0.433,60,26,34,0
406,value,0.5,6,3,3,0
406,noise,0.5,6,3,3,0
406,breakfast,0.5,10,5,5,0
407,staff,0.5,4,2,2,0
407,cleanliness,0.8,5,4,1,0
407,location,0.833,6,5,1,0
407,room_comfort,0.333,12,4,8,0
407,value,1.0,1,1,0,0
407,breakfast,0.2,5,1,4,0
408,wifi,0.16,25,4,21,1
408,gym,0.0,2,0,2,1
408,restaurant,0.958,24,23,1,1
408,room_service,0.0,4,0,4,1
408,staff,0.843,121,102,19,0
408,cleanliness,0.712,73,52,21,0
408,location,0.897,117,105,12,0
408,room_comfort,0.535,198,106,92,0
408,value,0.316,38,12,26,0
408,noise,0.833,24,20,4,0
408,breakfast,0.238,42,10,32,0
409,wifi,1.0,2,2,0,1
409,pool,0.281,32,9,23,1
409,gym,0.4,5,2,3,1
409,sauna,0.417,12,5,7,1
409,restaurant,0.417,12,5,7,1
409,room_service,0.5,2,1,1,1
409,lounge,1.0,1,1,0,1
409,staff,0.809,68,55,13,0
409,cleanliness,0.905,21,19,2,0
409,location,0.797,59,47,12,0
409,room_comfort,0.479,71,34,37,0
409,value,0.588,17,10,7,0
409,noise,0.091,11,1,10,0
409,breakfast,0.667,33,22,11,0
410,wifi,0.826,23,19,4,1
410,pool,0.624,133,83,50,1
410,gym,0.783,23,18,5,1
410,sauna,0.25,4,1,3,1
410,restaurant,0.567,30,17,13,1
410,room_service,0.125,8,1,7,1
410,lounge,0.857,7,6,1,1
410,event_space,0.0,1,0,1,1
410,staff,0.779,222,173,49,0
410,cleanliness,0.736,125,92,33,0
410,location,0.612,188,115,73,0
410,room_comfort,0.471,295,139,156,0
410,value,0.4,80,32,48,0
410,noise,0.333,81,27,54,0
410,breakfast,0.718,124,89,35,0
411,wifi,0.0,3,0,3,1
411,pool,0.667,3,2,1,1
411,gym,0.0,2,0,2,1
411,sauna,0.167,6,1,5,1
411,restaurant,0.731,26,19,7,1
411,room_service,0.375,8,3,5,1
411,lounge,1.0,1,1,0,1
411,staff,0.89,73,65,8,0
411,cleanliness,0.75,8,6,2,0
411,location,0.975,40,39,1,0
411,room_comfort,0.523,86,45,41,0
411,value,0.263,19,5,14,0
411,noise,0.333,9,3,6,0
411,breakfast,0.633,30,19,11,0
412,wifi,0.625,8,5,3,1
412,gym,0.0,1,0,1,1
412,sauna,0.0,1,0,1,1
412,restaurant,0.0,4,0,4,1
412,room_service,0.0,1,0,1,1
412,lounge,0.0,2,0,2,1
412,staff,0.479,96,46,50,0
412,cleanliness,0.681,72,49,23,0
412,location,0.849,86,73,13,0
412,room_comfort,0.411,207,85,122,0
412,value,0.417,24,10,14,0
412,noise,0.111,45,5,40,0
412,breakfast,0.185,54,10,44,0
413,wifi,1.0,3,3,0,1
413,pool,0.556,18,10,8,1
413,gym,0.333,9,3,6,1
413,sauna,0.571,7,4,3,1
413,restaurant,0.792,24,19,5,1
413,room_service,0.5,6,3,3,1
413,lounge,1.0,2,2,0,1
413,event_space,1.0,1,1,0,1
413,staff,0.692,65,45,20,0
413,cleanliness,0.833,18,15,3,0
413,location,0.842,19,16,3,0
413,room_comfort,0.628,86,54,32,0
413,value,0.167,12,2,10,0
413,noise,0.75,4,3,1,0
413,breakfast,0.593,54,32,22,0
414,wifi,0.0,2,0,2,1
414,sauna,0.5,2,1,1,1
414,restaurant,0.6,5,3,2,1
414,room_service,0.0,3,0,3,1
414,staff,0.793,29,23,6,0
414,cleanliness,0.875,8,7,1,0
414,location,0.792,24,19,5,0
414,room_comfort,0.674,46,31,15,0
414,value,0.5,4,2,2,0
414,noise,0.875,8,7,1,0
414,breakfast,0.647,34,22,12,0
415,wifi,0.0,3,0,3,1
415,gym,0.0,1,0,1,1
415,sauna,0.2,5,1,4,1
415,restaurant,1.0,6,6,0,1
415,staff,0.838,37,31,6,0
415,cleanliness,0.773,22,17,5,0
415,location,0.923,39,36,3,0
415,room_comfort,0.323,65,21,44,0
415,value,0.529,17,9,8,0
415,noise,0.429,7,3,4,0
415,breakfast,0.286,14,4,10,0
416,wifi,0.815,27,22,5,1
416,pool,0.0,1,0,1,1
416,gym,0.375,16,6,10,1
416,sauna,1.0,1,1,0,1
416,restaurant,0.468,47,22,25,1
416,room_service,0.136,22,3,19,1
416,lounge,0.75,4,3,1,1
416,event_space,0.0,1,0,1,1
416,staff,0.745,415,309,106,0
416,cleanliness,0.487,115,56,59,0
416,location,0.972,432,420,12,0
416,room_comfort,0.41,573,235,338,0
416,value,0.21,119,25,94,0
416,noise,0.241,58,14,44,0
416,breakfast,0.554,242,134,108,0
417,wifi,0.714,7,5,2,1
417,sauna,0.5,14,7,7,1
417,restaurant,0.909,11,10,1,1
417,room_service,0.333,3,1,2,1
417,lounge,0.0,1,0,1,1
417,staff,0.9,80,72,8,0
417,cleanliness,0.833,42,35,7,0
417,location,0.976,83,81,2,0
417,room_comfort,0.336,140,47,93,0
417,value,0.231,26,6,20,0
417,noise,0.7,10,7,3,0
417,breakfast,0.368,38,14,24,0
418,wifi,0.625,8,5,3,1
418,pool,0.0,3,0,3,1
418,gym,0.25,4,1,3,1
418,sauna,0.0,2,0,2,1
418,restaurant,0.731,26,19,7,1
418,room_service,0.5,14,7,7,1
418,lounge,0.667,3,2,1,1
418,staff,0.9,220,198,22,0
418,cleanliness,0.833,30,25,5,0
418,location,0.984,185,182,3,0
418,room_comfort,0.694,222,154,68,0
418,value,0.322,59,19,40,0
418,noise,0.652,23,15,8,0
418,breakfast,0.312,80,25,55,0
419,wifi,0.0,8,0,8,1
419,restaurant,1.0,5,5,0,1
419,staff,0.727,33,24,9,0
419,cleanliness,0.846,13,11,2,0
419,location,0.98,49,48,1,0
419,room_comfort,0.667,48,32,16,0
419,value,0.222,9,2,7,0
419,noise,0.636,11,7,4,0
419,breakfast,0.529,17,9,8,0
420,wifi,0.0,6,0,6,1
420,gym,0.25,4,1,3,1
420,restaurant,0.643,14,9,5,1
420,room_service,0.5,8,4,4,1
420,lounge,1.0,1,1,0,1
420,staff,0.854,82,70,12,0
420,cleanliness,0.706,17,12,5,0
420,location,0.968,94,91,3,0
420,room_comfort,0.413,92,38,54,0
420,value,0.087,23,2,21,0
420,noise,0.538,13,7,6,0
420,breakfast,0.613,31,19,12,0
421,wifi,0.25,4,1,3,1
421,gym,0.0,1,0,1,1
421,restaurant,0.786,28,22,6,1
421,room_service,0.5,2,1,1,1
421,lounge,0.5,2,1,1,1
421,staff,0.945,110,104,6,0
421,cleanliness,0.944,18,17,1,0
421,location,0.99,98,97,1,0
421,room_comfort,0.598,97,58,39,0
421,value,0.321,28,9,19,0
421,noise,0.75,24,18,6,0
421,breakfast,0.553,38,21,17,0
422,wifi,0.333,3,1,2,1
422,pool,0.0,1,0,1,1
422,gym,0.0,4,0,4,1
422,restaurant,0.929,28,26,2,1
422,lounge,1.0,4,4,0,1
422,event_space,1.0,1,1,0,1
422,staff,0.918,122,112,10,0
422,cleanliness,0.75,8,6,2,0
422,location,0.928,69,64,5,0
422,room_comfort,0.752,105,79,26,0
422,value,0.636,11,7,4,0
422,noise,0.647,17,11,6,0
422,breakfast,0.941,101,95,6,0
423,wifi,0.237,38,9,29,1
423,pool,0.2,10,2,8,1
423,gym,0.667,15,10,5,1
423,sauna,0.143,7,1,6,1
423,restaurant,0.531,96,51,45,1
423,room_service,0.293,41,12,29,1
423,lounge,0.0,1,0,1,1
423,event_space,0.2,5,1,4,1
423,staff,0.686,421,289,132,0
423,cleanliness,0.7,110,77,33,0
423,location,0.947,412,390,22,0
423,room_comfort,0.583,535,312,223,0
423,value,0.196,112,22,90,0
423,noise,0.414,29,12,17,0
423,breakfast,0.634,254,161,93,0
424,wifi,0.152,46,7,39,1
424,sauna,0.0,1,0,1,1
424,restaurant,0.545,11,6,5,1
424,room_service,0.429,7,3,4,1
424,lounge,0.0,1,0,1,1
424,staff,0.745,94,70,24,0
424,cleanliness,0.5,46,23,23,0
424,location,0.963,108,104,4,0
424,room_comfort,0.425,127,54,73,0
424,value,0.548,31,17,14,0
424,noise,0.353,17,6,11,0
424,breakfast,0.667,45,30,15,0
425,wifi,0.6,5,3,2,1
425,gym,1.0,3,3,0,1
425,restaurant,0.875,8,7,1,1
425,room_service,0.0,1,0,1,1
425,staff,0.867,30,26,4,0
425,cleanliness,0.84,25,21,4,0
425,location,0.829,41,34,7,0
425,room_comfort,0.478,67,32,35,0
425,value,0.421,19,8,11,0
425,noise,0.7,10,7,3,0
425,breakfast,0.571,14,8,6,0
426,wifi,0.143,7,1,6,1
426,pool,0.0,3,0,3,1
426,gym,0.0,1,0,1,1
426,restaurant,0.333,6,2,4,1
426,room_service,0.0,3,0,3,1
426,event_space,1.0,1,1,0,1
426,staff,0.833,24,20,4,0
426,cleanliness,0.923,13,12,1,0
426,location,0.944,18,17,1,0
426,room_comfort,0.634,41,26,15,0
426,value,0.091,11,1,10,0
426,noise,0.0,3,0,3,0
426,breakfast,0.4,20,8,12,0
427,wifi,0.0,6,0,6,1
427,restaurant,1.0,4,4,0,1
427,staff,0.8,30,24,6,0
427,cleanliness,0.696,23,16,7,0
427,location,0.971,35,34,1,0
427,room_comfort,0.446,65,29,36,0
427,value,0.4,15,6,9,0
427,noise,0.5,10,5,5,0
427,breakfast,0.455,22,10,12,0
428,wifi,0.688,16,11,5,1
428,pool,0.0,1,0,1,1
428,gym,0.2,5,1,4,1
428,restaurant,0.569,51,29,22,1
428,room_service,0.118,17,2,15,1
428,lounge,0.5,2,1,1,1
428,event_space,1.0,1,1,0,1
428,staff,0.671,301,202,99,0
428,cleanliness,0.643,143,92,51,0
428,location,0.945,475,449,26,0
428,room_comfort,0.374,481,180,301,0
428,value,0.288,132,38,94,0
428,noise,0.679,28,19,9,0
428,breakfast,0.543,197,107,90,0
429,wifi,0.478,23,11,12,1
429,gym,0.667,6,4,2,1
429,restaurant,0.62,100,62,38,1
429,room_service,0.333,21,7,14,1
429,lounge,0.0,7,0,7,1
429,event_space,0.0,1,0,1,1
429,staff,0.789,483,381,102,0
429,cleanliness,0.795,215,171,44,0
429,location,0.954,475,453,22,0
429,room_comfort,0.558,715,399,316,0
429,value,0.214,103,22,81,0
429,noise,0.48,98,47,51,0
429,breakfast,0.652,273,178,95,0
430,wifi,0.5,4,2,2,1
430,gym,0.0,1,0,1,1
430,restaurant,0.857,21,18,3,1
430,room_service,0.0,1,0,1,1
430,event_space,1.0,1,1,0,1
430,staff,0.913,126,115,11,0
430,cleanliness,0.793,29,23,6,0
430,location,0.941,101,95,6,0
430,room_comfort,0.632,106,67,39,0
430,value,0.346,26,9,17,0
430,noise,0.615,13,8,5,0
430,breakfast,0.618,55,34,21,0
431,wifi,1.0,4,4,0,1
431,gym,0.0,1,0,1,1
431,sauna,0.0,1,0,1,1
431,restaurant,0.857,7,6,1,1
431,staff,0.933,60,56,4,0
431,cleanliness,0.828,29,24,5,0
431,location,0.943,70,66,4,0
431,room_comfort,0.738,84,62,22,0
431,value,0.556,9,5,4,0
431,noise,0.625,24,15,9,0
431,breakfast,0.714,49,35,14,0
432,wifi,0.0,5,0,5,1
432,gym,0.0,1,0,1,1
432,restaurant,0.5,6,3,3,1
432,room_service,0.667,3,2,1,1
432,lounge,0.5,4,2,2,1
432,staff,0.75,40,30,10,0
432,cleanliness,1.0,6,6,0,0
432,location,0.941,34,32,2,0
432,room_comfort,0.415,41,17,24,0
432,value,0.231,13,3,10,0
432,noise,0.556,9,5,4,0
432,breakfast,0.545,11,6,5,0
433,wifi,0.24,25,6,19,1
433,restaurant,0.897,29,26,3,1
433,room_service,0.2,5,1,4,1
433,staff,0.78,159,124,35,0
433,cleanliness,0.783,46,36,10,0
433,location,0.96,177,170,7,0
433,room_comfort,0.462,195,90,105,0
433,value,0.474,38,18,20,0
433,noise,0.583,36,21,15,0
433,breakfast,0.429,49,21,28,0
434,wifi,0.5,4,2,2,1
434,pool,0.0,1,0,1,1
434,restaurant,1.0,2,2,0,1
434,room_service,0.0,1,0,1,1
434,lounge,1.0,1,1,0,1
434,staff,0.86,57,49,8,0
434,cleanliness,0.923,13,12,1,0
434,location,0.981,54,53,1,0
434,room_comfort,0.603,68,41,27,0
434,value,0.583,12,7,5,0
434,noise,0.692,13,9,4,0
434,breakfast,0.565,23,13,10,0
435,wifi,0.25,12,3,9,1
435,pool,0.0,2,0,2,1
435,gym,0.0,1,0,1,1
435,sauna,0.0,1,0,1,1
435,restaurant,0.81,21,17,4,1
435,room_service,0.75,4,3,1,1
435,staff,0.841,107,90,17,0
435,cleanliness,0.673,52,35,17,0
435,location,0.941,169,159,10,0
435,room_comfort,0.466,176,82,94,0
435,value,0.067,30,2,28,0
435,noise,0.229,48,11,37,0
435,breakfast,0.754,61,46,15,0
436,wifi,0.182,11,2,9,1
436,restaurant,0.857,7,6,1,1
436,room_service,0.667,3,2,1,1
436,lounge,0.0,2,0,2,1
436,staff,0.951,61,58,3,0
436,cleanliness,0.682,22,15,7,0
436,location,0.969,96,93,3,0
436,room_comfort,0.33,106,35,71,0
436,value,0.636,22,14,8,0
436,noise,0.323,31,10,21,0
436,breakfast,0.852,61,52,9,0
437,wifi,0.091,11,1,10,1
437,restaurant,0.833,12,10,2,1
437,room_service,0.5,2,1,1,1
437,lounge,1.0,1,1,0,1
437,event_space,0.5,2,1,1,1
437,staff,0.792,48,38,10,0
437,cleanliness,0.893,28,25,3,0
437,location,0.791,43,34,9,0
437,room_comfort,0.6,70,42,28,0
437,value,0.467,15,7,8,0
437,noise,0.7,10,7,3,0
437,breakfast,0.757,37,28,9,0
438,wifi,0.127,55,7,48,1
438,restaurant,0.688,16,11,5,1
438,staff,0.743,105,78,27,0
438,cleanliness,0.767,43,33,10,0
438,location,0.958,120,115,5,0
438,room_comfort,0.489,131,64,67,0
438,value,0.395,38,15,23,0
438,noise,0.524,21,11,10,0
438,breakfast,0.663,89,59,30,0
439,wifi,0.308,13,4,9,1
439,gym,1.0,1,1,0,1
439,sauna,0.0,1,0,1,1
439,restaurant,0.875,16,14,2,1
439,room_service,0.0,1,0,1,1
439,lounge,0.0,2,0,2,1
439,event_space,0.5,2,1,1,1
439,staff,0.928,138,128,10,0
439,cleanliness,0.85,40,34,6,0
439,location,0.974,117,114,3,0
439,room_comfort,0.521,142,74,68,0
439,value,0.312,32,10,22,0
439,noise,0.576,33,19,14,0
439,breakfast,0.537,54,29,25,0
440,gym,0.0,1,0,1,1
440,sauna,0.75,4,3,1,1
440,restaurant,0.6,5,3,2,1
440,staff,0.773,22,17,5,0
440,cleanliness,1.0,1,1,0,0
440,location,1.0,20,20,0,0
440,room_comfort,0.429,14,6,8,0
440,value,0.0,4,0,4,0
440,noise,0.667,3,2,1,0
440,breakfast,0.5,10,5,5,0
441,wifi,0.375,8,3,5,1
441,restaurant,1.0,9,9,0,1
441,staff,0.854,41,35,6,0
441,cleanliness,0.875,16,14,2,0
441,location,0.936,47,44,3,0
441,room_comfort,0.511,47,24,23,0
441,value,0.286,7,2,5,0
441,noise,0.364,11,4,7,0
441,breakfast,0.65,20,13,7,0
442,wifi,0.0,1,0,1,1
442,restaurant,0.0,1,0,1,1
442,staff,0.833,6,5,1,0
442,cleanliness,0.0,1,0,1,0
442,location,1.0,6,6,0,0
442,room_comfort,0.545,11,6,5,0
442,value,0.5,2,1,1,0
442,breakfast,0.0,1,0,1,0
443,wifi,0.667,9,6,3,1
443,gym,0.0,1,0,1,1
443,sauna,0.0,2,0,2,1
443,restaurant,0.444,9,4,5,1
443,lounge,0.0,1,0,1,1
443,event_space,0.0,1,0,1,1
443,staff,0.72,50,36,14,0
443,cleanliness,0.886,44,39,5,0
443,location,0.924,66,61,5,0
443,room_comfort,0.67,97,65,32,0
443,value,0.679,28,19,9,0
443,noise,0.818,33,27,6,0
443,breakfast,0.831,77,64,13,0
444,wifi,0.333,9,3,6,1
444,gym,0.667,3,2,1,1
444,restaurant,0.6,5,3,2,1
444,room_service,0.5,2,1,1,1
444,staff,0.875,40,35,5,0
444,cleanliness,0.867,15,13,2,0
444,location,0.963,27,26,1,0
444,room_comfort,0.632,38,24,14,0
444,value,0.333,12,4,8,0
444,noise,0.333,6,2,4,0
444,breakfast,0.926,27,25,2,0
445,wifi,0.333,6,2,4,1
445,restaurant,0.6,10,6,4,1
445,lounge,1.0,2,2,0,1
445,staff,0.486,109,53,56,0
445,cleanliness,0.5,36,18,18,0
445,location,0.882,110,97,13,0
445,room_comfort,0.476,145,69,76,0
445,value,0.222,27,6,21,0
445,noise,0.647,17,11,6,0
445,breakfast,0.8,115,92,23,0
446,wifi,0.0,12,0,12,1
446,gym,0.0,2,0,2,1
446,restaurant,1.0,1,1,0,1
446,room_service,0.0,1,0,1,1
446,staff,0.917,36,33,3,0
446,cleanliness,0.85,20,17,3,0
446,location,0.886,35,31,4,0
446,room_comfort,0.586,58,34,24,0
446,value,0.3,10,3,7,0
446,noise,0.833,6,5,1,0
446,breakfast,0.1,10,1,9,0
447,wifi,0.278,18,5,13,1
447,pool,0.5,2,1,1,1
447,gym,0.0,3,0,3,1
447,restaurant,0.75,20,15,5,1
447,room_service,0.0,3,0,3,1
447,lounge,1.0,1,1,0,1
447,staff,0.84,94,79,15,0
447,cleanliness,0.9,40,36,4,0
447,location,0.889,81,72,9,0
447,room_comfort,0.64,114,73,41,0
447,value,0.565,23,13,10,0
447,noise,0.429,7,3,4,0
447,breakfast,0.93,100,93,7,0
448,wifi,0.447,38,17,21,1
448,gym,0.333,3,1,2,1
448,sauna,0.0,1,0,1,1
448,restaurant,0.479,94,45,49,1
448,room_service,0.5,16,8,8,1
448,lounge,0.333,3,1,2,1
448,event_space,0.6,5,3,2,1
448,staff,0.803,528,424,104,0
448,cleanliness,0.827,312,258,54,0
448,location,0.907,667,605,62,0
448,room_comfort,0.502,900,452,448,0
448,value,0.439,180,79,101,0
448,noise,0.45,189,85,104,0
448,breakfast,0.612,366,224,142,0
449,pool,1.0,2,2,0,1
449,sauna,0.667,3,2,1,1
449,restaurant,1.0,4,4,0,1
449,staff,0.889,9,8,1,0
449,cleanliness,0.5,2,1,1,0
449,location,0.857,7,6,1,0
449,room_comfort,0.636,11,7,4,0
449,value,0.2,5,1,4,0
449,noise,0.5,2,1,1,0
449,breakfast,0.667,6,4,2,0
450,wifi,0.4,5,2,3,1
450,restaurant,0.857,7,6,1,1
450,lounge,1.0,1,1,0,1
450,staff,0.955,22,21,1,0
450,cleanliness,0.333,3,1,2,0
450,location,0.875,8,7,1,0
450,room_comfort,0.636,33,21,12,0
450,value,0.333,6,2,4,0
450,noise,0.0,4,0,4,0
450,breakfast,0.545,11,6,5,0
451,wifi,0.5,2,1,1,1
451,gym,0.0,1,0,1,1
451,sauna,0.0,1,0,1,1
451,restaurant,0.857,7,6,1,1
451,room_service,0.0,1,0,1,1
451,lounge,0.0,1,0,1,1
451,event_space,1.0,1,1,0,1
451,staff,0.833,72,60,12,0
451,cleanliness,0.641,39,25,14,0
451,location,0.929,56,52,4,0
451,room_comfort,0.536,125,67,58,0
451,value,0.552,29,16,13,0
451,noise,0.3,40,12,28,0
451,breakfast,0.7,70,49,21,0
452,wifi,0.75,4,3,1,1
452,restaurant,0.667,3,2,1,1
452,room_service,0.0,1,0,1,1
452,staff,0.932,44,41,3,0
452,cleanliness,0.923,13,12,1,0
452,location,1.0,47,47,0,0
452,room_comfort,0.629,35,22,13,0
452,value,1.0,8,8,0,0
452,noise,0.4,5,2,3,0
452,breakfast,0.727,11,8,3,0
453,wifi,0.111,18,2,16,1
453,restaurant,1.0,5,5,0,1
453,lounge,0.0,1,0,1,1
453,staff,0.556,27,15,12,0
453,cleanliness,0.167,24,4,20,0
453,location,0.929,28,26,2,0
453,room_comfort,0.192,52,10,42,0
453,value,0.5,6,3,3,0
453,noise,0.25,8,2,6,0
453,breakfast,0.517,29,15,14,0
454,wifi,0.28,25,7,18,1
454,gym,0.25,8,2,6,1
454,sauna,0.909,11,10,1,1
454,restaurant,0.773,22,17,5,1
454,room_service,0.333,3,1,2,1
454,lounge,0.75,4,3,1,1
454,staff,0.934,212,198,14,0
454,cleanliness,0.934,76,71,5,0
454,location,0.921,139,128,11,0
454,room_comfort,0.737,190,140,50,0
454,value,0.735,34,25,9,0
454,noise,0.886,44,39,5,0
454,breakfast,0.949,214,203,11,0
455,wifi,0.0,1,0,1,1
455,staff,0.667,15,10,5,0
455,cleanliness,0.667,12,8,4,0
455,location,0.957,23,22,1,0
455,room_comfort,0.457,35,16,19,0
455,value,0.333,3,1,2,0
455,noise,0.0,1,0,1,0
455,breakfast,1.0,2,2,0,0
456,wifi,0.167,12,2,10,1
456,pool,0.667,3,2,1,1
456,gym,0.571,14,8,6,1
456,restaurant,0.808,26,21,5,1
456,room_service,0.0,2,0,2,1
456,lounge,0.917,12,11,1,1
456,event_space,1.0,1,1,0,1
456,staff,0.86,250,215,35,0
456,cleanliness,0.86,93,80,13,0
456,location,0.95,200,190,10,0
456,room_comfort,0.719,295,212,83,0
456,value,0.412,34,14,20,0
456,noise,0.833,42,35,7,0
456,breakfast,0.596,208,124,84,0
457,wifi,0.714,7,5,2,1
457,pool,0.0,1,0,1,1
457,gym,0.5,2,1,1,1
457,sauna,0.0,2,0,2,1
457,restaurant,0.833,18,15,3,1
457,room_service,0.364,11,4,7,1
457,lounge,0.5,4,2,2,1
457,staff,0.889,144,128,16,0
457,cleanliness,0.52,25,13,12,0
457,location,0.937,190,178,12,0
457,room_comfort,0.445,164,73,91,0
457,value,0.25,56,14,42,0
457,noise,0.105,19,2,17,0
457,breakfast,0.541,37,20,17,0
458,staff,0.75,12,9,3,0
458,cleanliness,0.778,9,7,2,0
458,location,0.941,17,16,1,0
458,room_comfort,0.474,19,9,10,0
458,value,0.5,2,1,1,0
458,noise,0.667,3,2,1,0
458,breakfast,0.25,4,1,3,0
459,wifi,0.0,2,0,2,1
459,restaurant,0.8,5,4,1,1
459,lounge,0.0,1,0,1,1
459,staff,1.0,24,24,0,0
459,cleanliness,0.5,2,1,1,0
459,location,0.947,19,18,1,0
459,room_comfort,0.385,26,10,16,0
459,value,0.0,4,0,4,0
459,noise,0.667,6,4,2,0
459,breakfast,0.625,8,5,3,0
460,wifi,0.758,33,25,8,1
460,pool,0.333,3,1,2,1
460,gym,0.857,14,12,2,1
460,restaurant,0.558,52,29,23,1
460,room_service,0.462,13,6,7,1
460,lounge,0.857,14,12,2,1
460,event_space,1.0,2,2,0,1
460,staff,0.909,307,279,28,0
460,cleanliness,0.944,142,134,8,0
460,location,0.878,189,166,23,0
460,room_comfort,0.666,452,301,151,0
460,value,0.615,78,48,30,0
460,noise,0.422,64,27,37,0
460,breakfast,0.731,145,106,39,0
461,wifi,0.818,22,18,4,1
461,pool,0.0,1,0,1,1
461,gym,0.333,3,1,2,1
461,sauna,0.0,1,0,1,1
461,restaurant,0.585,53,31,22,1
461,room_service,0.2,20,4,16,1
461,lounge,0.0,10,0,10,1
461,event_space,0.0,2,0,2,1
461,staff,0.728,301,219,82,0
461,cleanliness,0.64,100,64,36,0
461,location,0.968,495,479,16,0
461,room_comfort,0.475,499,237,262,0
461,value,0.367,120,44,76,0
461,noise,0.568,81,46,35,0
461,breakfast,0.326,92,30,62,0
462,sauna,1.0,1,1,0,1
462,staff,0.929,14,13,1,0
462,cleanliness,0.833,6,5,1,0
462,location,0.125,8,1,7,0
462,room_comfort,0.444,9,4,5,0
462,value,0.333,3,1,2,0
462,noise,0.333,3,1,2,0
462,breakfast,0.714,14,10,4,0
463,wifi,0.0,1,0,1,1
463,restaurant,1.0,6,6,0,1
463,room_service,1.0,1,1,0,1
463,lounge,1.0,1,1,0,1
463,staff,0.933,30,28,2,0
463,cleanliness,1.0,5,5,0,0
463,location,0.941,34,32,2,0
463,room_comfort,0.667,36,24,12,0
463,value,0.222,9,2,7,0
463,noise,1.0,5,5,0,0
463,breakfast,0.75,4,3,1,0
464,wifi,0.5,2,1,1,1
464,pool,0.8,5,4,1,1
464,gym,0.75,4,3,1,1
464,sauna,0.8,5,4,1,1
464,staff,0.75,12,9,3,0
464,cleanliness,1.0,6,6,0,0
464,location,0.833,6,5,1,0
464,room_comfort,0.9,10,9,1,0
464,value,0.5,2,1,1,0
464,noise,1.0,2,2,0,0
464,breakfast,0.667,3,2,1,0
465,wifi,0.0,5,0,5,1
465,restaurant,0.783,23,18,5,1
465,room_service,0.0,1,0,1,1
465,lounge,1.0,1,1,0,1
465,staff,0.95,120,114,6,0
465,cleanliness,1.0,7,7,0,0
465,location,0.955,89,85,4,0
465,room_comfort,0.636,129,82,47,0
465,value,0.222,18,4,14,0
465,noise,0.808,26,21,5,0
465,breakfast,0.683,60,41,19,0
466,wifi,0.115,26,3,23,1
466,restaurant,0.853,34,29,5,1
466,room_service,0.0,2,0,2,1
466,lounge,0.0,1,0,1,1
466,staff,0.843,127,107,20,0
466,cleanliness,0.82,61,50,11,0
466,location,0.935,184,172,12,0
466,room_comfort,0.657,178,117,61,0
466,value,0.667,21,14,7,0
466,noise,0.667,27,18,9,0
466,breakfast,0.507,75,38,37,0
467,wifi,0.429,7,3,4,1
467,pool,0.435,23,10,13,1
467,gym,0.167,6,1,5,1
467,sauna,1.0,5,5,0,1
467,restaurant,0.75,4,3,1,1
467,room_service,1.0,1,1,0,1
467,staff,0.884,86,76,10,0
467,cleanliness,0.8,25,20,5,0
467,location,0.962,79,76,3,0
467,room_comfort,0.589,112,66,46,0
467,value,0.304,23,7,16,0
467,noise,0.583,12,7,5,0
467,breakfast,0.5,38,19,19,0
468,wifi,0.0,1,0,1,1
468,gym,0.0,1,0,1,1
468,sauna,0.0,1,0,1,1
468,restaurant,1.0,9,9,0,1
468,room_service,0.667,3,2,1,1
468,staff,0.893,56,50,6,0
468,cleanliness,0.667,15,10,5,0
468,location,0.97,66,64,2,0
468,room_comfort,0.55,80,44,36,0
468,value,0.261,23,6,17,0
468,noise,0.643,14,9,5,0
468,breakfast,0.36,25,9,16,0
469,wifi,0.4,5,2,3,1
469,restaurant,0.75,4,3,1,1
469,room_service,0.5,2,1,1,1
469,staff,0.867,15,13,2,0
469,cleanliness,0.667,3,2,1,0
469,location,0.923,13,12,1,0
469,room_comfort,0.579,19,11,8,0
469,value,0.5,4,2,2,0
469,noise,0.6,5,3,2,0
469,breakfast,0.5,4,2,2,0
470,wifi,0.8,5,4,1,1
470,restaurant,0.263,19,5,14,1
470,staff,0.924,79,73,6,0
470,cleanliness,0.782,55,43,12,0
470,location,0.826,46,38,8,0
470,room_comfort,0.613,155,95,60,0
470,value,0.5,22,11,11,0
470,noise,0.474,19,9,10,0
470,breakfast,0.519,27,14,13,0
471,wifi,0.769,13,10,3,1
471,gym,0.0,1,0,1,1
471,sauna,0.667,6,4,2,1
471,restaurant,0.958,24,23,1,1
471,room_service,0.0,1,0,1,1
471,staff,0.903,93,84,9,0
471,cleanliness,0.944,36,34,2,0
471,location,0.958,96,92,4,0
471,room_comfort,0.528,125,66,59,0
471,value,0.174,23,4,19,0
471,noise,0.864,22,19,3,0
471,breakfast,0.433,30,13,17,0
472,wifi,0.0,1,0,1,1
472,pool,0.667,3,2,1,1
472,staff,1.0,8,8,0,0
472,cleanliness,1.0,2,2,0,0
472,location,1.0,3,3,0,0
472,room_comfort,0.692,13,9,4,0
472,value,0.25,4,1,3,0
472,noise,0.5,4,2,2,0
472,breakfast,1.0,2,2,0,0
473,wifi,0.6,10,6,4,1
473,pool,0.568,44,25,19,1
473,gym,0.0,2,0,2,1
473,sauna,0.0,1,0,1,1
473,restaurant,0.85,20,17,3,1
473,room_service,0.4,5,2,3,1
473,lounge,1.0,7,7,0,1
473,staff,0.862,217,187,30,0
473,cleanliness,0.861,79,68,11,0
473,location,0.983,179,176,3,0
473,room_comfort,0.663,261,173,88,0
473,value,0.365,52,19,33,0
473,noise,0.606,33,20,13,0
473,breakfast,0.761,109,83,26,0
474,wifi,0.75,24,18,6,1
474,pool,0.0,1,0,1,1
474,gym,0.455,11,5,6,1
474,sauna,0.606,33,20,13,1
474,restaurant,0.571,63,36,27,1
474,room_service,0.389,18,7,11,1
474,lounge,0.0,9,0,9,1
474,event_space,1.0,1,1,0,1
474,staff,0.907,632,573,59,0
474,cleanliness,0.835,182,152,30,0
474,location,0.957,554,530,24,0
474,room_comfort,0.658,851,560,291,0
474,value,0.262,107,28,79,0
474,noise,0.315,143,45,98,0
474,breakfast,0.408,152,62,90,0
475,wifi,0.0,5,0,5,1
475,gym,0.0,1,0,1,1
475,sauna,0.0,2,0,2,1
475,restaurant,0.571,7,4,3,1
475,room_service,0.0,2,0,2,1
475,lounge,0.0,1,0,1,1
475,staff,0.776,49,38,11,0
475,cleanliness,0.636,11,7,4,0
475,location,1.0,52,52,0,0
475,room_comfort,0.49,49,24,25,0
475,value,0.556,9,5,4,0
475,noise,1.0,1,1,0,0
475,breakfast,0.5,18,9,9,0
476,wifi,0.5,2,1,1,1
476,restaurant,1.0,3,3,0,1
476,staff,0.75,4,3,1,0
476,cleanliness,1.0,1,1,0,0
476,location,0.667,3,2,1,0
476,room_comfort,0.455,11,5,6,0
476,value,0.5,2,1,1,0
476,noise,0.5,2,1,1,0
476,breakfast,0.833,6,5,1,0
477,wifi,0.579,19,11,8,1
477,pool,0.4,5,2,3,1
477,gym,0.0,2,0,2,1
477,restaurant,0.783,69,54,15,1
477,room_service,0.0,2,0,2,1
477,lounge,0.824,17,14,3,1
477,event_space,0.333,3,1,2,1
477,staff,0.875,200,175,25,0
477,cleanliness,0.763,59,45,14,0
477,location,0.947,169,160,9,0
477,room_comfort,0.604,288,174,114,0
477,value,0.237,59,14,45,0
477,noise,0.547,53,29,24,0
477,breakfast,0.61,105,64,41,0
478,wifi,0.819,94,77,17,1
478,pool,0.0,9,0,9,1
478,gym,0.577,26,15,11,1
478,sauna,0.167,6,1,5,1
478,restaurant,0.41,173,71,102,1
478,room_service,0.308,26,8,18,1
478,lounge,0.2,5,1,4,1
478,event_space,1.0,1,1,0,1
478,staff,0.709,702,498,204,0
478,cleanliness,0.899,553,497,56,0
478,location,0.821,681,559,122,0
478,room_comfort,0.752,1272,956,316,0
478,value,0.495,331,164,167,0
478,noise,0.828,163,135,28,0
478,breakfast,0.603,469,283,186,0
479,wifi,0.0,1,0,1,1
479,pool,0.667,3,2,1,1
479,sauna,1.0,2,2,0,1
479,restaurant,0.682,22,15,7,1
479,room_service,0.0,1,0,1,1
479,lounge,1.0,1,1,0,1
479,staff,0.97,67,65,2,0
479,cleanliness,0.8,5,4,1,0
479,location,0.929,56,52,4,0
479,room_comfort,0.719,64,46,18,0
479,value,0.182,11,2,9,0
479,noise,0.091,22,2,20,0
479,breakfast,0.836,55,46,9,0
480,wifi,0.5,4,2,2,1
480,gym,0.0,1,0,1,1
480,restaurant,0.932,59,55,4,1
480,lounge,0.0,1,0,1,1
480,staff,0.855,83,71,12,0
480,cleanliness,0.882,17,15,2,0
480,location,0.804,56,45,11,0
480,room_comfort,0.603,126,76,50,0
480,value,0.556,18,10,8,0
480,noise,0.364,22,8,14,0
480,breakfast,0.87,46,40,6,0
481,wifi,0.429,7,3,4,1
481,gym,0.0,1,0,1,1
481,restaurant,1.0,5,5,0,1
481,staff,0.8,40,32,8,0
481,cleanliness,0.8,10,8,2,0
481,location,0.976,41,40,1,0
481,room_comfort,0.553,47,26,21,0
481,value,0.357,14,5,9,0
481,noise,0.667,3,2,1,0
481,breakfast,0.273,11,3,8,0
482,wifi,0.357,28,10,18,1
482,pool,0.0,4,0,4,1
482,gym,0.75,8,6,2,1
482,sauna,0.533,15,8,7,1
482,restaurant,0.6,55,33,22,1
482,room_service,0.562,16,9,7,1
482,lounge,0.769,13,10,3,1
482,event_space,0.667,3,2,1,1
482,staff,0.712,198,141,57,0
482,cleanliness,0.695,95,66,29,0
482,location,0.801,251,201,50,0
482,room_comfort,0.649,308,200,108,0
482,value,0.25,112,28,84,0
482,noise,0.643,28,18,10,0
482,breakfast,0.582,158,92,66,0
483,wifi,1.0,1,1,0,1
483,pool,0.6,5,3,2,1
483,gym,0.0,2,0,2,1
483,sauna,0.625,8,5,3,1
483,restaurant,0.688,16,11,5,1
483,room_service,0.8,5,4,1,1
483,staff,0.868,106,92,14,0
483,cleanliness,0.75,16,12,4,0
483,location,0.952,83,79,4,0
483,room_comfort,0.617,107,66,41,0
483,value,0.2,20,4,16,0
483,noise,0.385,13,5,8,0
483,breakfast,0.846,52,44,8,0
484,wifi,0.5,8,4,4,1
484,sauna,0.0,2,0,2,1
484,restaurant,0.5,2,1,1,1
484,room_service,0.0,1,0,1,1
484,lounge,0.6,5,3,2,1
484,staff,0.848,33,28,5,0
484,cleanliness,0.727,11,8,3,0
484,location,0.794,34,27,7,0
484,room_comfort,0.471,51,24,27,0
484,value,0.25,12,3,9,0
484,noise,0.2,5,1,4,0
484,breakfast,0.536,28,15,13,0
485,wifi,0.333,12,4,8,1
485,gym,0.0,2,0,2,1
485,sauna,0.0,1,0,1,1
485,restaurant,0.444,9,4,5,1
485,room_service,0.667,3,2,1,1
485,lounge,0.0,1,0,1,1
485,staff,0.871,70,61,9,0
485,cleanliness,0.692,13,9,4,0
485,location,0.989,89,88,1,0
485,room_comfort,0.427,96,41,55,0
485,value,0.261,23,6,17,0
485,noise,0.571,7,4,3,0
485,breakfast,0.286,28,8,20,0
486,wifi,0.625,8,5,3,1
486,pool,0.0,1,0,1,1
486,gym,0.0,4,0,4,1
486,restaurant,0.769,52,40,12,1
486,room_service,0.333,6,2,4,1
486,lounge,0.333,3,1,2,1
486,event_space,0.0,1,0,1,1
486,staff,0.829,187,155,32,0
486,cleanliness,0.953,64,61,3,0
486,location,0.917,132,121,11,0
486,room_comfort,0.665,275,183,92,0
486,value,0.463,54,25,29,0
486,noise,0.5,48,24,24,0
486,breakfast,0.628,113,71,42,0
487,wifi,0.267,15,4,11,1
487,pool,0.0,1,0,1,1
487,gym,1.0,1,1,0,1
487,sauna,0.333,3,1,2,1
487,restaurant,0.611,18,11,7,1
487,room_service,0.0,1,0,1,1
487,event_space,1.0,1,1,0,1
487,staff,0.731,52,38,14,0
487,cleanliness,0.75,32,24,8,0
487,location,0.957,93,89,4,0
487,room_comfort,0.536,110,59,51,0
487,value,0.433,30,13,17,0
487,noise,0.81,21,17,4,0
487,breakfast,0.75,64,48,16,0
488,wifi,0.326,43,14,29,1
488,pool,0.0,1,0,1,1
488,gym,0.333,21,7,14,1
488,sauna,0.312,16,5,11,1
488,restaurant,0.677,65,44,21,1
488,room_service,0.2,10,2,8,1
488,lounge,1.0,1,1,0,1
488,event_space,0.0,2,0,2,1
488,staff,0.686,290,199,91,0
488,cleanliness,0.803,142,114,28,0
488,location,0.921,342,315,27,0
488,room_comfort,0.57,435,248,187,0
488,value,0.438,89,39,50,0
488,noise,0.586,58,34,24,0
488,breakfast,0.657,329,216,113,0
489,sauna,0.0,1,0,1,1
489,lounge,1.0,1,1,0,1
489,staff,0.6,5,3,2,0
489,cleanliness,1.0,1,1,0,0
489,location,1.0,5,5,0,0
489,room_comfort,0.556,9,5,4,0
489,value,0.25,4,1,3,0
489,breakfast,0.0,4,0,4,0
490,wifi,0.649,37,24,13,1
490,pool,0.0,1,0,1,1
490,gym,0.0,2,0,2,1
490,sauna,0.0,3,0,3,1
490,restaurant,0.812,64,52,12,1
490,room_service,0.2,5,1,4,1
490,lounge,0.75,4,3,1,1
490,event_space,1.0,1,1,0,1
490,staff,0.873,291,254,37,0
490,cleanliness,0.891,137,122,15,0
490,location,0.937,301,282,19,0
490,room_comfort,0.512,377,193,184,0
490,value,0.726,73,53,20,0
490,noise,0.408,103,42,61,0
490,breakfast,0.961,384,369,15,0
491,wifi,0.333,3,1,2,1
491,pool,0.714,7,5,2,1
491,restaurant,0.333,6,2,4,1
491,lounge,1.0,2,2,0,1
491,staff,0.6,35,21,14,0
491,cleanliness,1.0,7,7,0,0
491,location,0.811,37,30,7,0
491,room_comfort,0.5,48,24,24,0
491,value,0.083,12,1,11,0
491,noise,0.286,14,4,10,0
491,breakfast,0.389,18,7,11,0
492,wifi,0.571,7,4,3,1
492,pool,0.333,3,1,2,1
492,gym,0.75,8,6,2,1
492,restaurant,0.556,18,10,8,1
492,room_service,0.0,2,0,2,1
492,lounge,0.0,2,0,2,1
492,event_space,0.0,1,0,1,1
492,staff,0.768,181,139,42,0
492,cleanliness,0.865,111,96,15,0
492,location,0.83,135,112,23,0
492,room_comfort,0.658,240,158,82,0
492,value,0.429,42,18,24,0
492,noise,0.775,40,31,9,0
492,breakfast,0.778,207,161,46,0
493,restaurant,1.0,2,2,0,1
493,room_service,1.0,1,1,0,1
493,staff,0.857,7,6,1,0
493,cleanliness,0.0,2,0,2,0
493,location,1.0,8,8,0,0
493,room_comfort,0.4,10,4,6,0
493,noise,0.0,1,0,1,0
493,breakfast,1.0,2,2,0,0
494,wifi,0.619,21,13,8,1
494,pool,0.0,5,0,5,1
494,gym,0.0,5,0,5,1
494,sauna,0.0,3,0,3,1
494,restaurant,0.759,29,22,7,1
494,room_service,0.0,6,0,6,1
494,lounge,0.0,1,0,1,1
494,staff,0.711,159,113,46,0
494,cleanliness,0.675,80,54,26,0
494,location,0.955,268,256,12,0
494,room_comfort,0.434,235,102,133,0
494,value,0.396,48,19,29,0
494,noise,0.45,40,18,22,0
494,breakfast,0.587,109,64,45,0
495,wifi,0.0,3,0,3,1
495,gym,0.0,3,0,3,1
495,sauna,0.0,1,0,1,1
495,restaurant,0.8,10,8,2,1
495,room_service,0.0,2,0,2,1
495,staff,0.812,48,39,9,0
495,cleanliness,0.867,15,13,2,0
495,location,0.982,56,55,1,0
495,room_comfort,0.457,70,32,38,0
495,value,0.235,17,4,13,0
495,noise,0.571,7,4,3,0
495,breakfast,0.263,19,5,14,0
496,wifi,0.667,3,2,1,1
496,pool,0.556,45,25,20,1
496,gym,0.5,2,1,1,1
496,sauna,0.474,19,9,10,1
496,restaurant,0.64,25,16,9,1
496,room_service,0.5,12,6,6,1
496,lounge,0.75,4,3,1,1
496,event_space,0.5,2,1,1,1
496,staff,0.811,111,90,21,0
496,cleanliness,0.444,27,12,15,0
496,location,0.85,80,68,12,0
496,room_comfort,0.571,156,89,67,0
496,value,0.382,34,13,21,0
496,noise,0.517,29,15,14,0
496,breakfast,0.59,61,36,25,0
497,wifi,0.5,4,2,2,1
497,pool,0.55,20,11,9,1
497,gym,0.6,5,3,2,1
497,sauna,0.333,3,1,2,1
497,restaurant,0.583,12,7,5,1
497,room_service,0.5,4,2,2,1
497,lounge,0.5,2,1,1,1
497,staff,0.918,61,56,5,0
497,cleanliness,1.0,11,11,0,0
497,location,0.978,46,45,1,0
497,room_comfort,0.658,73,48,25,0
497,value,0.3,10,3,7,0
497,noise,0.75,8,6,2,0
497,breakfast,0.8,40,32,8,0
498,wifi,0.462,13,6,7,1
498,pool,0.429,7,3,4,1
498,gym,0.5,6,3,3,1
498,sauna,0.8,5,4,1,1
498,restaurant,0.744,39,29,10,1
498,room_service,0.4,5,2,3,1
498,lounge,0.833,6,5,1,1
498,staff,0.776,174,135,39,0
498,cleanliness,0.75,80,60,20,0
498,location,0.804,112,90,22,0
498,room_comfort,0.758,326,247,79,0
498,value,0.462,65,30,35,0
498,noise,0.816,49,40,9,0
498,breakfast,0.629,143,90,53,0
499,wifi,0.25,16,4,12,1
499,restaurant,0.778,9,7,2,1
499,lounge,0.333,3,1,2,1
499,staff,0.912,125,114,11,0
499,cleanliness,0.909,44,40,4,0
499,location,0.972,145,141,4,0
499,room_comfort,0.622,135,84,51,0
499,value,0.714,21,15,6,0
499,noise,0.571,28,16,12,0
499,breakfast,0.887,115,102,13,0
500,wifi,0.667,3,2,1,1
500,pool,0.0,2,0,2,1
500,restaurant,0.8,5,4,1,1
500,staff,0.885,26,23,3,0
500,cleanliness,0.643,14,9,5,0
500,location,0.917,36,33,3,0
500,room_comfort,0.405,37,15,22,0
500,value,0.636,11,7,4,0
500,noise,0.167,6,1,5,0
500,breakfast,0.333,9,3,6,0
501,wifi,0.667,6,4,2,1
501,pool,0.0,1,0,1,1
501,gym,0.0,1,0,1,1
501,sauna,1.0,1,1,0,1
501,restaurant,0.714,21,15,6,1
501,room_service,0.5,4,2,2,1
501,lounge,0.0,1,0,1,1
501,staff,0.897,116,104,12,0
501,cleanliness,0.979,48,47,1,0
501,location,0.97,164,159,5,0
501,room_comfort,0.72,161,116,45,0
501,value,0.462,26,12,14,0
501,noise,0.588,17,10,7,0
501,breakfast,0.443,61,27,34,0
502,wifi,1.0,10,10,0,1
502,pool,0.758,66,50,16,1
502,gym,0.917,12,11,1,1
502,sauna,0.698,53,37,16,1
502,restaurant,0.732,56,41,15,1
502,room_service,0.579,19,11,8,1
502,lounge,0.375,8,3,5,1
502,event_space,0.0,1,0,1,1
502,staff,0.74,258,191,67,0
502,cleanliness,0.744,121,90,31,0
502,location,0.877,204,179,25,0
502,room_comfort,0.572,421,241,180,0
502,value,0.35,60,21,39,0
502,noise,0.424,59,25,34,0
502,breakfast,0.633,177,112,65,0
503,wifi,0.667,6,4,2,1
503,pool,0.2,5,1,4,1
503,gym,1.0,1,1,0,1
503,restaurant,0.824,17,14,3,1
503,room_service,0.333,6,2,4,1
503,staff,0.901,101,91,10,0
503,cleanliness,0.846,39,33,6,0
503,location,0.925,93,86,7,0
503,room_comfort,0.65,137,89,48,0
503,value,0.5,20,10,10,0
503,noise,0.765,17,13,4,0
503,breakfast,0.816,49,40,9,0
504,wifi,0.758,33,25,8,1
504,gym,0.0,1,0,1,1
504,sauna,1.0,1,1,0,1
504,restaurant,0.812,69,56,13,1
504,room_service,0.0,3,0,3,1
504,lounge,0.5,6,3,3,1
504,event_space,1.0,1,1,0,1
504,staff,0.842,463,390,73,0
504,cleanliness,0.776,223,173,50,0
504,location,0.905,475,430,45,0
504,room_comfort,0.375,779,292,487,0
504,value,0.608,148,90,58,0
504,noise,0.441,179,79,100,0
504,breakfast,0.599,416,249,167,0
505,wifi,0.222,9,2,7,1
505,staff,0.389,18,7,11,0
505,cleanliness,0.5,10,5,5,0
505,location,0.94,50,47,3,0
505,room_comfort,0.265,49,13,36,0
505,value,0.333,6,2,4,0
505,noise,0.214,14,3,11,0
505,breakfast,0.4,15,6,9,0
506,wifi,0.0,1,0,1,1
506,restaurant,0.667,3,2,1,1
506,room_service,0.0,1,0,1,1
506,staff,0.7,10,7,3,0
506,location,1.0,5,5,0,0
506,room_comfort,0.467,15,7,8,0
506,value,0.2,5,1,4,0
506,noise,0.0,1,0,1,0
506,breakfast,0.667,6,4,2,0
507,wifi,0.429,7,3,4,1
507,restaurant,0.923,13,12,1,1
507,room_service,0.333,3,1,2,1
507,staff,0.88,50,44,6,0
507,cleanliness,0.862,29,25,4,0
507,location,0.792,53,42,11,0
507,room_comfort,0.526,78,41,37,0
507,value,0.308,13,4,9,0
507,noise,0.333,9,3,6,0
507,breakfast,0.542,24,13,11,0
508,wifi,0.0,8,0,8,1
508,pool,0.444,18,8,10,1
508,gym,0.0,5,0,5,1
508,sauna,0.333,21,7,14,1
508,restaurant,0.385,13,5,8,1
508,room_service,0.333,6,2,4,1
508,event_space,0.0,2,0,2,1
508,staff,0.718,78,56,22,0
508,cleanliness,0.423,26,11,15,0
508,location,0.932,117,109,8,0
508,room_comfort,0.41,105,43,62,0
508,value,0.205,39,8,31,0
508,noise,0.0,18,0,18,0
508,breakfast,0.41,39,16,23,0
509,wifi,0.727,11,8,3,1
509,pool,0.0,7,0,7,1
509,gym,0.062,16,1,15,1
509,sauna,0.0,4,0,4,1
509,restaurant,0.775,80,62,18,1
509,room_service,0.524,21,11,10,1
509,lounge,1.0,16,16,0,1
509,event_space,1.0,1,1,0,1
509,staff,0.842,562,473,89,0
509,cleanliness,0.85,187,159,28,0
509,location,0.769,247,190,57,0
509,room_comfort,0.624,713,445,268,0
509,value,0.497,151,75,76,0
509,noise,0.509,116,59,57,0
509,breakfast,0.711,318,226,92,0
510,wifi,0.438,16,7,9,1
510,pool,0.0,2,0,2,1
510,gym,0.0,3,0,3,1
510,sauna,0.0,1,0,1,1
510,restaurant,0.875,24,21,3,1
510,room_service,0.167,6,1,5,1
510,lounge,0.5,2,1,1,1
510,staff,0.901,142,128,14,0
510,cleanliness,0.887,53,47,6,0
510,location,0.954,197,188,9,0
510,room_comfort,0.62,158,98,60,0
510,value,0.189,37,7,30,0
510,noise,0.441,34,15,19,0
510,breakfast,0.586,116,68,48,0
511,wifi,0.6,5,3,2,1
511,gym,0.5,6,3,3,1
511,sauna,0.0,1,0,1,1
511,restaurant,0.5,10,5,5,1
511,room_service,0.0,6,0,6,1
511,lounge,1.0,1,1,0,1
511,staff,0.859,85,73,12,0
511,cleanliness,0.861,36,31,5,0
511,location,0.914,116,106,10,0
511,room_comfort,0.661,118,78,40,0
511,value,0.4,20,8,12,0
511,noise,0.75,20,15,5,0
511,breakfast,0.798,84,67,17,0
512,wifi,0.0,3,0,3,1
512,restaurant,1.0,3,3,0,1
512,staff,0.885,26,23,3,0
512,cleanliness,0.5,8,4,4,0
512,location,0.96,25,24,1,0
512,room_comfort,0.7,20,14,6,0
512,value,0.5,6,3,3,0
512,noise,0.5,4,2,2,0
512,breakfast,0.273,11,3,8,0
513,wifi,0.28,25,7,18,1
513,pool,0.5,2,1,1,1
513,gym,0.111,9,1,8,1
513,restaurant,0.519,54,28,26,1
513,room_service,0.364,11,4,7,1
513,lounge,0.0,1,0,1,1
513,staff,0.812,314,255,59,0
513,cleanliness,0.677,99,67,32,0
513,location,0.932,395,368,27,0
513,room_comfort,0.489,366,179,187,0
513,value,0.358,95,34,61,0
513,noise,0.286,56,16,40,0
513,breakfast,0.667,192,128,64,0
514,wifi,0.273,11,3,8,1
514,restaurant,0.75,16,12,4,1
514,room_service,1.0,1,1,0,1
514,event_space,0.0,1,0,1,1
514,staff,0.823,147,121,26,0
514,cleanliness,0.825,63,52,11,0
514,location,0.966,149,144,5,0
514,room_comfort,0.541,207,112,95,0
514,value,0.4,35,14,21,0
514,noise,0.816,49,40,9,0
514,breakfast,0.458,118,54,64,0
515,wifi,0.636,22,14,8,1
515,gym,0.0,3,0,3,1
515,sauna,0.0,2,0,2,1
515,restaurant,0.846,26,22,4,1
515,room_service,0.222,9,2,7,1
515,lounge,0.526,19,10,9,1
515,staff,0.819,188,154,34,0
515,cleanliness,0.762,84,64,20,0
515,location,0.98,395,387,8,0
515,room_comfort,0.495,319,158,161,0
515,value,0.418,67,28,39,0
515,noise,0.452,42,19,23,0
515,breakfast,0.702,171,120,51,0
516,wifi,0.529,34,18,16,1
516,gym,0.5,2,1,1,1
516,sauna,0.5,2,1,1,1
516,restaurant,0.786,56,44,12,1
516,room_service,0.0,8,0,8,1
516,lounge,0.5,8,4,4,1
516,event_space,1.0,1,1,0,1
516,staff,0.659,331,218,113,0
516,cleanliness,0.822,214,176,38,0
516,location,0.88,501,441,60,0
516,room_comfort,0.408,754,308,446,0
516,value,0.526,137,72,65,0
516,noise,0.245,147,36,111,0
516,breakfast,0.431,350,151,199,0
517,wifi,0.2,5,1,4,1
517,restaurant,0.889,18,16,2,1
517,staff,0.927,55,51,4,0
517,cleanliness,0.733,15,11,4,0
517,location,0.907,54,49,5,0
517,room_comfort,0.586,70,41,29,0
517,value,0.462,13,6,7,0
517,noise,0.5,12,6,6,0
517,breakfast,0.8,20,16,4,0
518,pool,0.933,15,14,1,1
518,gym,0.0,1,0,1,1
518,restaurant,0.889,9,8,1,1
518,room_service,0.0,2,0,2,1
518,staff,0.879,33,29,4,0
518,cleanliness,0.929,14,13,1,0
518,location,0.966,29,28,1,0
518,room_comfort,0.674,46,31,15,0
518,value,0.286,14,4,10,0
518,noise,0.75,8,6,2,0
518,breakfast,0.455,11,5,6,0
519,wifi,0.875,16,14,2,1
519,pool,0.0,1,0,1,1
519,sauna,0.0,1,0,1,1
519,restaurant,1.0,6,6,0,1
519,staff,0.882,51,45,6,0
519,cleanliness,0.565,23,13,10,0
519,location,0.956,68,65,3,0
519,room_comfort,0.573,82,47,35,0
519,value,0.636,11,7,4,0
519,noise,0.55,20,11,9,0
519,breakfast,0.844,77,65,12,0
520,wifi,0.391,23,9,14,1
520,gym,0.0,3,0,3,1
520,restaurant,0.9,60,54,6,1
520,room_service,0.429,7,3,4,1
520,lounge,1.0,4,4,0,1
520,event_space,1.0,1,1,0,1
520,staff,0.894,321,287,34,0
520,cleanliness,0.874,127,111,16,0
520,location,0.933,240,224,16,0
520,room_comfort,0.566,502,284,218,0
520,value,0.598,87,52,35,0
520,noise,0.648,122,79,43,0
520,breakfast,0.708,168,119,49,0
521,wifi,0.368,19,7,12,1
521,gym,0.75,4,3,1,1
521,sauna,0.85,20,17,3,1
521,restaurant,0.933,15,14,1,1
521,lounge,0.8,10,8,2,1
521,staff,0.858,106,91,15,0
521,cleanliness,0.854,41,35,6,0
521,location,0.867,98,85,13,0
521,room_comfort,0.639,147,94,53,0
521,value,0.385,26,10,16,0
521,noise,0.654,26,17,9,0
521,breakfast,0.717,60,43,17,0
522,wifi,0.125,16,2,14,1
522,restaurant,0.5,12,6,6,1
522,room_service,0.333,3,1,2,1
522,lounge,0.667,3,2,1,1
522,staff,0.696,125,87,38,0
522,cleanliness,0.548,42,23,19,0
522,location,0.908,152,138,14,0
522,room_comfort,0.401,172,69,103,0
522,value,0.324,34,11,23,0
522,noise,0.08,25,2,23,0
522,breakfast,0.299,107,32,75,0
523,wifi,0.0,2,0,2,1
523,restaurant,0.625,8,5,3,1
523,room_service,1.0,1,1,0,1
523,lounge,1.0,4,4,0,1
523,staff,0.881,67,59,8,0
523,cleanliness,0.333,9,3,6,0
523,location,0.956,45,43,2,0
523,room_comfort,0.529,87,46,41,0
523,value,0.167,12,2,10,0
523,noise,0.611,18,11,7,0
523,breakfast,0.5,14,7,7,0
524,wifi,0.25,20,5,15,1
524,gym,0.0,1,0,1,1
524,restaurant,0.483,29,14,15,1
524,room_service,0.333,3,1,2,1
524,lounge,1.0,1,1,0,1
524,staff,0.673,110,74,36,0
524,cleanliness,0.891,119,106,13,0
524,location,0.714,119,85,34,0
524,room_comfort,0.595,237,141,96,0
524,value,0.736,53,39,14,0
524,noise,0.508,61,31,30,0
524,breakfast,0.36,50,18,32,0
525,wifi,0.083,12,1,11,1
525,gym,1.0,1,1,0,1
525,restaurant,1.0,3,3,0,1
525,staff,0.739,23,17,6,0
525,cleanliness,0.588,17,10,7,0
525,location,0.955,22,21,1,0
525,room_comfort,0.537,41,22,19,0
525,value,0.75,4,3,1,0
525,noise,0.8,5,4,1,0
525,breakfast,0.667,33,22,11,0
526,wifi,0.81,21,17,4,1
526,pool,0.667,3,2,1,1
526,gym,0.0,1,0,1,1
526,restaurant,0.45,20,9,11,1
526,room_service,0.0,2,0,2,1
526,lounge,0.833,6,5,1,1
526,event_space,0.8,5,4,1,1
526,staff,0.824,273,225,48,0
526,cleanliness,0.757,103,78,25,0
526,location,0.953,212,202,10,0
526,room_comfort,0.391,448,175,273,0
526,value,0.453,95,43,52,0
526,noise,0.288,52,15,37,0
526,breakfast,0.432,132,57,75,0
527,wifi,0.107,28,3,25,1
527,pool,0.762,80,61,19,1
527,gym,0.6,5,3,2,1
527,sauna,0.611,36,22,14,1
527,restaurant,0.667,18,12,6,1
527,room_service,0.333,3,1,2,1
527,lounge,0.0,1,0,1,1
527,event_space,1.0,2,2,0,1
527,staff,0.746,118,88,30,0
527,cleanliness,0.8,65,52,13,0
527,location,0.884,112,99,13,0
527,room_comfort,0.47,183,86,97,0
527,value,0.214,56,12,44,0
527,noise,0.8,15,12,3,0
527,breakfast,0.52,75,39,36,0
528,gym,0.0,2,0,2,1
528,restaurant,1.0,1,1,0,1
528,room_service,1.0,1,1,0,1
528,lounge,1.0,2,2,0,1
528,staff,0.789,38,30,8,0
528,cleanliness,0.667,3,2,1,0
528,location,1.0,25,25,0,0
528,room_comfort,0.387,31,12,19,0
528,value,0.167,6,1,5,0
528,noise,0.333,3,1,2,0
528,breakfast,0.375,8,3,5,0
529,wifi,0.1,40,4,36,1
529,restaurant,0.833,12,10,2,1
529,event_space,1.0,1,1,0,1
529,staff,0.688,80,55,25,0
529,cleanliness,0.744,39,29,10,0
529,location,0.96,125,120,5,0
529,room_comfort,0.448,105,47,58,0
529,value,0.296,27,8,19,0
529,noise,0.294,17,5,12,0
529,breakfast,0.376,85,32,53,0
530,wifi,0.6,5,3,2,1
530,pool,0.0,2,0,2,1
530,gym,0.0,1,0,1,1
530,restaurant,0.571,21,12,9,1
530,room_service,0.4,5,2,3,1
530,staff,0.767,103,79,24,0
530,cleanliness,0.845,58,49,9,0
530,location,0.771,118,91,27,0
530,room_comfort,0.604,149,90,59,0
530,value,0.383,47,18,29,0
530,noise,0.5,6,3,3,0
530,breakfast,0.73,89,65,24,0
531,wifi,0.5,2,1,1,1
531,pool,0.792,24,19,5,1
531,gym,0.5,2,1,1,1
531,sauna,1.0,1,1,0,1
531,restaurant,1.0,8,8,0,1
531,staff,0.837,49,41,8,0
531,cleanliness,0.786,14,11,3,0
531,location,0.971,34,33,1,0
531,room_comfort,0.723,47,34,13,0
531,value,0.5,12,6,6,0
531,noise,1.0,5,5,0,0
531,breakfast,0.429,14,6,8,0
532,wifi,1.0,1,1,0,1
532,pool,0.0,1,0,1,1
532,gym,0.0,1,0,1,1
532,restaurant,0.857,7,6,1,1
532,room_service,0.0,1,0,1,1
532,lounge,1.0,1,1,0,1
532,staff,0.973,73,71,2,0
532,cleanliness,0.87,23,20,3,0
532,location,0.951,41,39,2,0
532,room_comfort,0.675,77,52,25,0
532,value,0.412,17,7,10,0
532,noise,0.611,18,11,7,0
532,breakfast,0.5,28,14,14,0
533,wifi,0.188,32,6,26,1
533,gym,0.5,2,1,1,1
533,sauna,0.0,1,0,1,1
533,restaurant,0.429,7,3,4,1
533,room_service,0.5,2,1,1,1
533,lounge,0.0,1,0,1,1
533,staff,0.684,57,39,18,0
533,cleanliness,0.857,56,48,8,0
533,location,0.828,87,72,15,0
533,room_comfort,0.552,125,69,56,0
533,value,0.455,33,15,18,0
533,noise,0.714,14,10,4,0
533,breakfast,0.538,39,21,18,0
534,wifi,0.125,8,1,7,1
534,pool,0.0,3,0,3,1
534,sauna,0.0,1,0,1,1
534,restaurant,0.294,51,15,36,1
534,room_service,0.5,4,2,2,1
534,lounge,0.5,4,2,2,1
534,staff,0.594,133,79,54,0
534,cleanliness,0.577,26,15,11,0
534,location,0.95,101,96,5,0
534,room_comfort,0.662,213,141,72,0
534,value,0.229,35,8,27,0
534,noise,0.267,30,8,22,0
534,breakfast,0.438,121,53,68,0
535,wifi,0.25,4,1,3,1
535,pool,0.0,2,0,2,1
535,gym,0.0,2,0,2,1
535,restaurant,0.826,23,19,4,1
535,room_service,0.625,8,5,3,1
535,lounge,0.0,2,0,2,1
535,staff,0.943,88,83,5,0
535,cleanliness,0.857,7,6,1,0
535,location,0.941,68,64,4,0
535,room_comfort,0.612,67,41,26,0
535,value,0.5,8,4,4,0
535,noise,0.438,16,7,9,0
535,breakfast,0.68,25,17,8,0
536,wifi,0.5,12,6,6,1
536,pool,0.0,1,0,1,1
536,gym,0.333,3,1,2,1
536,sauna,0.25,4,1,3,1
536,restaurant,0.5,14,7,7,1
536,room_service,0.5,4,2,2,1
536,staff,0.77,100,77,23,0
536,cleanliness,0.738,42,31,11,0
536,location,0.942,103,97,6,0
536,room_comfort,0.358,120,43,77,0
536,value,0.476,21,10,11,0
536,noise,0.333,24,8,16,0
536,breakfast,0.667,54,36,18,0
537,wifi,0.333,27,9,18,1
537,gym,0.0,1,0,1,1
537,sauna,0.0,1,0,1,1
537,restaurant,0.8,45,36,9,1
537,room_service,0.458,24,11,13,1
537,lounge,1.0,6,6,0,1
537,staff,0.846,467,395,72,0
537,cleanliness,0.835,164,137,27,0
537,location,0.945,362,342,20,0
537,room_comfort,0.478,737,352,385,0
537,value,0.637,102,65,37,0
537,noise,0.63,162,102,60,0
537,breakfast,0.778,379,295,84,0
538,wifi,0.727,11,8,3,1
538,pool,0.0,1,0,1,1
538,gym,0.0,3,0,3,1
538,restaurant,0.929,14,13,1,1
538,event_space,0.0,1,0,1,1
538,staff,0.942,52,49,3,0
538,cleanliness,0.739,23,17,6,0
538,location,0.891,64,57,7,0
538,room_comfort,0.609,92,56,36,0
538,value,0.636,11,7,4,0
538,noise,0.429,7,3,4,0
538,breakfast,0.783,60,47,13,0
539,wifi,0.5,4,2,2,1
539,pool,0.786,42,33,9,1
539,gym,0.8,10,8,2,1
539,sauna,0.222,9,2,7,1
539,restaurant,0.438,32,14,18,1
539,room_service,0.5,2,1,1,1
539,lounge,0.2,5,1,4,1
539,event_space,0.857,7,6,1,1
539,staff,0.818,99,81,18,0
539,cleanliness,0.833,18,15,3,0
539,location,0.712,59,42,17,0
539,room_comfort,0.525,120,63,57,0
539,value,0.184,38,7,31,0
539,noise,0.722,18,13,5,0
539,breakfast,0.491,57,28,29,0
540,wifi,0.333,27,9,18,1
540,gym,1.0,1,1,0,1
540,sauna,0.5,2,1,1,1
540,restaurant,0.708,24,17,7,1
540,room_service,0.0,2,0,2,1
540,lounge,1.0,2,2,0,1
540,staff,0.934,151,141,10,0
540,cleanliness,0.947,38,36,2,0
540,location,0.969,193,187,6,0
540,room_comfort,0.584,166,97,69,0
540,value,0.391,23,9,14,0
540,noise,0.884,43,38,5,0
540,breakfast,0.847,157,133,24,0
541,wifi,0.21,62,13,49,1
541,pool,0.0,18,0,18,1
541,gym,0.417,12,5,7,1
541,sauna,0.2,5,1,4,1
541,restaurant,0.645,138,89,49,1
541,room_service,0.514,35,18,17,1
541,lounge,0.759,29,22,7,1
541,event_space,1.0,3,3,0,1
541,staff,0.87,784,682,102,0
541,cleanliness,0.768,203,156,47,0
541,location,0.898,511,459,52,0
541,room_comfort,0.646,970,627,343,0
541,value,0.294,255,75,180,0
541,noise,0.51,104,53,51,0
541,breakfast,0.586,514,301,213,0
542,wifi,0.25,4,1,3,1
542,gym,0.667,3,2,1,1
542,restaurant,0.75,4,3,1,1
542,lounge,0.0,1,0,1,1
542,staff,0.879,33,29,4,0
542,cleanliness,0.947,19,18,1,0
542,location,0.795,44,35,9,0
542,room_comfort,0.571,49,28,21,0
542,value,0.333,12,4,8,0
542,noise,0.0,5,0,5,0
542,breakfast,0.545,22,12,10,0
543,wifi,0.529,34,18,16,1
543,pool,0.0,1,0,1,1
543,gym,0.25,12,3,9,1
543,sauna,0.25,4,1,3,1
543,restaurant,0.603,63,38,25,1
543,room_service,0.4,5,2,3,1
543,lounge,0.667,3,2,1,1
543,staff,0.866,292,253,39,0
543,cleanliness,0.958,165,158,7,0
543,location,0.872,219,191,28,0
543,room_comfort,0.718,379,272,107,0
543,value,0.446,65,29,36,0
543,noise,0.633,49,31,18,0
543,breakfast,0.748,290,217,73,0
544,wifi,0.571,7,4,3,1
544,gym,0.5,2,1,1,1
544,restaurant,0.833,18,15,3,1
544,room_service,0.0,4,0,4,1
544,lounge,0.25,8,2,6,1
544,event_space,0.5,2,1,1,1
544,staff,0.829,82,68,14,0
544,cleanliness,0.786,14,11,3,0
544,location,0.893,122,109,13,0
544,room_comfort,0.476,124,59,65,0
544,value,0.294,34,10,24,0
544,noise,0.357,28,10,18,0
544,breakfast,0.638,69,44,25,0
545,wifi,0.429,14,6,8,1
545,gym,0.75,4,3,1,1
545,sauna,0.333,3,1,2,1
545,restaurant,0.643,14,9,5,1
545,room_service,0.0,1,0,1,1
545,staff,0.738,42,31,11,0
545,cleanliness,0.955,22,21,1,0
545,location,0.883,60,53,7,0
545,room_comfort,0.574,61,35,26,0
545,value,0.5,10,5,5,0
545,noise,0.857,7,6,1,0
545,breakfast,0.645,31,20,11,0
546,wifi,0.171,41,7,34,1
546,pool,0.25,4,1,3,1
546,gym,0.667,6,4,2,1
546,sauna,0.0,5,0,5,1
546,restaurant,0.61,41,25,16,1
546,room_service,0.111,9,1,8,1
546,lounge,0.833,6,5,1,1
546,event_space,0.0,2,0,2,1
546,staff,0.665,257,171,86,0
546,cleanliness,0.824,91,75,16,0
546,location,0.965,491,474,17,0
546,room_comfort,0.499,377,188,189,0
546,value,0.24,75,18,57,0
546,noise,0.442,43,19,24,0
546,breakfast,0.537,218,117,101,0
547,wifi,0.821,28,23,5,1
547,gym,0.25,8,2,6,1
547,sauna,0.0,1,0,1,1
547,restaurant,0.647,34,22,12,1
547,room_service,0.333,6,2,4,1
547,lounge,0.0,1,0,1,1
547,staff,0.898,256,230,26,0
547,cleanliness,0.877,106,93,13,0
547,location,0.946,406,384,22,0
547,room_comfort,0.669,329,220,109,0
547,value,0.386,88,34,54,0
547,noise,0.786,70,55,15,0
547,breakfast,0.548,93,51,42,0
548,wifi,0.167,6,1,5,1
548,restaurant,0.75,8,6,2,1
548,lounge,1.0,1,1,0,1
548,staff,0.973,73,71,2,0
548,cleanliness,0.931,29,27,2,0
548,location,0.955,89,85,4,0
548,room_comfort,0.592,76,45,31,0
548,value,0.368,19,7,12,0
548,noise,0.611,18,11,7,0
548,breakfast,0.571,28,16,12,0
549,wifi,0.45,60,27,33,1
549,sauna,0.0,1,0,1,1
549,restaurant,0.611,36,22,14,1
549,room_service,0.333,3,1,2,1
549,lounge,0.688,16,11,5,1
549,staff,0.758,363,275,88,0
549,cleanliness,0.627,228,143,85,0
549,location,0.938,418,392,26,0
549,room_comfort,0.484,643,311,332,0
549,value,0.584,125,73,52,0
549,noise,0.375,120,45,75,0
549,breakfast,0.452,367,166,201,0
550,wifi,1.0,1,1,0,1
550,gym,1.0,1,1,0,1
550,sauna,0.667,3,2,1,1
550,restaurant,0.75,4,3,1,1
550,room_service,0.0,1,0,1,1
550,staff,0.907,54,49,5,0
550,cleanliness,0.867,15,13,2,0
550,location,1.0,53,53,0,0
550,room_comfort,0.661,56,37,19,0
550,value,0.375,8,3,5,0
550,noise,1.0,7,7,0,0
550,breakfast,0.529,17,9,8,0
551,wifi,1.0,2,2,0,1
551,restaurant,0.75,4,3,1,1
551,room_service,0.0,2,0,2,1
551,lounge,1.0,2,2,0,1
551,staff,0.982,57,56,1,0
551,cleanliness,0.824,17,14,3,0
551,location,0.838,37,31,6,0
551,room_comfort,0.671,82,55,27,0
551,value,0.4,20,8,12,0
551,noise,0.636,11,7,4,0
551,breakfast,0.586,29,17,12,0
552,wifi,0.0,2,0,2,1
552,restaurant,0.857,14,12,2,1
552,room_service,0.0,1,0,1,1
552,staff,0.833,30,25,5,0
552,cleanliness,0.944,18,17,1,0
552,location,0.857,28,24,4,0
552,room_comfort,0.566,53,30,23,0
552,value,0.538,13,7,6,0
552,noise,0.6,15,9,6,0
552,breakfast,0.857,21,18,3,0
553,wifi,0.36,25,9,16,1
553,pool,0.0,1,0,1,1
553,gym,0.0,1,0,1,1
553,restaurant,0.576,33,19,14,1
553,room_service,0.0,1,0,1,1
553,staff,0.772,158,122,36,0
553,cleanliness,0.975,79,77,2,0
553,location,0.914,245,224,21,0
553,room_comfort,0.58,226,131,95,0
553,value,0.523,44,23,21,0
553,noise,0.471,34,16,18,0
553,breakfast,0.55,151,83,68,0
554,wifi,0.333,9,3,6,1
554,pool,1.0,1,1,0,1
554,gym,0.5,2,1,1,1
554,restaurant,0.778,18,14,4,1
554,room_service,0.5,4,2,2,1
554,lounge,0.6,5,3,2,1
554,staff,0.856,118,101,17,0
554,cleanliness,0.929,28,26,2,0
554,location,0.94,117,110,7,0
554,room_comfort,0.59,144,85,59,0
554,value,0.237,38,9,29,0
554,noise,0.784,37,29,8,0
554,breakfast,0.511,47,24,23,0
555,wifi,0.161,56,9,47,1
555,pool,0.0,5,0,5,1
555,gym,0.0,10,0,10,1
555,sauna,0.0,5,0,5,1
555,restaurant,0.364,33,12,21,1
555,room_service,0.25,12,3,9,1
555,lounge,0.75,4,3,1,1
555,staff,0.778,194,151,43,0
555,cleanliness,0.919,111,102,9,0
555,location,0.886,185,164,21,0
555,room_comfort,0.564,303,171,132,0
555,value,0.328,64,21,43,0
555,noise,0.545,33,18,15,0
555,breakfast,0.581,186,108,78,0
556,wifi,0.2,10,2,8,1
556,pool,0.52,25,13,12,1
556,gym,0.0,6,0,6,1
556,sauna,0.0,1,0,1,1
556,restaurant,0.536,28,15,13,1
556,room_service,0.25,8,2,6,1
556,lounge,0.0,4,0,4,1
556,staff,0.841,138,116,22,0
556,cleanliness,0.69,29,20,9,0
556,location,0.959,122,117,5,0
556,room_comfort,0.493,150,74,76,0
556,value,0.294,34,10,24,0
556,noise,0.182,22,4,18,0
556,breakfast,0.641,39,25,14,0
557,wifi,0.4,5,2,3,1
557,pool,0.5,4,2,2,1
557,gym,0.75,4,3,1,1
557,sauna,0.375,8,3,5,1
557,restaurant,0.75,8,6,2,1
557,room_service,0.0,2,0,2,1
557,lounge,0.667,3,2,1,1
557,staff,0.854,41,35,6,0
557,cleanliness,0.778,9,7,2,0
557,location,0.815,27,22,5,0
557,room_comfort,0.597,67,40,27,0
557,value,0.5,20,10,10,0
557,noise,0.583,12,7,5,0
557,breakfast,0.795,39,31,8,0
558,wifi,0.0,1,0,1,1
558,pool,0.0,1,0,1,1
558,gym,0.0,4,0,4,1
558,sauna,0.0,1,0,1,1
558,restaurant,0.7,10,7,3,1
558,room_service,0.0,2,0,2,1
558,staff,0.867,45,39,6,0
558,cleanliness,0.786,14,11,3,0
558,location,0.956,45,43,2,0
558,room_comfort,0.5,50,25,25,0
558,value,0.25,8,2,6,0
558,noise,0.714,7,5,2,0
558,breakfast,0.621,29,18,11,0
559,wifi,0.5,12,6,6,1
559,pool,0.0,1,0,1,1
559,gym,0.0,1,0,1,1
559,restaurant,0.69,42,29,13,1
559,room_service,0.286,7,2,5,1
559,lounge,0.667,3,2,1,1
559,event_space,1.0,1,1,0,1
559,staff,0.847,274,232,42,0
559,cleanliness,0.755,49,37,12,0
559,location,0.937,238,223,15,0
559,room_comfort,0.499,359,179,180,0
559,value,0.189,53,10,43,0
559,noise,0.329,73,24,49,0
559,breakfast,0.578,102,59,43,0
560,restaurant,1.0,1,1,0,1
560,room_service,0.0,1,0,1,1
560,lounge,1.0,2,2,0,1
560,staff,0.98,50,49,1,0
560,cleanliness,1.0,4,4,0,0
560,location,0.913,23,21,2,0
560,room_comfort,0.567,30,17,13,0
560,value,0.0,5,0,5,0
560,noise,0.667,3,2,1,0
560,breakfast,0.75,16,12,4,0
561,wifi,0.364,11,4,7,1
561,gym,0.2,5,1,4,1
561,restaurant,0.636,33,21,12,1
561,room_service,0.5,2,1,1,1
561,lounge,0.333,3,1,2,1
561,staff,0.62,108,67,41,0
561,cleanliness,0.78,41,32,9,0
561,location,0.921,126,116,10,0
561,room_comfort,0.462,225,104,121,0
561,value,0.212,33,7,26,0
561,noise,0.211,38,8,30,0
561,breakfast,0.462,52,24,28,0
562,wifi,0.333,6,2,4,1
562,restaurant,0.667,9,6,3,1
562,staff,0.769,39,30,9,0
562,cleanliness,0.706,17,12,5,0
562,location,1.0,36,36,0,0
562,room_comfort,0.69,71,49,22,0
562,value,0.667,6,4,2,0
562,noise,0.4,5,2,3,0
562,breakfast,0.643,14,9,5,0
563,wifi,0.364,11,4,7,1
563,restaurant,0.769,13,10,3,1
563,room_service,0.0,2,0,2,1
563,staff,0.917,72,66,6,0
563,cleanliness,0.722,18,13,5,0
563,location,0.909,66,60,6,0
563,room_comfort,0.434,83,36,47,0
563,value,0.357,14,5,9,0
563,noise,0.625,16,10,6,0
563,breakfast,0.547,53,29,24,0
564,wifi,0.356,59,21,38,1
564,gym,0.333,9,3,6,1
564,restaurant,0.614,57,35,22,1
564,room_service,0.5,12,6,6,1
564,lounge,0.5,2,1,1,1
564,event_space,1.0,2,2,0,1
564,staff,0.822,517,425,92,0
564,cleanliness,0.746,205,153,52,0
564,location,0.946,592,560,32,0
564,room_comfort,0.567,872,494,378,0
564,value,0.4,160,64,96,0
564,noise,0.604,159,96,63,0
564,breakfast,0.486,329,160,169,0
565,wifi,0.476,21,10,11,1
565,restaurant,0.826,23,19,4,1
565,lounge,0.0,1,0,1,1
565,staff,0.834,181,151,30,0
565,cleanliness,0.883,171,151,20,0
565,location,0.928,236,219,17,0
565,room_comfort,0.639,332,212,120,0
565,value,0.689,61,42,19,0
565,noise,0.267,90,24,66,0
565,breakfast,0.233,30,7,23,0
566,wifi,0.444,9,4,5,1
566,pool,0.0,3,0,3,1
566,gym,0.2,5,1,4,1
566,sauna,0.533,15,8,7,1
566,restaurant,0.593,54,32,22,1
566,room_service,0.643,14,9,5,1
566,lounge,0.0,1,0,1,1
566,staff,0.818,357,292,65,0
566,cleanliness,0.831,124,103,21,0
566,location,0.948,366,347,19,0
566,room_comfort,0.568,461,262,199,0
566,value,0.241,133,32,101,0
566,noise,0.4,95,38,57,0
566,breakfast,0.398,133,53,80,0
567,wifi,0.0,1,0,1,1
567,staff,1.0,4,4,0,0
567,cleanliness,1.0,5,5,0,0
567,location,0.857,7,6,1,0
567,room_comfort,0.625,16,10,6,0
567,value,0.333,6,2,4,0
567,noise,1.0,1,1,0,0
567,breakfast,0.429,7,3,4,0
568,wifi,0.176,34,6,28,1
568,pool,0.0,1,0,1,1
568,gym,0.8,5,4,1,1
568,restaurant,0.816,49,40,9,1
568,room_service,0.846,13,11,2,1
568,lounge,0.5,12,6,6,1
568,event_space,1.0,2,2,0,1
568,staff,0.865,319,276,43,0
568,cleanliness,0.733,86,63,23,0
568,location,0.951,304,289,15,0
568,room_comfort,0.541,440,238,202,0
568,value,0.257,113,29,84,0
568,noise,0.2,70,14,56,0
568,breakfast,0.522,136,71,65,0
569,wifi,0.533,15,8,7,1
569,pool,0.0,2,0,2,1
569,gym,0.333,3,1,2,1
569,restaurant,0.581,43,25,18,1
569,room_service,0.5,8,4,4,1
569,lounge,0.864,22,19,3,1
569,event_space,0.5,2,1,1,1
569,staff,0.939,560,526,34,0
569,cleanliness,0.699,73,51,22,0
569,location,0.943,334,315,19,0
569,room_comfort,0.525,510,268,242,0
569,value,0.281,121,34,87,0
569,noise,0.511,45,23,22,0
569,breakfast,0.819,237,194,43,0
570,wifi,0.643,14,9,5,1
570,pool,0.0,1,0,1,1
570,gym,0.0,5,0,5,1
570,restaurant,0.795,44,35,9,1
570,room_service,0.25,4,1,3,1
570,lounge,0.0,2,0,2,1
570,staff,0.793,237,188,49,0
570,cleanliness,0.745,102,76,26,0
570,location,0.931,306,285,21,0
570,room_comfort,0.548,405,222,183,0
570,value,0.253,87,22,65,0
570,noise,0.558,52,29,23,0
570,breakfast,0.479,144,69,75,0
571,wifi,0.0,1,0,1,1
571,restaurant,0.667,3,2,1,1
571,staff,1.0,41,41,0,0
571,cleanliness,0.889,9,8,1,0
571,location,0.933,30,28,2,0
571,room_comfort,0.553,38,21,17,0
571,value,0.333,3,1,2,0
571,noise,1.0,5,5,0,0
571,breakfast,0.727,11,8,3,0
572,wifi,0.368,19,7,12,1
572,pool,1.0,3,3,0,1
572,gym,0.667,9,6,3,1
572,sauna,0.5,2,1,1,1
572,restaurant,0.82,50,41,9,1
572,room_service,0.5,2,1,1,1
572,lounge,0.0,2,0,2,1
572,event_space,0.0,1,0,1,1
572,staff,0.918,367,337,30,0
572,cleanliness,0.856,125,107,18,0
572,location,0.951,531,505,26,0
572,room_comfort,0.6,507,304,203,0
572,value,0.475,80,38,42,0
572,noise,0.762,151,115,36,0
572,breakfast,0.351,77,27,50,0
573,wifi,0.312,48,15,33,1
573,gym,0.0,1,0,1,1
573,restaurant,0.625,16,10,6,1
573,room_service,0.0,1,0,1,1
573,lounge,0.0,1,0,1,1
573,event_space,1.0,3,3,0,1
573,staff,0.71,162,115,47,0
573,cleanliness,0.861,209,180,29,0
573,location,0.773,203,157,46,0
573,room_comfort,0.588,398,234,164,0
573,value,0.727,55,40,15,0
573,noise,0.234,128,30,98,0
573,breakfast,0.368,19,7,12,0
574,wifi,0.0,7,0,7,1
574,pool,1.0,1,1,0,1
574,sauna,0.667,3,2,1,1
574,restaurant,0.286,7,2,5,1
574,room_service,0.5,2,1,1,1
574,staff,0.714,14,10,4,0
574,cleanliness,0.667,3,2,1,0
574,location,0.875,8,7,1,0
574,room_comfort,0.533,15,8,7,0
574,value,0.0,5,0,5,0
574,noise,0.5,2,1,1,0
574,breakfast,0.364,11,4,7,0
575,wifi,0.429,7,3,4,1
575,gym,0.0,1,0,1,1
575,sauna,1.0,1,1,0,1
575,restaurant,0.857,21,18,3,1
575,room_service,0.5,2,1,1,1
575,staff,0.884,95,84,11,0
575,cleanliness,0.886,35,31,4,0
575,location,0.973,111,108,3,0
575,room_comfort,0.721,104,75,29,0
575,value,0.5,22,11,11,0
575,noise,0.862,29,25,4,0
575,breakfast,0.515,33,17,16,0
576,wifi,0.444,9,4,5,1
576,pool,0.2,5,1,4,1
576,gym,0.375,8,3,5,1
576,sauna,0.348,23,8,15,1
576,restaurant,0.623,53,33,20,1
576,room_service,0.741,27,20,7,1
576,lounge,0.667,3,2,1,1
576,event_space,0.0,1,0,1,1
576,staff,0.796,362,288,74,0
576,cleanliness,0.688,80,55,25,0
576,location,0.934,333,311,22,0
576,room_comfort,0.509,588,299,289,0
576,value,0.174,121,21,100,0
576,noise,0.236,55,13,42,0
576,breakfast,0.631,249,157,92,0
577,wifi,0.467,15,7,8,1
577,pool,0.0,1,0,1,1
577,restaurant,0.8,30,24,6,1
577,lounge,0.0,1,0,1,1
577,staff,0.828,232,192,40,0
577,cleanliness,0.706,109,77,32,0
577,location,0.871,178,155,23,0
577,room_comfort,0.545,330,180,150,0
577,value,0.328,61,20,41,0
577,noise,0.741,54,40,14,0
577,breakfast,0.637,91,58,33,0
578,wifi,0.6,10,6,4,1
578,pool,0.0,2,0,2,1
578,gym,0.0,2,0,2,1
578,sauna,0.0,1,0,1,1
578,restaurant,1.0,6,6,0,1
578,room_service,0.0,2,0,2,1
578,staff,0.837,49,41,8,0
578,cleanliness,0.852,27,23,4,0
578,location,0.959,73,70,3,0
578,room_comfort,0.463,80,37,43,0
578,value,0.273,22,6,16,0
578,noise,0.429,7,3,4,0
578,breakfast,0.412,17,7,10,0
579,wifi,0.771,35,27,8,1
579,pool,0.0,1,0,1,1
579,gym,0.333,9,3,6,1
579,sauna,0.0,1,0,1,1
579,restaurant,0.635,52,33,19,1
579,room_service,0.067,15,1,14,1
579,lounge,0.4,5,2,3,1
579,event_space,1.0,1,1,0,1
579,staff,0.73,474,346,128,0
579,cleanliness,0.672,174,117,57,0
579,location,0.928,655,608,47,0
579,room_comfort,0.333,892,297,595,0
579,value,0.267,180,48,132,0
579,noise,0.262,107,28,79,0
579,breakfast,0.628,312,196,116,0
580,wifi,0.68,25,17,8,1
580,restaurant,0.632,19,12,7,1
580,lounge,1.0,1,1,0,1
580,staff,0.813,155,126,29,0
580,cleanliness,0.774,53,41,12,0
580,location,0.968,125,121,4,0
580,room_comfort,0.467,167,78,89,0
580,value,0.48,25,12,13,0
580,noise,0.031,32,1,31,0
580,breakfast,0.654,136,89,47,0
581,wifi,0.333,12,4,8,1
581,pool,0.737,19,14,5,1
581,gym,0.778,9,7,2,1
581,sauna,0.8,30,24,6,1
581,restaurant,0.429,21,9,12,1
581,room_service,0.857,7,6,1,1
581,lounge,0.0,3,0,3,1
581,staff,0.797,187,149,38,0
581,cleanliness,0.676,37,25,12,0
581,location,0.955,156,149,7,0
581,room_comfort,0.613,199,122,77,0
581,value,0.364,44,16,28,0
581,noise,0.714,21,15,6,0
581,breakfast,0.609,69,42,27,0
582,wifi,0.468,47,22,25,1
582,pool,0.395,43,17,26,1
582,gym,0.071,14,1,13,1
582,sauna,0.6,10,6,4,1
582,restaurant,0.542,24,13,11,1
582,room_service,0.25,4,1,3,1
582,lounge,1.0,2,2,0,1
582,event_space,0.75,4,3,1,1
582,staff,0.786,173,136,37,0
582,cleanliness,0.824,108,89,19,0
582,location,0.698,179,125,54,0
582,room_comfort,0.684,285,195,90,0
582,value,0.51,96,49,47,0
582,noise,0.51,51,26,25,0
582,breakfast,0.731,130,95,35,0
583,wifi,1.0,1,1,0,1
583,restaurant,0.5,2,1,1,1
583,lounge,1.0,1,1,0,1
583,staff,1.0,27,27,0,0
583,cleanliness,1.0,12,12,0,0
583,location,1.0,17,17,0,0
583,room_comfort,0.778,27,21,6,0
583,value,0.0,2,0,2,0
583,noise,1.0,3,3,0,0
583,breakfast,0.5,6,3,3,0
584,wifi,0.364,11,4,7,1
584,pool,0.0,2,0,2,1
584,gym,0.0,1,0,1,1
584,sauna,0.0,1,0,1,1
584,restaurant,0.524,21,11,10,1
584,room_service,0.0,4,0,4,1
584,lounge,1.0,3,3,0,1
584,staff,0.654,81,53,28,0
584,cleanliness,0.917,48,44,4,0
584,location,0.935,107,100,7,0
584,room_comfort,0.57,121,69,52,0
584,value,0.333,24,8,16,0
584,noise,0.296,27,8,19,0
584,breakfast,0.759,29,22,7,0
585,wifi,1.0,1,1,0,1
585,restaurant,1.0,2,2,0,1
585,room_service,0.0,1,0,1,1
585,staff,0.818,33,27,6,0
585,cleanliness,0.923,13,12,1,0
585,location,0.97,33,32,1,0
585,room_comfort,0.553,47,26,21,0
585,value,0.5,6,3,3,0
585,noise,0.333,6,2,4,0
585,breakfast,0.333,12,4,8,0
586,wifi,0.571,7,4,3,1
586,restaurant,0.667,3,2,1,1
586,lounge,1.0,1,1,0,1
586,event_space,1.0,1,1,0,1
586,staff,0.739,23,17,6,0
586,cleanliness,0.714,14,10,4,0
586,location,0.956,45,43,2,0
586,room_comfort,0.488,41,20,21,0
586,value,0.5,4,2,2,0
586,noise,0.125,8,1,7,0
586,breakfast,0.567,30,17,13,0
587,wifi,0.077,13,1,12,1
587,pool,0.0,1,0,1,1
587,gym,0.0,1,0,1,1
587,sauna,1.0,1,1,0,1
587,restaurant,0.583,12,7,5,1
587,room_service,0.333,9,3,6,1
587,staff,0.796,98,78,20,0
587,cleanliness,0.857,21,18,3,0
587,location,0.986,139,137,2,0
587,room_comfort,0.411,112,46,66,0
587,value,0.261,23,6,17,0
587,noise,0.571,7,4,3,0
587,breakfast,0.32,25,8,17,0
588,wifi,0.75,4,3,1,1
588,restaurant,0.833,6,5,1,1
588,room_service,0.0,2,0,2,1
588,event_space,1.0,1,1,0,1
588,staff,0.889,18,16,2,0
588,cleanliness,1.0,14,14,0,0
588,location,0.972,36,35,1,0
588,room_comfort,0.5,42,21,21,0
588,value,0.4,5,2,3,0
588,noise,0.556,9,5,4,0
588,breakfast,0.72,25,18,7,0
589,wifi,0.857,35,30,5,1
589,gym,0.133,15,2,13,1
589,sauna,1.0,2,2,0,1
589,restaurant,0.817,60,49,11,1
589,room_service,0.0,3,0,3,1
589,lounge,0.0,2,0,2,1
589,staff,0.765,557,426,131,0
589,cleanliness,0.776,223,173,50,0
589,location,0.906,458,415,43,0
589,room_comfort,0.358,892,319,573,0
589,value,0.4,130,52,78,0
589,noise,0.413,167,69,98,0
589,breakfast,0.458,168,77,91,0
590,wifi,0.5,18,9,9,1
590,sauna,0.0,1,0,1,1
590,restaurant,0.789,19,15,4,1
590,room_service,0.857,7,6,1,1
590,lounge,0.909,11,10,1,1
590,staff,0.77,200,154,46,0
590,cleanliness,0.824,85,70,15,0
590,location,0.981,261,256,5,0
590,room_comfort,0.456,408,186,222,0
590,value,0.317,104,33,71,0
590,noise,0.753,77,58,19,0
590,breakfast,0.23,100,23,77,0
591,wifi,0.167,6,1,5,1
591,pool,0.857,14,12,2,1
591,gym,0.8,10,8,2,1
591,sauna,0.821,28,23,5,1
591,restaurant,0.714,35,25,10,1
591,room_service,0.429,7,3,4,1
591,lounge,0.0,2,0,2,1
591,staff,0.827,150,124,26,0
591,cleanliness,0.973,37,36,1,0
591,location,0.811,95,77,18,0
591,room_comfort,0.741,135,100,35,0
591,value,0.36,25,9,16,0
591,noise,0.615,13,8,5,0
591,breakfast,0.793,87,69,18,0
592,wifi,0.667,6,4,2,1
592,gym,0.5,4,2,2,1
592,sauna,1.0,6,6,0,1
592,restaurant,1.0,12,12,0,1
592,room_service,1.0,1,1,0,1
592,lounge,0.5,2,1,1,1
592,staff,0.925,67,62,5,0
592,cleanliness,0.941,17,16,1,0
592,location,0.974,77,75,2,0
592,room_comfort,0.815,81,66,15,0
592,value,0.615,13,8,5,0
592,noise,0.895,19,17,2,0
592,breakfast,0.759,29,22,7,0
593,wifi,0.182,11,2,9,1
593,pool,0.0,2,0,2,1
593,gym,0.667,3,2,1,1
593,sauna,0.581,31,18,13,1
593,restaurant,0.385,13,5,8,1
593,room_service,0.0,4,0,4,1
593,lounge,1.0,2,2,0,1
593,staff,0.764,55,42,13,0
593,cleanliness,0.762,42,32,10,0
593,location,0.831,83,69,14,0
593,room_comfort,0.662,133,88,45,0
593,value,0.489,45,22,23,0
593,noise,0.857,7,6,1,0
593,breakfast,0.653,75,49,26,0
594,wifi,0.5,2,1,1,1
594,pool,0.0,1,0,1,1
594,gym,0.0,3,0,3,1
594,sauna,0.333,3,1,2,1
594,restaurant,0.3,10,3,7,1
594,room_service,0.0,3,0,3,1
594,lounge,1.0,2,2,0,1
594,staff,0.947,38,36,2,0
594,cleanliness,0.923,13,12,1,0
594,location,0.881,42,37,5,0
594,room_comfort,0.739,46,34,12,0
594,value,0.0,7,0,7,0
594,noise,0.895,19,17,2,0
594,breakfast,0.56,25,14,11,0
595,wifi,0.5,18,9,9,1
595,gym,0.4,5,2,3,1
595,restaurant,0.25,4,1,3,1
595,lounge,0.75,4,3,1,1
595,event_space,1.0,3,3,0,1
595,staff,0.932,146,136,10,0
595,cleanliness,0.959,49,47,2,0
595,location,0.854,103,88,15,0
595,room_comfort,0.807,161,130,31,0
595,value,0.579,19,11,8,0
595,noise,0.839,31,26,5,0
595,breakfast,0.857,105,90,15,0
596,wifi,0.125,8,1,7,1
596,restaurant,1.0,3,3,0,1
596,lounge,1.0,2,2,0,1
596,staff,0.87,46,40,6,0
596,cleanliness,0.611,18,11,7,0
596,location,0.879,33,29,4,0
596,room_comfort,0.441,59,26,33,0
596,value,0.5,10,5,5,0
596,noise,0.5,8,4,4,0
596,breakfast,0.857,28,24,4,0
597,wifi,0.737,19,14,5,1
597,pool,0.0,3,0,3,1
597,gym,0.0,4,0,4,1
597,sauna,1.0,1,1,0,1
597,restaurant,0.603,63,38,25,1
597,room_service,0.5,4,2,2,1
597,lounge,0.333,3,1,2,1
597,event_space,0.5,2,1,1,1
597,staff,0.849,199,169,30,0
597,cleanliness,0.87,77,67,10,0
597,location,0.975,241,235,6,0
597,room_comfort,0.736,284,209,75,0
597,value,0.366,71,26,45,0
597,noise,0.683,41,28,13,0
597,breakfast,0.631,103,65,38,0
598,wifi,0.727,11,8,3,1
598,restaurant,0.0,1,0,1,1
598,staff,0.945,73,69,4,0
598,cleanliness,0.905,21,19,2,0
598,location,0.944,54,51,3,0
598,room_comfort,0.66,47,31,16,0
598,value,0.75,8,6,2,0
598,noise,0.5,6,3,3,0
598,breakfast,0.842,19,16,3,0
599,wifi,1.0,1,1,0,1
599,sauna,1.0,2,2,0,1
599,restaurant,0.5,4,2,2,1
599,event_space,1.0,1,1,0,1
599,staff,0.846,26,22,4,0
599,cleanliness,1.0,8,8,0,0
599,location,0.7,10,7,3,0
599,room_comfort,0.679,28,19,9,0
599,value,0.6,5,3,2,0
599,noise,0.667,3,2,1,0
599,breakfast,0.333,6,2,4,0
600,wifi,0.5,8,4,4,1
600,pool,0.643,28,18,10,1
600,gym,1.0,7,7,0,1
600,sauna,0.875,48,42,6,1
600,restaurant,0.793,29,23,6,1
600,room_service,0.667,3,2,1,1
600,lounge,1.0,1,1,0,1
600,staff,0.908,153,139,14,0
600,cleanliness,0.969,32,31,1,0
600,location,0.96,101,97,4,0
600,room_comfort,0.778,117,91,26,0
600,value,0.286,21,6,15,0
600,noise,0.4,15,6,9,0
600,breakfast,0.861,108,93,15,0
601,wifi,0.8,5,4,1,1
601,pool,0.143,7,1,6,1
601,gym,0.333,3,1,2,1
601,sauna,0.25,8,2,6,1
601,restaurant,0.604,48,29,19,1
601,room_service,0.833,6,5,1,1
601,lounge,0.0,1,0,1,1
601,event_space,1.0,1,1,0,1
601,staff,0.884,199,176,23,0
601,cleanliness,0.8,25,20,5,0
601,location,0.837,92,77,15,0
601,room_comfort,0.667,195,130,65,0
601,value,0.289,38,11,27,0
601,noise,0.6,20,12,8,0
601,breakfast,0.429,84,36,48,0
602,wifi,0.278,18,5,13,1
602,sauna,0.0,1,0,1,1
602,restaurant,0.784,37,29,8,1
602,room_service,0.6,5,3,2,1
602,event_space,0.0,2,0,2,1
602,staff,0.816,217,177,40,0
602,cleanliness,0.468,79,37,42,0
602,location,0.935,324,303,21,0
602,room_comfort,0.39,333,130,203,0
602,value,0.257,70,18,52,0
602,noise,0.168,125,21,104,0
602,breakfast,0.75,100,75,25,0
603,wifi,0.571,7,4,3,1
603,sauna,0.0,1,0,1,1
603,restaurant,1.0,3,3,0,1
603,staff,0.88,25,22,3,0
603,cleanliness,0.875,16,14,2,0
603,location,0.826,23,19,4,0
603,room_comfort,0.538,39,21,18,0
603,value,0.538,13,7,6,0
603,noise,0.875,8,7,1,0
603,breakfast,0.438,16,7,9,0
604,wifi,0.429,7,3,4,1
604,restaurant,1.0,2,2,0,1
604,room_service,1.0,1,1,0,1
604,lounge,0.0,1,0,1,1
604,staff,0.792,24,19,5,0
604,cleanliness,0.8,15,12,3,0
604,location,0.915,47,43,4,0
604,room_comfort,0.377,61,23,38,0
604,value,0.231,13,3,10,0
604,noise,0.167,6,1,5,0
604,breakfast,0.667,18,12,6,0
605,wifi,0.0,1,0,1,1
605,staff,1.0,5,5,0,0
605,cleanliness,1.0,1,1,0,0
605,location,0.833,6,5,1,0
605,room_comfort,0.75,4,3,1,0
605,value,1.0,2,2,0,0
605,noise,0.0,1,0,1,0
605,breakfast,0.5,4,2,2,0
606,wifi,0.595,37,22,15,1
606,gym,0.0,1,0,1,1
606,restaurant,0.728,103,75,28,1
606,room_service,0.2,5,1,4,1
606,lounge,0.5,4,2,2,1
606,event_space,1.0,1,1,0,1
606,staff,0.874,420,367,53,0
606,cleanliness,0.85,120,102,18,0
606,location,0.949,470,446,24,0
606,room_comfort,0.7,553,387,166,0
606,value,0.531,96,51,45,0
606,noise,0.403,134,54,80,0
606,breakfast,0.718,131,94,37,0
607,wifi,0.75,44,33,11,1
607,pool,0.0,2,0,2,1
607,gym,0.0,3,0,3,1
607,sauna,0.0,2,0,2,1
607,restaurant,0.795,44,35,9,1
607,room_service,0.0,5,0,5,1
607,lounge,0.778,9,7,2,1
607,staff,0.841,328,276,52,0
607,cleanliness,0.82,167,137,30,0
607,location,0.952,582,554,28,0
607,room_comfort,0.511,530,271,259,0
607,value,0.181,149,27,122,0
607,noise,0.48,75,36,39,0
607,breakfast,0.618,165,102,63,0
608,wifi,0.583,24,14,10,1
608,gym,0.0,1,0,1,1
608,restaurant,0.667,36,24,12,1
608,room_service,0.154,13,2,11,1
608,lounge,0.333,6,2,4,1
608,event_space,0.0,2,0,2,1
608,staff,0.804,443,356,87,0
608,cleanliness,0.937,175,164,11,0
608,location,0.934,425,397,28,0
608,room_comfort,0.598,646,386,260,0
608,value,0.423,97,41,56,0
608,noise,0.772,193,149,44,0
608,breakfast,0.774,424,328,96,0
609,wifi,0.857,7,6,1,1
609,restaurant,0.739,23,17,6,1
609,staff,0.854,48,41,7,0
609,cleanliness,1.0,30,30,0,0
609,location,0.847,59,50,9,0
609,room_comfort,0.627,75,47,28,0
609,value,0.889,9,8,1,0
609,noise,0.222,9,2,7,0
609,breakfast,0.907,75,68,7,0
610,wifi,0.0,4,0,4,1
610,sauna,1.0,1,1,0,1
610,restaurant,0.0,1,0,1,1
610,staff,0.833,30,25,5,0
610,cleanliness,0.75,12,9,3,0
610,location,0.781,32,25,7,0
610,room_comfort,0.479,48,23,25,0
610,value,0.529,17,9,8,0
610,noise,0.714,14,10,4,0
610,breakfast,0.607,28,17,11,0
611,wifi,0.5,4,2,2,1
611,restaurant,0.8,15,12,3,1
611,room_service,0.0,1,0,1,1
611,lounge,0.0,1,0,1,1
611,staff,0.813,75,61,14,0
611,cleanliness,0.763,38,29,9,0
611,location,0.918,85,78,7,0
611,room_comfort,0.301,143,43,100,0
611,value,0.238,21,5,16,0
611,noise,0.286,14,4,10,0
611,breakfast,0.65,20,13,7,0
612,wifi,0.488,41,20,21,1
612,pool,0.583,163,95,68,1
612,gym,0.714,7,5,2,1
612,sauna,0.537,54,29,25,1
612,restaurant,0.732,71,52,19,1
612,room_service,0.4,15,6,9,1
612,lounge,0.4,5,2,3,1
612,event_space,0.667,3,2,1,1
612,staff,0.823,462,380,82,0
612,cleanliness,0.791,172,136,36,0
612,location,0.957,626,599,27,0
612,room_comfort,0.628,623,391,232,0
612,value,0.294,153,45,108,0
612,noise,0.448,116,52,64,0
612,breakfast,0.581,253,147,106,0
613,wifi,0.593,54,32,22,1
613,gym,0.0,1,0,1,1
613,restaurant,0.475,40,19,21,1
613,room_service,0.125,8,1,7,1
613,event_space,0.5,2,1,1,1
613,staff,0.662,343,227,116,0
613,cleanliness,0.8,255,204,51,0
613,location,0.915,435,398,37,0
613,room_comfort,0.507,781,396,385,0
613,value,0.447,114,51,63,0
613,noise,0.46,126,58,68,0
613,breakfast,0.294,194,57,137,0
614,wifi,0.778,9,7,2,1
614,gym,0.0,2,0,2,1
614,sauna,1.0,1,1,0,1
614,restaurant,0.917,12,11,1,1
614,room_service,0.667,3,2,1,1
614,lounge,1.0,2,2,0,1
614,staff,0.97,169,164,5,0
614,cleanliness,0.829,35,29,6,0
614,location,0.973,150,146,4,0
614,room_comfort,0.723,137,99,38,0
614,value,0.48,25,12,13,0
614,noise,0.538,26,14,12,0
614,breakfast,0.983,119,117,2,0
615,wifi,0.143,7,1,6,1
615,pool,0.0,1,0,1,1
615,restaurant,0.75,4,3,1,1
615,room_service,0.0,1,0,1,1
615,lounge,0.0,1,0,1,1
615,staff,0.871,31,27,4,0
615,cleanliness,0.833,12,10,2,0
615,location,0.844,32,27,5,0
615,room_comfort,0.372,43,16,27,0
615,value,0.222,9,2,7,0
615,noise,0.4,5,2,3,0
615,breakfast,0.308,13,4,9,0
616,wifi,0.8,5,4,1,1
616,pool,0.8,10,8,2,1
616,restaurant,1.0,6,6,0,1
616,staff,0.9,60,54,6,0
616,cleanliness,0.826,23,19,4,0
616,location,1.0,60,60,0,0
616,room_comfort,0.692,52,36,16,0
616,value,0.167,12,2,10,0
616,noise,0.6,15,9,6,0
616,breakfast,0.731,26,19,7,0
617,wifi,0.667,6,4,2,1
617,restaurant,0.875,8,7,1,1
617,room_service,0.25,4,1,3,1
617,lounge,0.5,2,1,1,1
617,staff,0.939,147,138,9,0
617,cleanliness,0.912,57,52,5,0
617,location,0.969,131,127,4,0
617,room_comfort,0.551,214,118,96,0
617,value,0.333,45,15,30,0
617,noise,0.396,48,19,29,0
617,breakfast,0.587,63,37,26,0
618,wifi,0.579,19,11,8,1
618,gym,0.0,1,0,1,1
618,sauna,0.0,1,0,1,1
618,restaurant,0.591,22,13,9,1
618,room_service,0.0,1,0,1,1
618,lounge,0.0,1,0,1,1
618,event_space,1.0,1,1,0,1
618,staff,0.917,180,165,15,0
618,cleanliness,0.8,50,40,10,0
618,location,0.962,286,275,11,0
618,room_comfort,0.46,274,126,148,0
618,value,0.462,39,18,21,0
618,noise,0.34,53,18,35,0
618,breakfast,0.762,105,80,25,0
619,wifi,0.125,8,1,7,1
619,gym,0.75,4,3,1,1
619,restaurant,0.81,21,17,4,1
619,room_service,0.0,1,0,1,1
619,lounge,0.8,10,8,2,1
619,staff,0.927,123,114,9,0
619,cleanliness,0.971,70,68,2,0
619,location,0.79,62,49,13,0
619,room_comfort,0.746,122,91,31,0
619,value,0.909,11,10,1,0
619,noise,0.938,32,30,2,0
619,breakfast,0.904,136,123,13,0
620,wifi,0.571,7,4,3,1
620,restaurant,0.8,5,4,1,1
620,room_service,1.0,1,1,0,1
620,staff,0.861,36,31,5,0
620,cleanliness,0.818,22,18,4,0
620,location,0.982,57,56,1,0
620,room_comfort,0.373,75,28,47,0
620,value,0.25,8,2,6,0
620,noise,0.429,7,3,4,0
620,breakfast,0.522,23,12,11,0
621,wifi,0.176,17,3,14,1
621,pool,0.393,28,11,17,1
621,gym,0.538,13,7,6,1
621,sauna,0.464,28,13,15,1
621,restaurant,0.438,32,14,18,1
621,room_service,0.429,14,6,8,1
621,lounge,0.333,3,1,2,1
621,event_space,0.0,2,0,2,1
621,staff,0.675,231,156,75,0
621,cleanliness,0.439,66,29,37,0
621,location,0.966,296,286,10,0
621,room_comfort,0.478,316,151,165,0
621,value,0.243,74,18,56,0
621,noise,0.333,33,11,22,0
621,breakfast,0.605,129,78,51,0
622,wifi,0.292,48,14,34,1
622,pool,0.0,9,0,9,1
622,gym,0.0,12,0,12,1
622,sauna,0.0,2,0,2,1
622,restaurant,0.697,33,23,10,1
622,room_service,0.0,8,0,8,1
622,lounge,0.889,9,8,1,1
622,event_space,0.0,1,0,1,1
622,staff,0.806,372,300,72,0
622,cleanliness,0.75,112,84,28,0
622,location,0.967,452,437,15,0
622,room_comfort,0.541,436,236,200,0
622,value,0.3,80,24,56,0
622,noise,0.438,48,21,27,0
622,breakfast,0.611,226,138,88,0
623,restaurant,1.0,1,1,0,1
623,staff,1.0,11,11,0,0
623,cleanliness,1.0,1,1,0,0
623,location,0.8,10,8,2,0
623,room_comfort,0.812,16,13,3,0
623,value,0.143,7,1,6,0
623,noise,0.333,3,1,2,0
623,breakfast,0.333,6,2,4,0
624,wifi,0.069,29,2,27,1
624,pool,0.667,15,10,5,1
624,gym,0.667,6,4,2,1
624,sauna,0.4,10,4,6,1
624,restaurant,0.68,50,34,16,1
624,room_service,0.727,11,8,3,1
624,lounge,0.5,2,1,1,1
624,event_space,1.0,1,1,0,1
624,staff,0.879,305,268,37,0
624,cleanliness,0.789,19,15,4,0
624,location,0.933,75,70,5,0
624,room_comfort,0.57,270,154,116,0
624,value,0.188,80,15,65,0
624,noise,0.25,24,6,18,0
624,breakfast,0.602,123,74,49,0
625,wifi,0.133,15,2,13,1
625,restaurant,0.462,13,6,7,1
625,room_service,1.0,1,1,0,1
625,lounge,0.667,3,2,1,1
625,staff,0.912,91,83,8,0
625,cleanliness,0.905,21,19,2,0
625,location,0.909,66,60,6,0
625,room_comfort,0.619,118,73,45,0
625,value,0.478,23,11,12,0
625,noise,0.655,29,19,10,0
625,breakfast,0.526,38,20,18,0
626,wifi,0.0,5,0,5,1
626,pool,0.0,4,0,4,1
626,gym,0.0,3,0,3,1
626,sauna,0.5,2,1,1,1
626,restaurant,0.676,34,23,11,1
626,room_service,0.583,12,7,5,1
626,staff,0.881,201,177,24,0
626,cleanliness,0.684,19,13,6,0
626,location,0.909,44,40,4,0
626,room_comfort,0.564,172,97,75,0
626,value,0.231,26,6,20,0
626,noise,0.308,13,4,9,0
626,breakfast,0.677,93,63,30,0
627,wifi,0.519,27,14,13,1
627,pool,0.1,10,1,9,1
627,gym,0.667,15,10,5,1
627,sauna,0.0,2,0,2,1
627,restaurant,0.578,116,67,49,1
627,room_service,0.647,51,33,18,1
627,lounge,0.625,8,5,3,1
627,event_space,1.0,9,9,0,1
627,staff,0.787,681,536,145,0
627,cleanliness,0.909,252,229,23,0
627,location,0.79,400,316,84,0
627,room_comfort,0.61,954,582,372,0
627,value,0.374,214,80,134,0
627,noise,0.429,140,60,80,0
627,breakfast,0.705,509,359,150,0
628,wifi,0.75,16,12,4,1
628,pool,0.0,2,0,2,1
628,gym,0.0,3,0,3,1
628,restaurant,0.556,45,25,20,1
628,room_service,0.182,11,2,9,1
628,lounge,0.0,4,0,4,1
628,event_space,1.0,2,2,0,1
628,staff,0.863,291,251,40,0
628,cleanliness,0.681,72,49,23,0
628,location,0.96,321,308,13,0
628,room_comfort,0.313,485,152,333,0
628,value,0.294,68,20,48,0
628,noise,0.391,64,25,39,0
628,breakfast,0.713,195,139,56,0
629,wifi,1.0,1,1,0,1
629,gym,1.0,1,1,0,1
629,sauna,0.0,1,0,1,1
629,restaurant,0.833,6,5,1,1
629,lounge,1.0,1,1,0,1
629,staff,0.854,41,35,6,0
629,cleanliness,1.0,4,4,0,0
629,location,0.976,42,41,1,0
629,room_comfort,0.471,34,16,18,0
629,value,0.0,3,0,3,0
629,noise,0.3,10,3,7,0
629,breakfast,0.4,20,8,12,0
630,wifi,0.368,19,7,12,1
630,pool,0.623,53,33,20,1
630,sauna,0.0,1,0,1,1
630,restaurant,0.76,75,57,18,1
630,room_service,0.0,2,0,2,1
630,lounge,1.0,3,3,0,1
630,event_space,0.0,1,0,1,1
630,staff,0.86,344,296,48,0
630,cleanliness,0.768,112,86,26,0
630,location,0.947,394,373,21,0
630,room_comfort,0.499,429,214,215,0
630,value,0.31,71,22,49,0
630,noise,0.425,106,45,61,0
630,breakfast,0.69,129,89,40,0
631,wifi,0.5,38,19,19,1
631,pool,0.0,1,0,1,1
631,gym,0.5,24,12,12,1
631,sauna,0.786,42,33,9,1
631,restaurant,0.816,114,93,21,1
631,room_service,0.0,7,0,7,1
631,lounge,1.0,3,3,0,1
631,staff,0.837,301,252,49,0
631,cleanliness,0.689,61,42,19,0
631,location,0.972,283,275,8,0
631,room_comfort,0.515,425,219,206,0
631,value,0.326,95,31,64,0
631,noise,0.311,45,14,31,0
631,breakfast,0.675,231,156,75,0
632,wifi,0.875,8,7,1,1
632,gym,0.333,6,2,4,1
632,restaurant,1.0,14,14,0,1
632,room_service,0.0,1,0,1,1
632,lounge,1.0,7,7,0,1
632,event_space,1.0,1,1,0,1
632,staff,0.891,92,82,10,0
632,cleanliness,0.906,53,48,5,0
632,location,0.92,75,69,6,0
632,room_comfort,0.546,174,95,79,0
632,value,0.588,17,10,7,0
632,noise,0.6,20,12,8,0
632,breakfast,0.892,37,33,4,0
633,wifi,0.333,18,6,12,1
633,pool,0.0,2,0,2,1
633,gym,0.0,1,0,1,1
633,restaurant,0.455,11,5,6,1
633,room_service,0.2,5,1,4,1
633,staff,0.92,113,104,9,0
633,cleanliness,0.852,54,46,8,0
633,location,0.936,125,117,8,0
633,room_comfort,0.56,168,94,74,0
633,value,0.393,28,11,17,0
633,noise,0.259,27,7,20,0
633,breakfast,0.493,71,35,36,0
634,wifi,0.464,28,13,15,1
634,pool,0.705,112,79,33,1
634,gym,0.231,26,6,20,1
634,sauna,0.35,20,7,13,1
634,restaurant,0.619,21,13,8,1
634,room_service,0.0,3,0,3,1
634,lounge,0.5,2,1,1,1
634,event_space,0.0,1,0,1,1
634,staff,0.824,290,239,51,0
634,cleanliness,0.895,153,137,16,0
634,location,0.937,206,193,13,0
634,room_comfort,0.613,336,206,130,0
634,value,0.442,52,23,29,0
634,noise,0.659,44,29,15,0
634,breakfast,0.593,118,70,48,0
635,wifi,0.333,15,5,10,1
635,restaurant,1.0,7,7,0,1
635,room_service,0.25,4,1,3,1
635,lounge,1.0,1,1,0,1
635,staff,0.924,66,61,5,0
635,cleanliness,0.842,19,16,3,0
635,location,0.905,63,57,6,0
635,room_comfort,0.582,98,57,41,0
635,value,0.412,17,7,10,0
635,noise,0.571,21,12,9,0
635,breakfast,0.5,34,17,17,0
636,wifi,0.0,1,0,1,1
636,pool,0.6,5,3,2,1
636,gym,0.667,3,2,1,1
636,sauna,0.714,7,5,2,1
636,restaurant,0.667,18,12,6,1
636,room_service,1.0,3,3,0,1
636,lounge,0.5,4,2,2,1
636,staff,0.847,85,72,13,0
636,cleanliness,0.933,15,14,1,0
636,location,0.978,46,45,1,0
636,room_comfort,0.76,75,57,18,0
636,value,0.143,14,2,12,0
636,noise,1.0,9,9,0,0
636,breakfast,0.686,35,24,11,0
637,wifi,1.0,16,16,0,1
637,pool,0.674,43,29,14,1
637,gym,0.25,8,2,6,1
637,sauna,0.0,1,0,1,1
637,restaurant,0.769,26,20,6,1
637,room_service,0.333,3,1,2,1
637,lounge,0.667,12,8,4,1
637,event_space,1.0,1,1,0,1
637,staff,0.901,273,246,27,0
637,cleanliness,0.939,98,92,6,0
637,location,0.963,271,261,10,0
637,room_comfort,0.726,226,164,62,0
637,value,0.458,48,22,26,0
637,noise,0.644,45,29,16,0
637,breakfast,0.815,135,110,25,0
638,wifi,0.182,33,6,27,1
638,pool,0.0,2,0,2,1
638,gym,0.1,10,1,9,1
638,sauna,0.556,9,5,4,1
638,restaurant,0.833,18,15,3,1
638,room_service,0.4,5,2,3,1
638,lounge,1.0,2,2,0,1
638,staff,0.732,112,82,30,0
638,cleanliness,0.851,87,74,13,0
638,location,0.968,188,182,6,0
638,room_comfort,0.744,246,183,63,0
638,value,0.388,49,19,30,0
638,noise,0.593,27,16,11,0
638,breakfast,0.677,96,65,31,0
639,wifi,0.357,14,5,9,1
639,pool,0.321,56,18,38,1
639,gym,0.0,2,0,2,1
639,sauna,0.42,69,29,40,1
639,restaurant,0.571,42,24,18,1
639,room_service,0.429,7,3,4,1
639,lounge,0.0,1,0,1,1
639,event_space,0.0,1,0,1,1
639,staff,0.866,276,239,37,0
639,cleanliness,0.786,103,81,22,0
639,location,0.942,274,258,16,0
639,room_comfort,0.557,327,182,145,0
639,value,0.466,58,27,31,0
639,noise,0.211,76,16,60,0
639,breakfast,0.568,118,67,51,0
640,wifi,0.667,9,6,3,1
640,pool,0.674,95,64,31,1
640,gym,0.929,14,13,1,1
640,sauna,0.525,40,21,19,1
640,restaurant,0.472,36,17,19,1
640,room_service,0.0,9,0,9,1
640,staff,0.812,208,169,39,0
640,cleanliness,0.842,101,85,16,0
640,location,0.958,165,158,7,0
640,room_comfort,0.645,282,182,100,0
640,value,0.182,55,10,45,0
640,noise,0.733,30,22,8,0
640,breakfast,0.565,168,95,73,0
641,wifi,0.556,18,10,8,1
641,pool,0.696,79,55,24,1
641,gym,0.0,5,0,5,1
641,restaurant,0.873,55,48,7,1
641,room_service,0.0,2,0,2,1
641,lounge,1.0,1,1,0,1
641,staff,0.933,268,250,18,0
641,cleanliness,0.877,73,64,9,0
641,location,0.963,272,262,10,0
641,room_comfort,0.56,273,153,120,0
641,value,0.41,39,16,23,0
641,noise,0.774,53,41,12,0
641,breakfast,0.716,176,126,50,0
642,wifi,0.438,16,7,9,1
642,pool,0.167,6,1,5,1
642,gym,0.0,4,0,4,1
642,sauna,0.65,20,13,7,1
642,restaurant,0.826,23,19,4,1
642,room_service,0.333,9,3,6,1
642,lounge,0.333,3,1,2,1
642,staff,0.855,179,153,26,0
642,cleanliness,0.684,57,39,18,0
642,location,0.959,218,209,9,0
642,room_comfort,0.575,219,126,93,0
642,value,0.317,41,13,28,0
642,noise,0.52,25,13,12,0
642,breakfast,0.788,99,78,21,0
643,wifi,0.714,14,10,4,1
643,gym,0.75,4,3,1,1
643,restaurant,0.594,32,19,13,1
643,room_service,0.75,4,3,1,1
643,staff,0.788,146,115,31,0
643,cleanliness,0.9,60,54,6,0
643,location,0.964,168,162,6,0
643,room_comfort,0.546,240,131,109,0
643,value,0.308,26,8,18,0
643,noise,0.519,27,14,13,0
643,breakfast,0.68,75,51,24,0
644,wifi,0.222,9,2,7,1
644,gym,0.0,2,0,2,1
644,sauna,0.5,2,1,1,1
644,restaurant,0.667,6,4,2,1
644,staff,0.773,44,34,10,0
644,cleanliness,0.867,30,26,4,0
644,location,0.667,24,16,8,0
644,room_comfort,0.648,54,35,19,0
644,value,0.533,15,8,7,0
644,noise,0.167,6,1,5,0
644,breakfast,0.868,38,33,5,0
645,wifi,0.135,37,5,32,1
645,pool,0.682,44,30,14,1
645,gym,0.8,20,16,4,1
645,sauna,0.75,8,6,2,1
645,restaurant,0.6,35,21,14,1
645,room_service,0.2,5,1,4,1
645,lounge,0.733,30,22,8,1
645,staff,0.89,281,250,31,0
645,cleanliness,0.807,57,46,11,0
645,location,0.82,183,150,33,0
645,room_comfort,0.487,265,129,136,0
645,value,0.277,65,18,47,0
645,noise,0.261,23,6,17,0
645,breakfast,0.709,179,127,52,0
646,wifi,0.176,17,3,14,1
646,gym,0.0,1,0,1,1
646,restaurant,0.875,16,14,2,1
646,room_service,0.333,3,1,2,1
646,staff,0.822,90,74,16,0
646,cleanliness,0.812,32,26,6,0
646,location,0.941,119,112,7,0
646,room_comfort,0.463,162,75,87,0
646,value,0.429,28,12,16,0
646,noise,0.714,14,10,4,0
646,breakfast,0.553,38,21,17,0
647,wifi,0.129,70,9,61,1
647,pool,0.421,57,24,33,1
647,gym,0.75,12,9,3,1
647,sauna,0.407,27,11,16,1
647,restaurant,0.483,29,14,15,1
647,room_service,0.5,4,2,2,1
647,lounge,0.903,31,28,3,1
647,event_space,1.0,1,1,0,1
647,staff,0.689,122,84,38,0
647,cleanliness,0.588,51,30,21,0
647,location,0.841,88,74,14,0
647,room_comfort,0.545,213,116,97,0
647,value,0.293,58,17,41,0
647,noise,0.45,20,9,11,0
647,breakfast,0.701,117,82,35,0
648,wifi,0.667,6,4,2,1
648,pool,0.0,1,0,1,1
648,gym,0.8,5,4,1,1
648,restaurant,0.833,36,30,6,1
648,room_service,0.4,5,2,3,1
648,lounge,0.6,15,9,6,1
648,staff,0.797,153,122,31,0
648,cleanliness,0.877,57,50,7,0
648,location,0.946,167,158,9,0
648,room_comfort,0.624,205,128,77,0
648,value,0.487,39,19,20,0
648,noise,0.724,29,21,8,0
648,breakfast,0.687,115,79,36,0
649,wifi,0.2,15,3,12,1
649,pool,0.0,1,0,1,1
649,gym,0.25,4,1,3,1
649,sauna,0.0,2,0,2,1
649,restaurant,0.754,69,52,17,1
649,room_service,0.455,22,10,12,1
649,lounge,0.429,7,3,4,1
649,event_space,0.5,2,1,1,1
649,staff,0.799,234,187,47,0
649,cleanliness,0.795,44,35,9,0
649,location,0.902,173,156,17,0
649,room_comfort,0.561,358,201,157,0
649,value,0.227,75,17,58,0
649,noise,0.328,64,21,43,0
649,breakfast,0.556,90,50,40,0
650,wifi,0.514,37,19,18,1
650,gym,0.0,1,0,1,1
650,restaurant,0.8,55,44,11,1
650,room_service,0.0,5,0,5,1
650,lounge,1.0,2,2,0,1
650,staff,0.723,394,285,109,0
650,cleanliness,0.371,151,56,95,0
650,location,0.909,473,430,43,0
650,room_comfort,0.275,648,178,470,0
650,value,0.397,126,50,76,0
650,noise,0.354,96,34,62,0
650,breakfast,0.547,214,117,97,0
651,wifi,0.548,31,17,14,1
651,pool,0.696,148,103,45,1
651,gym,0.562,16,9,7,1
651,restaurant,0.74,96,71,25,1
651,room_service,0.25,4,1,3,1
651,lounge,0.8,5,4,1,1
651,event_space,0.0,1,0,1,1
651,staff,0.88,442,389,53,0
651,cleanliness,0.861,166,143,23,0
651,location,0.964,632,609,23,0
651,room_comfort,0.694,504,350,154,0
651,value,0.421,126,53,73,0
651,noise,0.581,117,68,49,0
651,breakfast,0.643,244,157,87,0
652,wifi,0.5,2,1,1,1
652,pool,1.0,1,1,0,1
652,restaurant,0.6,5,3,2,1
652,staff,0.907,43,39,4,0
652,cleanliness,0.75,12,9,3,0
652,location,0.92,25,23,2,0
652,room_comfort,0.583,60,35,25,0
652,value,0.5,6,3,3,0
652,noise,0.4,15,6,9,0
652,breakfast,0.795,39,31,8,0
653,wifi,0.5,8,4,4,1
653,restaurant,0.667,9,6,3,1
653,staff,1.0,63,63,0,0
653,cleanliness,1.0,17,17,0,0
653,location,0.97,66,64,2,0
653,room_comfort,0.635,74,47,27,0
653,value,0.167,6,1,5,0
653,noise,0.833,12,10,2,0
653,breakfast,0.545,22,12,10,0
654,wifi,0.692,13,9,4,1
654,gym,0.0,1,0,1,1
654,sauna,0.0,1,0,1,1
654,restaurant,0.75,36,27,9,1
654,room_service,0.0,3,0,3,1
654,lounge,0.333,6,2,4,1
654,event_space,1.0,1,1,0,1
654,staff,0.833,180,150,30,0
654,cleanliness,0.872,94,82,12,0
654,location,0.926,216,200,16,0
654,room_comfort,0.626,366,229,137,0
654,value,0.406,69,28,41,0
654,noise,0.794,131,104,27,0
654,breakfast,0.712,236,168,68,0
655,wifi,0.4,15,6,9,1
655,gym,0.692,13,9,4,1
655,sauna,1.0,5,5,0,1
655,restaurant,0.933,15,14,1,1
655,room_service,0.0,2,0,2,1
655,lounge,1.0,1,1,0,1
655,staff,0.721,147,106,41,0
655,cleanliness,0.413,109,45,64,0
655,location,0.984,193,190,3,0
655,room_comfort,0.482,247,119,128,0
655,value,0.372,43,16,27,0
655,noise,0.55,20,11,9,0
655,breakfast,0.409,44,18,26,0
656,wifi,1.0,1,1,0,1
656,pool,0.75,8,6,2,1
656,gym,1.0,1,1,0,1
656,restaurant,0.929,14,13,1,1
656,room_service,0.0,1,0,1,1
656,lounge,1.0,1,1,0,1
656,staff,0.942,52,49,3,0
656,cleanliness,1.0,3,3,0,0
656,location,0.867,30,26,4,0
656,room_comfort,0.565,62,35,27,0
656,value,0.286,7,2,5,0
656,noise,0.6,10,6,4,0
656,breakfast,0.812,16,13,3,0
657,wifi,0.609,23,14,9,1
657,pool,0.619,202,125,77,1
657,gym,0.308,13,4,9,1
657,sauna,0.443,70,31,39,1
657,restaurant,0.588,51,30,21,1
657,room_service,0.172,29,5,24,1
657,lounge,1.0,6,6,0,1
657,event_space,0.0,3,0,3,1
657,staff,0.728,478,348,130,0
657,cleanliness,0.741,143,106,37,0
657,location,0.964,504,486,18,0
657,room_comfort,0.63,581,366,215,0
657,value,0.22,132,29,103,0
657,noise,0.429,77,33,44,0
657,breakfast,0.59,200,118,82,0
658,wifi,0.286,7,2,5,1
658,restaurant,1.0,4,4,0,1
658,staff,0.857,14,12,2,0
658,cleanliness,0.6,15,9,6,0
658,location,0.765,17,13,4,0
658,room_comfort,0.542,24,13,11,0
658,value,0.571,7,4,3,0
658,noise,0.833,6,5,1,0
658,breakfast,0.6,10,6,4,0
659,wifi,0.556,27,15,12,1
659,pool,0.0,3,0,3,1
659,gym,0.714,7,5,2,1
659,sauna,0.0,2,0,2,1
659,restaurant,0.766,64,49,15,1
659,room_service,0.25,8,2,6,1
659,lounge,1.0,10,10,0,1
659,event_space,0.0,2,0,2,1
659,staff,0.77,304,234,70,0
659,cleanliness,0.706,102,72,30,0
659,location,0.951,347,330,17,0
659,room_comfort,0.549,534,293,241,0
659,value,0.133,105,14,91,0
659,noise,0.469,49,23,26,0
659,breakfast,0.594,138,82,56,0
660,wifi,0.8,5,4,1,1
660,restaurant,1.0,3,3,0,1
660,room_service,0.0,1,0,1,1
660,staff,0.735,34,25,9,0
660,cleanliness,0.846,13,11,2,0
660,location,0.93,57,53,4,0
660,room_comfort,0.621,58,36,22,0
660,value,0.333,3,1,2,0
660,noise,0.667,6,4,2,0
660,breakfast,0.4,5,2,3,0
661,wifi,0.455,44,20,24,1
661,gym,0.0,1,0,1,1
661,restaurant,0.591,22,13,9,1
661,room_service,0.0,3,0,3,1
661,lounge,1.0,1,1,0,1
661,event_space,1.0,1,1,0,1
661,staff,0.766,158,121,37,0
661,cleanliness,0.62,100,62,38,0
661,location,0.926,242,224,18,0
661,room_comfort,0.512,254,130,124,0
661,value,0.727,55,40,15,0
661,noise,0.769,39,30,9,0
661,breakfast,0.782,197,154,43,0
662,wifi,1.0,1,1,0,1
662,gym,0.0,1,0,1,1
662,sauna,0.0,1,0,1,1
662,restaurant,0.625,8,5,3,1
662,room_service,0.5,8,4,4,1
662,lounge,0.333,3,1,2,1
662,staff,0.871,62,54,8,0
662,cleanliness,0.75,4,3,1,0
662,location,0.975,40,39,1,0
662,room_comfort,0.628,86,54,32,0
662,value,0.25,20,5,15,0
662,noise,0.818,11,9,2,0
662,breakfast,0.348,23,8,15,0
663,wifi,0.0,3,0,3,1
663,pool,0.0,1,0,1,1
663,gym,0.0,1,0,1,1
663,restaurant,0.0,1,0,1,1
663,staff,0.4,5,2,3,0
663,cleanliness,1.0,5,5,0,0
663,location,1.0,7,7,0,0
663,room_comfort,0.417,12,5,7,0
663,value,0.5,2,1,1,0
663,noise,1.0,2,2,0,0
663,breakfast,0.778,9,7,2,0
664,wifi,0.385,39,15,24,1
664,gym,1.0,2,2,0,1
664,sauna,0.0,1,0,1,1
664,restaurant,0.612,49,30,19,1
664,room_service,0.438,16,7,9,1
664,lounge,1.0,1,1,0,1
664,event_space,1.0,2,2,0,1
664,staff,0.766,282,216,66,0
664,cleanliness,0.83,188,156,32,0
664,location,0.955,425,406,19,0
664,room_comfort,0.475,697,331,366,0
664,value,0.375,152,57,95,0
664,noise,0.443,115,51,64,0
664,breakfast,0.428,145,62,83,0
665,pool,0.5,2,1,1,1
665,gym,1.0,1,1,0,1
665,restaurant,0.444,9,4,5,1
665,room_service,0.5,2,1,1,1
665,lounge,1.0,1,1,0,1
665,event_space,1.0,1,1,0,1
665,staff,0.855,55,47,8,0
665,cleanliness,0.667,9,6,3,0
665,location,0.875,40,35,5,0
665,room_comfort,0.654,78,51,27,0
665,value,0.4,10,4,6,0
665,noise,0.3,10,3,7,0
665,breakfast,0.484,31,15,16,0
666,wifi,0.18,89,16,73,1
666,pool,0.0,2,0,2,1
666,gym,0.25,4,1,3,1
666,sauna,0.0,1,0,1,1
666,restaurant,0.789,76,60,16,1
666,room_service,0.2,10,2,8,1
666,lounge,0.333,6,2,4,1
666,event_space,0.667,3,2,1,1
666,staff,0.836,542,453,89,0
666,cleanliness,0.774,235,182,53,0
666,location,0.958,644,617,27,0
666,room_comfort,0.423,852,360,492,0
666,value,0.372,196,73,123,0
666,noise,0.479,140,67,73,0
666,breakfast,0.752,423,318,105,0
667,wifi,0.458,24,11,13,1
667,pool,0.286,14,4,10,1
667,gym,0.714,14,10,4,1
667,sauna,0.592,191,113,78,1
667,restaurant,0.564,55,31,24,1
667,room_service,0.561,41,23,18,1
667,lounge,1.0,5,5,0,1
667,event_space,0.5,2,1,1,1
667,staff,0.795,380,302,78,0
667,cleanliness,0.737,118,87,31,0
667,location,0.86,222,191,31,0
667,room_comfort,0.629,542,341,201,0
667,value,0.215,130,28,102,0
667,noise,0.474,78,37,41,0
667,breakfast,0.442,165,73,92,0
668,wifi,0.0,1,0,1,1
668,pool,0.8,5,4,1,1
668,sauna,1.0,2,2,0,1
668,restaurant,0.867,15,13,2,1
668,staff,0.905,42,38,4,0
668,cleanliness,0.5,4,2,2,0
668,location,1.0,21,21,0,0
668,room_comfort,0.511,45,23,22,0
668,value,0.167,6,1,5,0
668,noise,0.667,3,2,1,0
668,breakfast,0.565,23,13,10,0
669,wifi,0.5,2,1,1,1
669,restaurant,0.5,4,2,2,1
669,room_service,0.0,1,0,1,1
669,staff,0.818,11,9,2,0
669,cleanliness,0.714,7,5,2,0
669,location,0.926,27,25,2,0
669,room_comfort,0.344,32,11,21,0
669,value,0.333,3,1,2,0
669,noise,0.273,11,3,8,0
669,breakfast,0.25,4,1,3,0
670,wifi,0.889,9,8,1,1
670,pool,0.0,3,0,3,1
670,gym,0.2,10,2,8,1
670,sauna,0.0,1,0,1,1
670,restaurant,0.75,88,66,22,1
670,room_service,0.333,9,3,6,1
670,lounge,1.0,3,3,0,1
670,staff,0.905,221,200,21,0
670,cleanliness,0.839,56,47,9,0
670,location,0.719,135,97,38,0
670,room_comfort,0.758,219,166,53,0
670,value,0.585,41,24,17,0
670,noise,0.927,41,38,3,0
670,breakfast,0.891,274,244,30,0
671,wifi,0.381,42,16,26,1
671,pool,0.0,4,0,4,1
671,gym,0.889,9,8,1,1
671,sauna,1.0,1,1,0,1
671,restaurant,0.571,35,20,15,1
671,room_service,0.091,11,1,10,1
671,lounge,1.0,4,4,0,1
671,event_space,0.0,1,0,1,1
671,staff,0.621,298,185,113,0
671,cleanliness,0.887,151,134,17,0
671,location,0.825,217,179,38,0
671,room_comfort,0.589,477,281,196,0
671,value,0.369,103,38,65,0
671,noise,0.319,69,22,47,0
671,breakfast,0.682,211,144,67,0
672,wifi,0.802,126,101,25,1
672,pool,0.08,25,2,23,1
672,gym,0.048,21,1,20,1
672,sauna,0.0,4,0,4,1
672,restaurant,0.289,225,65,160,1
672,room_service,0.148,27,4,23,1
672,lounge,0.0,4,0,4,1
672,event_space,0.0,6,0,6,1
672,staff,0.59,652,385,267,0
672,cleanliness,0.753,454,342,112,0
672,location,0.552,774,427,347,0
672,room_comfort,0.664,1436,954,482,0
672,value,0.656,378,248,130,0
672,noise,0.293,198,58,140,0
672,breakfast,0.672,1126,757,369,0
673,wifi,0.5,4,2,2,1
673,restaurant,0.917,12,11,1,1
673,staff,0.917,60,55,5,0
673,cleanliness,0.789,19,15,4,0
673,location,0.96,50,48,2,0
673,room_comfort,0.724,76,55,21,0
673,value,0.368,19,7,12,0
673,noise,0.636,11,7,4,0
673,breakfast,0.68,25,17,8,0
674,wifi,0.667,3,2,1,1
674,sauna,1.0,1,1,0,1
674,restaurant,1.0,1,1,0,1
674,staff,0.875,16,14,2,0
674,cleanliness,1.0,13,13,0,0
674,location,0.895,19,17,2,0
674,room_comfort,0.636,22,14,8,0
674,value,0.857,7,6,1,0
674,noise,0.667,3,2,1,0
674,breakfast,0.857,7,6,1,0
675,wifi,0.6,10,6,4,1
675,pool,0.0,1,0,1,1
675,gym,0.2,5,1,4,1
675,sauna,1.0,1,1,0,1
675,restaurant,0.66,53,35,18,1
675,room_service,0.833,6,5,1,1
675,lounge,1.0,2,2,0,1
675,event_space,1.0,4,4,0,1
675,staff,0.89,337,300,37,0
675,cleanliness,0.825,63,52,11,0
675,location,0.952,231,220,11,0
675,room_comfort,0.549,348,191,157,0
675,value,0.219,73,16,57,0
675,noise,0.578,45,26,19,0
675,breakfast,0.533,105,56,49,0
676,wifi,0.0,1,0,1,1
676,pool,0.673,55,37,18,1
676,gym,0.833,6,5,1,1
676,sauna,0.714,21,15,6,1
676,restaurant,0.672,67,45,22,1
676,room_service,0.556,9,5,4,1
676,lounge,0.5,4,2,2,1
676,staff,0.606,109,66,43,0
676,cleanliness,0.733,15,11,4,0
676,location,0.786,28,22,6,0
676,room_comfort,0.613,163,100,63,0
676,value,0.294,34,10,24,0
676,noise,0.065,31,2,29,0
676,breakfast,0.611,54,33,21,0
677,wifi,0.609,46,28,18,1
677,pool,0.0,4,0,4,1
677,gym,0.758,33,25,8,1
677,sauna,0.65,20,13,7,1
677,restaurant,0.731,130,95,35,1
677,room_service,0.5,38,19,19,1
677,lounge,0.438,16,7,9,1
677,event_space,0.667,6,4,2,1
677,staff,0.739,609,450,159,0
677,cleanliness,0.685,279,191,88,0
677,location,0.952,746,710,36,0
677,room_comfort,0.622,1053,655,398,0
677,value,0.327,208,68,140,0
677,noise,0.374,171,64,107,0
677,breakfast,0.665,379,252,127,0
678,wifi,0.667,3,2,1,1
678,pool,1.0,1,1,0,1
678,gym,0.75,4,3,1,1
678,sauna,0.0,2,0,2,1
678,restaurant,0.515,33,17,16,1
678,room_service,0.364,11,4,7,1
678,lounge,0.0,1,0,1,1
678,staff,0.903,236,213,23,0
678,cleanliness,0.964,84,81,3,0
678,location,0.888,152,135,17,0
678,room_comfort,0.802,318,255,63,0
678,value,0.305,59,18,41,0
678,noise,0.701,77,54,23,0
678,breakfast,0.589,107,63,44,0
679,wifi,0.037,27,1,26,1
679,pool,1.0,3,3,0,1
679,gym,1.0,6,6,0,1
679,sauna,0.857,7,6,1,1
679,restaurant,0.867,15,13,2,1
679,lounge,1.0,2,2,0,1
679,staff,0.8,60,48,12,0
679,cleanliness,0.667,18,12,6,0
679,location,0.806,36,29,7,0
679,room_comfort,0.494,77,38,39,0
679,value,0.429,21,9,12,0
679,noise,0.444,9,4,5,0
679,breakfast,0.714,28,20,8,0
680,wifi,0.29,62,18,44,1
680,pool,0.0,8,0,8,1
680,gym,0.333,27,9,18,1
680,sauna,0.577,26,15,11,1
680,restaurant,0.623,61,38,23,1
680,room_service,0.353,17,6,11,1
680,lounge,0.75,36,27,9,1
680,event_space,0.714,7,5,2,1
680,staff,0.785,298,234,64,0
680,cleanliness,0.852,189,161,28,0
680,location,0.896,309,277,32,0
680,room_comfort,0.74,565,418,147,0
680,value,0.422,154,65,89,0
680,noise,0.871,62,54,8,0
680,breakfast,0.597,253,151,102,0
681,wifi,0.75,4,3,1,1
681,restaurant,0.75,8,6,2,1
681,staff,0.98,51,50,1,0
681,cleanliness,0.5,12,6,6,0
681,location,1.0,53,53,0,0
681,room_comfort,0.579,38,22,16,0
681,value,0.273,11,3,8,0
681,noise,0.857,7,6,1,0
681,breakfast,0.111,9,1,8,0
682,wifi,1.0,1,1,0,1
682,pool,0.8,10,8,2,1
682,gym,0.8,5,4,1,1
682,sauna,1.0,1,1,0,1
682,restaurant,0.667,9,6,3,1
682,room_service,1.0,1,1,0,1
682,lounge,0.0,1,0,1,1
682,staff,0.873,55,48,7,0
682,cleanliness,0.875,8,7,1,0
682,location,0.933,30,28,2,0
682,room_comfort,0.674,46,31,15,0
682,value,0.182,11,2,9,0
682,noise,0.273,11,3,8,0
682,breakfast,0.696,23,16,7,0
683,wifi,0.5,6,3,3,1
683,gym,0.0,2,0,2,1
683,restaurant,0.917,12,11,1,1
683,room_service,0.0,1,0,1,1
683,staff,0.785,79,62,17,0
683,cleanliness,1.0,28,28,0,0
683,location,0.957,94,90,4,0
683,room_comfort,0.76,100,76,24,0
683,value,0.444,9,4,5,0
683,noise,0.778,27,21,6,0
683,breakfast,0.703,64,45,19,0
684,wifi,0.088,114,10,104,1
684,pool,0.071,14,1,13,1
684,gym,0.556,9,5,4,1
684,sauna,0.0,3,0,3,1
684,restaurant,0.579,171,99,72,1
684,room_service,0.141,78,11,67,1
684,lounge,0.556,9,5,4,1
684,event_space,0.0,3,0,3,1
684,staff,0.679,959,651,308,0
684,cleanliness,0.713,307,219,88,0
684,location,0.757,622,471,151,0
684,room_comfort,0.507,1668,845,823,0
684,value,0.287,303,87,216,0
684,noise,0.362,163,59,104,0
684,breakfast,0.677,803,544,259,0
685,wifi,0.381,21,8,13,1
685,pool,0.0,1,0,1,1
685,gym,0.0,3,0,3,1
685,sauna,0.5,2,1,1,1
685,restaurant,0.762,21,16,5,1
685,room_service,0.091,11,1,10,1
685,lounge,0.333,3,1,2,1
685,staff,0.686,156,107,49,0
685,cleanliness,0.528,106,56,50,0
685,location,0.913,173,158,15,0
685,room_comfort,0.489,350,171,179,0
685,value,0.243,70,17,53,0
685,noise,0.455,44,20,24,0
685,breakfast,0.427,89,38,51,0
686,wifi,0.056,125,7,118,1
686,pool,0.552,29,16,13,1
686,gym,0.769,13,10,3,1
686,sauna,0.6,10,6,4,1
686,restaurant,0.549,51,28,23,1
686,room_service,0.0,7,0,7,1
686,lounge,0.875,16,14,2,1
686,staff,0.677,158,107,51,0
686,cleanliness,0.724,58,42,16,0
686,location,0.755,163,123,40,0
686,room_comfort,0.571,303,173,130,0
686,value,0.217,92,20,72,0
686,noise,0.406,32,13,19,0
686,breakfast,0.739,161,119,42,0
687,wifi,0.111,9,1,8,1
687,pool,0.0,1,0,1,1
687,restaurant,0.571,7,4,3,1
687,room_service,0.0,3,0,3,1
687,staff,0.696,56,39,17,0
687,cleanliness,0.69,29,20,9,0
687,location,1.0,66,66,0,0
687,room_comfort,0.429,105,45,60,0
687,value,0.35,20,7,13,0
687,noise,0.44,25,11,14,0
687,breakfast,0.467,30,14,16,0
688,wifi,0.667,12,8,4,1
688,sauna,0.5,2,1,1,1
688,restaurant,0.81,21,17,4,1
688,staff,0.835,97,81,16,0
688,cleanliness,0.861,79,68,11,0
688,location,0.939,131,123,8,0
688,room_comfort,0.444,180,80,100,0
688,value,0.625,32,20,12,0
688,noise,0.405,42,17,25,0
688,breakfast,0.671,70,47,23,0
689,wifi,0.833,6,5,1,1
689,sauna,0.882,17,15,2,1
689,restaurant,0.889,9,8,1,1
689,staff,0.988,86,85,1,0
689,cleanliness,0.842,19,16,3,0
689,location,0.986,70,69,1,0
689,room_comfort,0.75,72,54,18,0
689,value,0.467,15,7,8,0
689,noise,0.8,15,12,3,0
689,breakfast,0.828,64,53,11,0
690,wifi,0.0,26,0,26,1
690,gym,0.0,2,0,2,1
690,restaurant,0.789,19,15,4,1
690,room_service,0.0,1,0,1,1
690,staff,0.785,65,51,14,0
690,cleanliness,0.868,38,33,5,0
690,location,0.97,101,98,3,0
690,room_comfort,0.505,107,54,53,0
690,value,0.357,28,10,18,0
690,noise,0.407,27,11,16,0
690,breakfast,0.608,51,31,20,0
691,wifi,0.615,13,8,5,1
691,pool,0.338,68,23,45,1
691,gym,0.8,15,12,3,1
691,sauna,0.538,13,7,6,1
691,restaurant,0.714,28,20,8,1
691,room_service,0.5,2,1,1,1
691,lounge,0.571,7,4,3,1
691,staff,0.819,204,167,37,0
691,cleanliness,0.62,100,62,38,0
691,location,0.794,257,204,53,0
691,room_comfort,0.619,404,250,154,0
691,value,0.324,71,23,48,0
691,noise,0.135,52,7,45,0
691,breakfast,0.568,111,63,48,0
692,wifi,0.694,36,25,11,1
692,gym,0.2,5,1,4,1
692,restaurant,0.681,47,32,15,1
692,room_service,1.0,14,14,0,1
692,lounge,0.737,57,42,15,1
692,event_space,0.333,3,1,2,1
692,staff,0.897,517,464,53,0
692,cleanliness,0.867,120,104,16,0
692,location,0.948,421,399,22,0
692,room_comfort,0.687,517,355,162,0
692,value,0.473,93,44,49,0
692,noise,0.472,89,42,47,0
692,breakfast,0.651,192,125,67,0
693,wifi,0.111,9,1,8,1
693,pool,0.636,22,14,8,1
693,gym,0.667,9,6,3,1
693,sauna,0.286,7,2,5,1
693,restaurant,0.375,16,6,10,1
693,room_service,0.0,3,0,3,1
693,lounge,0.6,5,3,2,1
693,event_space,0.0,1,0,1,1
693,staff,0.604,96,58,38,0
693,cleanliness,0.37,27,10,17,0
693,location,0.941,136,128,8,0
693,room_comfort,0.388,178,69,109,0
693,value,0.085,47,4,43,0
693,noise,0.2,15,3,12,0
693,breakfast,0.434,53,23,30,0
694,wifi,0.625,16,10,6,1
694,pool,0.744,82,61,21,1
694,gym,0.0,1,0,1,1
694,sauna,0.0,3,0,3,1
694,restaurant,0.691,55,38,17,1
694,room_service,0.6,5,3,2,1
694,lounge,0.286,7,2,5,1
694,event_space,1.0,1,1,0,1
694,staff,0.881,285,251,34,0
694,cleanliness,0.922,115,106,9,0
694,location,0.969,326,316,10,0
694,room_comfort,0.68,269,183,86,0
694,value,0.377,69,26,43,0
694,noise,0.625,64,40,24,0
694,breakfast,0.66,150,99,51,0
695,wifi,0.75,4,3,1,1
695,pool,0.0,2,0,2,1
695,restaurant,0.684,19,13,6,1
695,room_service,0.333,3,1,2,1
695,event_space,1.0,1,1,0,1
695,staff,0.718,78,56,22,0
695,cleanliness,0.722,36,26,10,0
695,location,0.924,66,61,5,0
695,room_comfort,0.48,102,49,53,0
695,value,0.194,31,6,25,0
695,noise,0.438,16,7,9,0
695,breakfast,0.608,51,31,20,0
696,wifi,1.0,3,3,0,1
696,restaurant,0.333,3,1,2,1
696,lounge,1.0,1,1,0,1
696,staff,0.882,17,15,2,0
696,cleanliness,0.6,5,3,2,0
696,location,1.0,10,10,0,0
696,room_comfort,0.389,18,7,11,0
696,value,0.0,1,0,1,0
696,noise,0.0,3,0,3,0
696,breakfast,0.688,16,11,5,0
697,wifi,1.0,2,2,0,1
697,gym,0.0,2,0,2,1
697,sauna,0.333,3,1,2,1
697,restaurant,1.0,6,6,0,1
697,lounge,0.5,2,1,1,1
697,staff,0.938,64,60,4,0
697,cleanliness,0.917,12,11,1,0
697,location,0.962,53,51,2,0
697,room_comfort,0.677,62,42,20,0
697,value,0.333,3,1,2,0
697,noise,0.8,10,8,2,0
697,breakfast,0.952,63,60,3,0
698,wifi,0.63,27,17,10,1
698,pool,0.0,7,0,7,1
698,gym,0.6,10,6,4,1
698,sauna,0.0,3,0,3,1
698,restaurant,0.526,78,41,37,1
698,room_service,0.333,39,13,26,1
698,lounge,0.0,1,0,1,1
698,event_space,0.824,17,14,3,1
698,staff,0.82,478,392,86,0
698,cleanliness,0.894,357,319,38,0
698,location,0.948,591,560,31,0
698,room_comfort,0.689,837,577,260,0
698,value,0.373,233,87,146,0
698,noise,0.657,67,44,23,0
698,breakfast,0.51,367,187,180,0
699,wifi,1.0,1,1,0,1
699,restaurant,1.0,3,3,0,1
699,staff,0.923,26,24,2,0
699,cleanliness,0.9,10,9,1,0
699,location,0.92,25,23,2,0
699,room_comfort,0.667,27,18,9,0
699,value,0.333,3,1,2,0
699,noise,0.5,6,3,3,0
699,breakfast,0.737,19,14,5,0
700,wifi,0.143,21,3,18,1
700,pool,0.0,6,0,6,1
700,gym,0.5,2,1,1,1
700,sauna,0.0,1,0,1,1
700,restaurant,0.5,4,2,2,1
700,room_service,1.0,1,1,0,1
700,lounge,0.875,8,7,1,1
700,staff,0.862,65,56,9,0
700,cleanliness,0.429,14,6,8,0
700,location,0.941,68,64,4,0
700,room_comfort,0.405,74,30,44,0
700,value,0.188,16,3,13,0
700,noise,0.167,12,2,10,0
700,breakfast,0.676,34,23,11,0
701,wifi,0.375,8,3,5,1
701,restaurant,0.8,5,4,1,1
701,staff,0.729,48,35,13,0
701,cleanliness,0.438,16,7,9,0
701,location,0.809,47,38,9,0
701,room_comfort,0.347,49,17,32,0
701,value,0.556,9,5,4,0
701,noise,0.417,12,5,7,0
701,breakfast,0.667,6,4,2,0
702,wifi,0.667,3,2,1,1
702,pool,0.0,1,0,1,1
702,restaurant,0.75,8,6,2,1
702,room_service,0.0,1,0,1,1
702,lounge,1.0,5,5,0,1
702,staff,0.884,43,38,5,0
702,cleanliness,0.944,18,17,1,0
702,location,0.956,45,43,2,0
702,room_comfort,0.727,55,40,15,0
702,value,0.364,11,4,7,0
702,noise,0.462,13,6,7,0
702,breakfast,0.714,28,20,8,0
703,wifi,0.667,3,2,1,1
703,restaurant,0.0,3,0,3,1
703,staff,0.868,38,33,5,0
703,cleanliness,0.838,37,31,6,0
703,location,0.605,38,23,15,0
703,room_comfort,0.455,77,35,42,0
703,value,0.5,12,6,6,0
703,noise,0.75,4,3,1,0
703,breakfast,0.6,10,6,4,0
704,wifi,0.0,11,0,11,1
704,pool,0.333,3,1,2,1
704,gym,0.25,4,1,3,1
704,sauna,0.5,6,3,3,1
704,restaurant,0.8,5,4,1,1
704,room_service,0.0,1,0,1,1
704,staff,0.917,24,22,2,0
704,cleanliness,1.0,5,5,0,0
704,location,0.962,26,25,1,0
704,room_comfort,0.359,39,14,25,0
704,value,0.25,12,3,9,0
704,noise,0.5,2,1,1,0
704,breakfast,0.533,15,8,7,0
705,wifi,0.536,28,15,13,1
705,gym,0.0,1,0,1,1
705,restaurant,0.421,19,8,11,1
705,room_service,0.0,4,0,4,1
705,staff,0.74,146,108,38,0
705,cleanliness,0.813,91,74,17,0
705,location,0.81,168,136,32,0
705,room_comfort,0.544,217,118,99,0
705,value,0.298,47,14,33,0
705,noise,0.381,42,16,26,0
705,breakfast,0.696,115,80,35,0
706,wifi,0.684,19,13,6,1
706,pool,0.378,37,14,23,1
706,gym,0.167,6,1,5,1
706,sauna,0.0,1,0,1,1
706,restaurant,0.933,15,14,1,1
706,room_service,0.2,5,1,4,1
706,lounge,0.25,4,1,3,1
706,staff,0.909,187,170,17,0
706,cleanliness,0.854,48,41,7,0
706,location,0.981,161,158,3,0
706,room_comfort,0.591,208,123,85,0
706,value,0.5,22,11,11,0
706,noise,0.773,22,17,5,0
706,breakfast,0.818,99,81,18,0
707,wifi,0.0,1,0,1,1
707,gym,1.0,1,1,0,1
707,sauna,1.0,2,2,0,1
707,restaurant,0.5,12,6,6,1
707,room_service,0.0,2,0,2,1
707,staff,0.887,80,71,9,0
707,cleanliness,0.75,8,6,2,0
707,location,0.963,27,26,1,0
707,room_comfort,0.483,60,29,31,0
707,value,0.136,22,3,19,0
707,noise,0.5,2,1,1,0
707,breakfast,0.25,24,6,18,0
708,wifi,0.143,7,1,6,1
708,pool,0.0,1,0,1,1
708,restaurant,0.87,23,20,3,1
708,room_service,0.333,9,3,6,1
708,lounge,1.0,2,2,0,1
708,staff,0.795,117,93,24,0
708,cleanliness,0.653,49,32,17,0
708,location,0.951,205,195,10,0
708,room_comfort,0.487,199,97,102,0
708,value,0.333,30,10,20,0
708,noise,0.579,19,11,8,0
708,breakfast,0.493,75,37,38,0
709,wifi,0.5,2,1,1,1
709,pool,0.0,1,0,1,1
709,gym,0.25,4,1,3,1
709,sauna,0.0,2,0,2,1
709,restaurant,0.875,16,14,2,1
709,room_service,0.667,12,8,4,1
709,lounge,0.833,6,5,1,1
709,staff,0.887,142,126,16,0
709,cleanliness,0.931,29,27,2,0
709,location,0.933,89,83,6,0
709,room_comfort,0.525,141,74,67,0
709,value,0.286,21,6,15,0
709,noise,0.375,24,9,15,0
709,breakfast,0.523,44,23,21,0
710,wifi,0.643,14,9,5,1
710,pool,0.333,3,1,2,1
710,gym,0.429,14,6,8,1
710,sauna,0.286,7,2,5,1
710,restaurant,0.448,29,13,16,1
710,room_service,0.385,26,10,16,1
710,lounge,0.5,2,1,1,1
710,staff,0.629,186,117,69,0
710,cleanliness,0.778,108,84,24,0
710,location,0.899,148,133,15,0
710,room_comfort,0.624,372,232,140,0
710,value,0.388,67,26,41,0
710,noise,0.208,53,11,42,0
710,breakfast,0.612,134,82,52,0
711,wifi,0.474,19,9,10,1
711,gym,0.0,1,0,1,1
711,sauna,0.0,1,0,1,1
711,restaurant,1.0,5,5,0,1
711,room_service,0.0,1,0,1,1
711,lounge,0.0,1,0,1,1
711,staff,0.843,70,59,11,0
711,cleanliness,0.833,30,25,5,0
711,location,0.898,88,79,9,0
711,room_comfort,0.674,86,58,28,0
711,value,0.25,12,3,9,0
711,noise,0.417,12,5,7,0
711,breakfast,0.304,23,7,16,0
712,wifi,0.294,17,5,12,1
712,restaurant,0.375,8,3,5,1
712,room_service,0.333,3,1,2,1
712,staff,0.744,39,29,10,0
712,cleanliness,0.85,20,17,3,0
712,location,0.938,48,45,3,0
712,room_comfort,0.594,69,41,28,0
712,value,0.364,22,8,14,0
712,noise,0.818,11,9,2,0
712,breakfast,0.688,32,22,10,0
713,wifi,0.286,7,2,5,1
713,pool,0.0,2,0,2,1
713,gym,0.143,7,1,6,1
713,sauna,0.0,1,0,1,1
713,restaurant,0.812,16,13,3,1
713,room_service,0.167,6,1,5,1
713,staff,0.809,131,106,25,0
713,cleanliness,0.615,39,24,15,0
713,location,0.949,178,169,9,0
713,room_comfort,0.573,192,110,82,0
713,value,0.556,27,15,12,0
713,noise,0.364,22,8,14,0
713,breakfast,0.609,46,28,18,0
714,pool,0.615,13,8,5,1
714,gym,0.5,2,1,1,1
714,sauna,0.917,12,11,1,1
714,restaurant,0.625,8,5,3,1
714,room_service,0.0,2,0,2,1
714,staff,0.811,37,30,7,0
714,cleanliness,1.0,6,6,0,0
714,location,0.786,14,11,3,0
714,room_comfort,0.634,41,26,15,0
714,value,0.2,10,2,8,0
714,noise,1.0,7,7,0,0
714,breakfast,0.75,16,12,4,0
715,wifi,0.769,13,10,3,1
715,restaurant,0.4,5,2,3,1
715,event_space,1.0,3,3,0,1
715,staff,0.778,36,28,8,0
715,cleanliness,0.913,23,21,2,0
715,location,0.923,39,36,3,0
715,room_comfort,0.5,34,17,17,0
715,value,0.467,15,7,8,0
715,noise,0.25,8,2,6,0
715,breakfast,0.788,33,26,7,0
716,wifi,0.5,4,2,2,1
716,gym,0.0,1,0,1,1
716,restaurant,1.0,2,2,0,1
716,room_service,0.0,2,0,2,1
716,staff,0.909,55,50,5,0
716,cleanliness,0.632,19,12,7,0
716,location,0.973,75,73,2,0
716,room_comfort,0.506,77,39,38,0
716,value,0.5,18,9,9,0
716,noise,0.4,5,2,3,0
716,breakfast,0.739,46,34,12,0
717,wifi,0.212,33,7,26,1
717,pool,0.533,75,40,35,1
717,gym,0.707,41,29,12,1
717,sauna,0.433,90,39,51,1
717,restaurant,0.625,40,25,15,1
717,room_service,0.0,5,0,5,1
717,lounge,0.667,3,2,1,1
717,event_space,0.5,2,1,1,1
717,staff,0.796,314,250,64,0
717,cleanliness,0.692,104,72,32,0
717,location,0.973,260,253,7,0
717,room_comfort,0.528,345,182,163,0
717,value,0.232,99,23,76,0
717,noise,0.326,46,15,31,0
717,breakfast,0.442,120,53,67,0
718,wifi,0.4,10,4,6,1
718,gym,0.25,4,1,3,1
718,sauna,0.0,1,0,1,1
718,restaurant,0.774,31,24,7,1
718,room_service,0.5,6,3,3,1
718,lounge,1.0,8,8,0,1
718,event_space,0.0,2,0,2,1
718,staff,0.807,207,167,40,0
718,cleanliness,0.795,78,62,16,0
718,location,0.922,180,166,14,0
718,room_comfort,0.59,307,181,126,0
718,value,0.358,53,19,34,0
718,noise,0.694,36,25,11,0
718,breakfast,0.547,128,70,58,0
719,wifi,0.692,26,18,8,1
719,pool,0.0,4,0,4,1
719,gym,0.0,16,0,16,1
719,sauna,0.125,16,2,14,1
719,restaurant,0.538,106,57,49,1
719,room_service,0.478,23,11,12,1
719,lounge,0.644,45,29,16,1
719,event_space,0.167,6,1,5,1
719,staff,0.826,823,680,143,0
719,cleanliness,0.799,134,107,27,0
719,location,0.845,401,339,62,0
719,room_comfort,0.59,1085,640,445,0
719,value,0.452,177,80,97,0
719,noise,0.439,157,69,88,0
719,breakfast,0.592,294,174,120,0
720,wifi,0.826,23,19,4,1
720,pool,1.0,1,1,0,1
720,gym,0.286,7,2,5,1
720,sauna,0.0,4,0,4,1
720,restaurant,0.55,40,22,18,1
720,room_service,0.438,16,7,9,1
720,lounge,0.4,5,2,3,1
720,staff,0.871,412,359,53,0
720,cleanliness,0.864,110,95,15,0
720,location,0.836,269,225,44,0
720,room_comfort,0.685,609,417,192,0
720,value,0.437,119,52,67,0
720,noise,0.443,79,35,44,0
720,breakfast,0.484,126,61,65,0
721,wifi,0.606,33,20,13,1
721,gym,0.0,1,0,1,1
721,sauna,0.167,6,1,5,1
721,restaurant,0.576,59,34,25,1
721,room_service,0.2,5,1,4,1
721,staff,0.593,396,235,161,0
721,cleanliness,0.633,207,131,76,0
721,location,0.883,300,265,35,0
721,room_comfort,0.368,739,272,467,0
721,value,0.553,123,68,55,0
721,noise,0.261,115,30,85,0
721,breakfast,0.506,263,133,130,0
722,wifi,0.0,2,0,2,1
722,restaurant,0.909,11,10,1,1
722,staff,0.909,22,20,2,0
722,cleanliness,1.0,1,1,0,0
722,location,1.0,23,23,0,0
722,room_comfort,0.75,24,18,6,0
722,value,0.333,3,1,2,0
722,noise,0.5,2,1,1,0
722,breakfast,1.0,11,11,0,0
723,wifi,0.688,32,22,10,1
723,pool,0.733,161,118,43,1
723,gym,0.867,30,26,4,1
723,sauna,0.508,118,60,58,1
723,restaurant,0.631,149,94,55,1
723,room_service,0.465,43,20,23,1
723,lounge,0.667,9,6,3,1
723,event_space,1.0,2,2,0,1
723,staff,0.837,674,564,110,0
723,cleanliness,0.898,343,308,35,0
723,location,0.673,352,237,115,0
723,room_comfort,0.73,953,696,257,0
723,value,0.372,250,93,157,0
723,noise,0.659,85,56,29,0
723,breakfast,0.702,429,301,128,0
724,wifi,0.333,24,8,16,1
724,pool,0.688,16,11,5,1
724,gym,0.167,6,1,5,1
724,sauna,0.444,9,4,5,1
724,restaurant,0.625,32,20,12,1
724,room_service,0.35,20,7,13,1
724,lounge,0.5,4,2,2,1
724,staff,0.79,442,349,93,0
724,cleanliness,0.654,104,68,36,0
724,location,0.953,317,302,15,0
724,room_comfort,0.487,641,312,329,0
724,value,0.295,122,36,86,0
724,noise,0.36,86,31,55,0
724,breakfast,0.329,146,48,98,0
725,wifi,0.5,2,1,1,1
725,pool,0.0,1,0,1,1
725,gym,0.0,1,0,1,1
725,sauna,0.25,4,1,3,1
725,restaurant,0.818,11,9,2,1
725,staff,0.908,65,59,6,0
725,cleanliness,0.609,23,14,9,0
725,location,0.971,70,68,2,0
725,room_comfort,0.61,82,50,32,0
725,value,0.444,9,4,5,0
725,noise,0.333,9,3,6,0
725,breakfast,0.718,39,28,11,0
726,pool,0.0,1,0,1,1
726,gym,0.0,3,0,3,1
726,sauna,0.0,3,0,3,1
726,restaurant,0.75,4,3,1,1
726,room_service,0.667,3,2,1,1
726,staff,0.812,16,13,3,0
726,location,1.0,4,4,0,0
726,room_comfort,0.462,13,6,7,0
726,value,0.0,2,0,2,0
726,breakfast,0.5,6,3,3,0
727,wifi,0.263,19,5,14,1
727,gym,0.0,1,0,1,1
727,sauna,0.0,1,0,1,1
727,restaurant,0.615,13,8,5,1
727,room_service,0.0,1,0,1,1
727,staff,0.886,149,132,17,0
727,cleanliness,0.848,46,39,7,0
727,location,0.952,189,180,9,0
727,room_comfort,0.511,178,91,87,0
727,value,0.421,38,16,22,0
727,noise,0.258,31,8,23,0
727,breakfast,0.479,48,23,25,0
728,wifi,0.0,5,0,5,1
728,pool,0.0,1,0,1,1
728,gym,0.5,2,1,1,1
728,restaurant,0.2,5,1,4,1
728,room_service,0.5,4,2,2,1
728,staff,0.818,33,27,6,0
728,cleanliness,0.8,5,4,1,0
728,location,0.929,70,65,5,0
728,room_comfort,0.373,51,19,32,0
728,value,0.222,18,4,14,0
728,noise,0.25,8,2,6,0
728,breakfast,0.5,14,7,7,0
729,wifi,0.293,41,12,29,1
729,pool,0.0,8,0,8,1
729,gym,0.0,8,0,8,1
729,sauna,0.25,4,1,3,1
729,restaurant,0.74,50,37,13,1
729,room_service,0.235,17,4,13,1
729,lounge,0.333,12,4,8,1
729,event_space,1.0,1,1,0,1
729,staff,0.776,303,235,68,0
729,cleanliness,0.744,125,93,32,0
729,location,0.962,501,482,19,0
729,room_comfort,0.46,413,190,223,0
729,value,0.244,82,20,62,0
729,noise,0.383,60,23,37,0
729,breakfast,0.629,178,112,66,0
730,wifi,0.0,1,0,1,1
730,staff,0.957,23,22,1,0
730,cleanliness,0.8,5,4,1,0
730,location,0.909,11,10,1,0
730,room_comfort,0.636,22,14,8,0
730,value,0.5,2,1,1,0
730,noise,0.8,5,4,1,0
730,breakfast,0.636,11,7,4,0
731,wifi,0.276,58,16,42,1
731,gym,0.438,16,7,9,1
731,restaurant,0.541,37,20,17,1
731,room_service,0.111,18,2,16,1
731,lounge,0.3,10,3,7,1
731,event_space,1.0,1,1,0,1
731,staff,0.639,396,253,143,0
731,cleanliness,0.401,232,93,139,0
731,location,0.916,512,469,43,0
731,room_comfort,0.36,749,270,479,0
731,value,0.438,160,70,90,0
731,noise,0.388,139,54,85,0
731,breakfast,0.453,139,63,76,0
732,wifi,0.4,10,4,6,1
732,pool,0.5,18,9,9,1
732,gym,0.0,3,0,3,1
732,sauna,1.0,1,1,0,1
732,restaurant,1.0,5,5,0,1
732,room_service,0.0,1,0,1,1
732,lounge,1.0,1,1,0,1
732,staff,0.842,57,48,9,0
732,cleanliness,0.81,21,17,4,0
732,location,0.733,30,22,8,0
732,room_comfort,0.611,54,33,21,0
732,value,0.583,12,7,5,0
732,noise,0.333,21,7,14,0
732,breakfast,0.588,17,10,7,0
733,wifi,0.448,29,13,16,1
733,pool,0.0,6,0,6,1
733,gym,0.0,6,0,6,1
733,sauna,0.0,4,0,4,1
733,restaurant,0.624,93,58,35,1
733,room_service,0.182,11,2,9,1
733,lounge,0.571,14,8,6,1
733,event_space,0.375,16,6,10,1
733,staff,0.782,510,399,111,0
733,cleanliness,0.663,175,116,59,0
733,location,0.965,657,634,23,0
733,room_comfort,0.51,751,383,368,0
733,value,0.478,180,86,94,0
733,noise,0.458,142,65,77,0
733,breakfast,0.667,427,285,142,0
734,wifi,0.0,8,0,8,1
734,restaurant,0.5,6,3,3,1
734,lounge,1.0,1,1,0,1
734,staff,0.619,21,13,8,0
734,cleanliness,0.467,15,7,8,0
734,location,0.879,33,29,4,0
734,room_comfort,0.267,30,8,22,0
734,value,0.471,17,8,9,0
734,noise,0.5,4,2,2,0
734,breakfast,0.267,15,4,11,0
735,wifi,0.333,6,2,4,1
735,gym,1.0,1,1,0,1
735,sauna,1.0,1,1,0,1
735,restaurant,1.0,9,9,0,1
735,staff,0.8,40,32,8,0
735,cleanliness,0.765,17,13,4,0
735,location,1.0,58,58,0,0
735,room_comfort,0.5,60,30,30,0
735,value,0.333,6,2,4,0
735,noise,0.2,5,1,4,0
735,breakfast,0.588,17,10,7,0
736,wifi,0.78,50,39,11,1
736,pool,0.0,9,0,9,1
736,gym,0.667,18,12,6,1
736,sauna,0.0,4,0,4,1
736,restaurant,0.539,89,48,41,1
736,room_service,0.188,16,3,13,1
736,lounge,0.667,9,6,3,1
736,event_space,1.0,1,1,0,1
736,staff,0.847,391,331,60,0
736,cleanliness,0.873,221,193,28,0
736,location,0.794,427,339,88,0
736,room_comfort,0.723,611,442,169,0
736,value,0.313,163,51,112,0
736,noise,0.821,67,55,12,0
736,breakfast,0.521,238,124,114,0
737,wifi,0.333,3,1,2,1
737,gym,0.0,6,0,6,1
737,sauna,1.0,1,1,0,1
737,restaurant,1.0,7,7,0,1
737,staff,0.909,33,30,3,0
737,cleanliness,1.0,11,11,0,0
737,location,0.976,41,40,1,0
737,room_comfort,0.625,48,30,18,0
737,value,0.8,10,8,2,0
737,noise,0.5,6,3,3,0
737,breakfast,0.871,31,27,4,0
738,wifi,0.0,1,0,1,1
738,gym,0.5,2,1,1,1
738,restaurant,0.667,12,8,4,1
738,room_service,0.5,2,1,1,1
738,lounge,1.0,3,3,0,1
738,staff,0.838,37,31,6,0
738,cleanliness,0.8,5,4,1,0
738,location,1.0,24,24,0,0
738,room_comfort,0.711,45,32,13,0
738,value,0.222,9,2,7,0
738,noise,0.167,6,1,5,0
738,breakfast,0.619,21,13,8,0
739,wifi,0.0,1,0,1,1
739,gym,0.0,1,0,1,1
739,restaurant,0.667,6,4,2,1
739,lounge,0.5,2,1,1,1
739,event_space,0.0,1,0,1,1
739,staff,0.633,30,19,11,0
739,cleanliness,0.571,7,4,3,0
739,location,0.9,30,27,3,0
739,room_comfort,0.476,42,20,22,0
739,value,0.333,9,3,6,0
739,noise,0.125,8,1,7,0
739,breakfast,0.737,19,14,5,0
740,wifi,0.536,28,15,13,1
740,pool,0.0,1,0,1,1
740,gym,0.25,4,1,3,1
740,sauna,1.0,1,1,0,1
740,restaurant,0.841,44,37,7,1
740,room_service,0.0,2,0,2,1
740,lounge,0.714,7,5,2,1
740,event_space,0.5,2,1,1,1
740,staff,0.911,248,226,22,0
740,cleanliness,0.812,101,82,19,0
740,location,0.896,202,181,21,0
740,room_comfort,0.629,248,156,92,0
740,value,0.375,48,18,30,0
740,noise,0.426,61,26,35,0
740,breakfast,0.654,107,70,37,0
741,wifi,0.294,17,5,12,1
741,pool,0.0,1,0,1,1
741,gym,0.6,10,6,4,1
741,sauna,0.875,16,14,2,1
741,restaurant,0.929,70,65,5,1
741,room_service,0.0,2,0,2,1
741,lounge,0.6,5,3,2,1
741,staff,0.817,169,138,31,0
741,cleanliness,0.853,68,58,10,0
741,location,0.936,218,204,14,0
741,room_comfort,0.63,192,121,71,0
741,value,0.436,39,17,22,0
741,noise,0.514,37,19,18,0
741,breakfast,0.934,183,171,12,0
742,wifi,0.062,16,1,15,1
742,restaurant,0.789,19,15,4,1
742,event_space,1.0,1,1,0,1
742,staff,0.704,81,57,24,0
742,cleanliness,0.596,52,31,21,0
742,location,0.916,95,87,8,0
742,room_comfort,0.446,121,54,67,0
742,value,0.417,24,10,14,0
742,noise,0.611,18,11,7,0
742,breakfast,0.553,38,21,17,0
743,wifi,0.5,2,1,1,1
743,pool,0.0,2,0,2,1
743,gym,0.5,2,1,1,1
743,restaurant,0.7,10,7,3,1
743,room_service,1.0,1,1,0,1
743,staff,0.848,33,28,5,0
743,cleanliness,0.333,9,3,6,0
743,location,0.914,35,32,3,0
743,room_comfort,0.377,53,20,33,0
743,value,0.167,6,1,5,0
743,noise,0.0,13,0,13,0
743,breakfast,0.471,17,8,9,0
744,wifi,0.333,3,1,2,1
744,pool,0.467,15,7,8,1
744,gym,0.0,2,0,2,1
744,sauna,0.0,2,0,2,1
744,restaurant,0.714,7,5,2,1
744,room_service,0.0,2,0,2,1
744,event_space,0.5,2,1,1,1
744,staff,0.718,39,28,11,0
744,cleanliness,0.364,11,4,7,0
744,location,0.947,38,36,2,0
744,room_comfort,0.309,55,17,38,0
744,value,0.111,9,1,8,0
744,noise,0.167,12,2,10,0
744,breakfast,0.524,21,11,10,0
745,wifi,0.565,23,13,10,1
745,pool,0.0,1,0,1,1
745,gym,0.0,4,0,4,1
745,sauna,0.0,2,0,2,1
745,restaurant,0.754,57,43,14,1
745,room_service,0.143,7,1,6,1
745,lounge,0.75,4,3,1,1
745,event_space,0.5,2,1,1,1
745,staff,0.806,258,208,50,0
745,cleanliness,0.677,93,63,30,0
745,location,0.911,325,296,29,0
745,room_comfort,0.541,294,159,135,0
745,value,0.328,61,20,41,0
745,noise,0.277,47,13,34,0
745,breakfast,0.651,146,95,51,0
746,wifi,0.308,26,8,18,1
746,sauna,0.25,4,1,3,1
746,restaurant,0.889,18,16,2,1
746,room_service,0.625,8,5,3,1
746,staff,0.895,114,102,12,0
746,cleanliness,0.786,28,22,6,0
746,location,0.968,154,149,5,0
746,room_comfort,0.568,148,84,64,0
746,value,0.087,23,2,21,0
746,noise,0.208,24,5,19,0
746,breakfast,0.636,33,21,12,0
747,wifi,0.0,2,0,2,1
747,sauna,1.0,1,1,0,1
747,staff,1.0,14,14,0,0
747,cleanliness,0.75,4,3,1,0
747,location,0.895,19,17,2,0
747,room_comfort,0.692,26,18,8,0
747,value,0.667,3,2,1,0
747,noise,0.5,4,2,2,0
747,breakfast,1.0,1,1,0,0
748,wifi,0.471,17,8,9,1
748,gym,1.0,1,1,0,1
748,restaurant,0.9,30,27,3,1
748,room_service,0.0,1,0,1,1
748,lounge,1.0,1,1,0,1
748,staff,0.914,93,85,8,0
748,cleanliness,0.822,45,37,8,0
748,location,0.983,118,116,2,0
748,room_comfort,0.748,103,77,26,0
748,value,0.55,20,11,9,0
748,noise,0.8,25,20,5,0
748,breakfast,0.6,20,12,8,0
749,wifi,0.0,6,0,6,1
749,restaurant,0.75,4,3,1,1
749,staff,0.385,13,5,8,0
749,cleanliness,0.429,7,3,4,0
749,location,0.917,24,22,2,0
749,room_comfort,0.565,23,13,10,0
749,value,0.25,8,2,6,0
749,noise,0.286,7,2,5,0
749,breakfast,0.0,4,0,4,0
750,wifi,0.222,45,10,35,1
750,pool,0.056,18,1,17,1
750,gym,0.867,30,26,4,1
750,sauna,0.483,29,14,15,1
750,restaurant,0.465,200,93,107,1
750,room_service,0.429,56,24,32,1
750,lounge,0.583,12,7,5,1
750,event_space,0.0,5,0,5,1
750,staff,0.765,1027,786,241,0
750,cleanliness,0.689,331,228,103,0
750,location,0.917,1018,933,85,0
750,room_comfort,0.564,1659,935,724,0
750,value,0.279,365,102,263,0
750,noise,0.562,160,90,70,0
750,breakfast,0.414,674,279,395,0
751,wifi,0.057,70,4,66,1
751,sauna,0.0,1,0,1,1
751,restaurant,0.742,31,23,8,1
751,room_service,0.333,3,1,2,1
751,lounge,1.0,1,1,0,1
751,staff,0.916,190,174,16,0
751,cleanliness,0.814,59,48,11,0
751,location,0.93,187,174,13,0
751,room_comfort,0.601,223,134,89,0
751,value,0.345,55,19,36,0
751,noise,0.233,60,14,46,0
751,breakfast,0.642,53,34,19,0
752,wifi,0.6,10,6,4,1
752,gym,0.0,2,0,2,1
752,restaurant,0.875,16,14,2,1
752,room_service,0.2,5,1,4,1
752,lounge,1.0,1,1,0,1
752,staff,0.829,187,155,32,0
752,cleanliness,0.855,69,59,10,0
752,location,0.927,220,204,16,0
752,room_comfort,0.397,423,168,255,0
752,value,0.304,46,14,32,0
752,noise,0.492,59,29,30,0
752,breakfast,0.361,36,13,23,0
753,wifi,0.412,17,7,10,1
753,gym,0.667,6,4,2,1
753,restaurant,0.778,9,7,2,1
753,room_service,0.333,3,1,2,1
753,staff,0.722,36,26,10,0
753,cleanliness,0.656,32,21,11,0
753,location,0.681,47,32,15,0
753,room_comfort,0.679,84,57,27,0
753,value,0.5,16,8,8,0
753,noise,0.364,11,4,7,0
753,breakfast,0.535,43,23,20,0
754,wifi,0.917,12,11,1,1
754,restaurant,0.882,17,15,2,1
754,room_service,0.0,1,0,1,1
754,staff,0.875,64,56,8,0
754,cleanliness,0.943,53,50,3,0
754,location,0.977,86,84,2,0
754,room_comfort,0.64,111,71,40,0
754,value,0.706,17,12,5,0
754,noise,0.81,21,17,4,0
754,breakfast,0.745,55,41,14,0
755,wifi,0.312,16,5,11,1
755,gym,0.0,3,0,3,1
755,sauna,0.0,2,0,2,1
755,restaurant,0.444,9,4,5,1
755,room_service,0.625,8,5,3,1
755,lounge,0.667,6,4,2,1
755,event_space,0.0,1,0,1,1
755,staff,0.83,112,93,19,0
755,cleanliness,0.733,30,22,8,0
755,location,0.982,110,108,2,0
755,room_comfort,0.525,139,73,66,0
755,value,0.138,29,4,25,0
755,noise,0.6,10,6,4,0
755,breakfast,0.679,53,36,17,0
756,wifi,0.0,2,0,2,1
756,gym,0.0,1,0,1,1
756,sauna,0.0,1,0,1,1
756,restaurant,0.947,19,18,1,1
756,lounge,0.0,1,0,1,1
756,staff,0.9,80,72,8,0
756,cleanliness,0.8,20,16,4,0
756,location,0.976,127,124,3,0
756,room_comfort,0.615,104,64,40,0
756,value,0.286,21,6,15,0
756,noise,0.562,16,9,7,0
756,breakfast,0.357,28,10,18,0
757,wifi,0.5,2,1,1,1
757,gym,0.0,1,0,1,1
757,sauna,0.0,1,0,1,1
757,restaurant,0.75,4,3,1,1
757,room_service,0.25,4,1,3,1
757,staff,0.841,44,37,7,0
757,cleanliness,0.6,5,3,2,0
757,location,0.974,39,38,1,0
757,room_comfort,0.535,43,23,20,0
757,value,0.364,11,4,7,0
757,noise,0.556,9,5,4,0
757,breakfast,0.435,23,10,13,0
758,wifi,0.667,3,2,1,1
758,pool,1.0,6,6,0,1
758,sauna,0.909,11,10,1,1
758,restaurant,0.8,5,4,1,1
758,room_service,0.333,3,1,2,1
758,staff,0.925,40,37,3,0
758,cleanliness,1.0,6,6,0,0
758,location,0.95,20,19,1,0
758,room_comfort,0.758,33,25,8,0
758,value,0.154,13,2,11,0
758,noise,0.8,5,4,1,0
758,breakfast,0.4,10,4,6,0
759,wifi,0.45,20,9,11,1
759,restaurant,0.793,29,23,6,1
759,lounge,1.0,16,16,0,1
759,staff,0.845,161,136,25,0
759,cleanliness,0.516,31,16,15,0
759,location,0.955,245,234,11,0
759,room_comfort,0.52,198,103,95,0
759,value,0.59,39,23,16,0
759,noise,0.654,52,34,18,0
759,breakfast,0.842,184,155,29,0
760,wifi,0.333,3,1,2,1
760,restaurant,0.667,3,2,1,1
760,room_service,1.0,1,1,0,1
760,lounge,0.0,2,0,2,1
760,staff,0.812,32,26,6,0
760,cleanliness,1.0,4,4,0,0
760,location,1.0,42,42,0,0
760,room_comfort,0.441,34,15,19,0
760,value,0.2,10,2,8,0
760,noise,0.7,10,7,3,0
760,breakfast,0.6,15,9,6,0
761,wifi,0.353,17,6,11,1
761,pool,0.0,1,0,1,1
761,gym,1.0,2,2,0,1
761,restaurant,0.385,13,5,8,1
761,room_service,0.667,3,2,1,1
761,staff,0.778,99,77,22,0
761,cleanliness,0.859,85,73,12,0
761,location,0.655,87,57,30,0
761,room_comfort,0.681,135,92,43,0
761,value,0.41,39,16,23,0
761,noise,0.8,10,8,2,0
761,breakfast,0.692,39,27,12,0
762,wifi,1.0,1,1,0,1
762,gym,0.0,1,0,1,1
762,restaurant,1.0,8,8,0,1
762,room_service,1.0,2,2,0,1
762,staff,0.946,37,35,2,0
762,cleanliness,0.75,12,9,3,0
762,location,0.939,49,46,3,0
762,room_comfort,0.636,44,28,16,0
762,value,0.667,12,8,4,0
762,noise,0.556,9,5,4,0
762,breakfast,0.714,14,10,4,0
763,wifi,0.5,12,6,6,1
763,restaurant,0.81,42,34,8,1
763,room_service,0.667,3,2,1,1
763,lounge,0.333,3,1,2,1
763,event_space,1.0,1,1,0,1
763,staff,0.943,159,150,9,0
763,cleanliness,0.946,37,35,2,0
763,location,0.994,158,157,1,0
763,room_comfort,0.761,155,118,37,0
763,value,0.611,18,11,7,0
763,noise,0.886,35,31,4,0
763,breakfast,0.83,100,83,17,0
764,restaurant,0.7,10,7,3,1
764,room_service,0.4,5,2,3,1
764,lounge,1.0,2,2,0,1
764,staff,0.88,50,44,6,0
764,cleanliness,0.833,6,5,1,0
764,location,1.0,28,28,0,0
764,room_comfort,0.515,66,34,32,0
764,value,0.167,12,2,10,0
764,noise,0.5,10,5,5,0
764,breakfast,0.688,32,22,10,0
765,wifi,0.75,4,3,1,1
765,gym,0.0,1,0,1,1
765,sauna,0.0,2,0,2,1
765,restaurant,0.562,16,9,7,1
765,room_service,0.2,5,1,4,1
765,event_space,1.0,1,1,0,1
765,staff,0.659,44,29,15,0
765,cleanliness,0.857,21,18,3,0
765,location,0.893,56,50,6,0
765,room_comfort,0.534,88,47,41,0
765,value,0.5,12,6,6,0
765,noise,0.923,13,12,1,0
765,breakfast,0.375,32,12,20,0
766,wifi,0.37,27,10,17,1
766,pool,0.458,24,11,13,1
766,gym,0.8,15,12,3,1
766,sauna,0.642,53,34,19,1
766,restaurant,0.455,44,20,24,1
766,room_service,0.091,11,1,10,1
766,staff,0.694,144,100,44,0
766,cleanliness,0.837,98,82,16,0
766,location,0.604,134,81,53,0
766,room_comfort,0.73,230,168,62,0
766,value,0.587,46,27,19,0
766,noise,0.565,23,13,10,0
766,breakfast,0.637,157,100,57,0
767,wifi,0.2,5,1,4,1
767,pool,1.0,1,1,0,1
767,sauna,0.5,2,1,1,1
767,restaurant,1.0,4,4,0,1
767,room_service,1.0,1,1,0,1
767,staff,0.889,63,56,7,0
767,cleanliness,0.867,15,13,2,0
767,location,0.974,77,75,2,0
767,room_comfort,0.439,57,25,32,0
767,value,0.375,8,3,5,0
767,noise,0.333,6,2,4,0
767,breakfast,0.429,14,6,8,0
768,wifi,0.765,17,13,4,1
768,pool,0.5,2,1,1,1
768,gym,0.3,10,3,7,1
768,sauna,0.5,2,1,1,1
768,restaurant,0.427,75,32,43,1
768,room_service,0.182,11,2,9,1
768,lounge,0.0,5,0,5,1
768,event_space,0.333,3,1,2,1
768,staff,0.866,439,380,59,0
768,cleanliness,0.815,130,106,24,0
768,location,0.934,532,497,35,0
768,room_comfort,0.583,559,326,233,0
768,value,0.21,124,26,98,0
768,noise,0.293,99,29,70,0
768,breakfast,0.331,118,39,79,0
769,wifi,0.188,16,3,13,1
769,gym,0.0,2,0,2,1
769,sauna,0.0,1,0,1,1
769,restaurant,0.5,14,7,7,1
769,room_service,0.0,1,0,1,1
769,lounge,1.0,1,1,0,1
769,staff,0.6,60,36,24,0
769,cleanliness,0.848,33,28,5,0
769,location,0.8,45,36,9,0
769,room_comfort,0.594,101,60,41,0
769,value,0.556,36,20,16,0
769,noise,0.111,9,1,8,0
769,breakfast,0.674,46,31,15,0
770,wifi,0.158,19,3,16,1
770,pool,0.2,5,1,4,1
770,gym,0.333,6,2,4,1
770,sauna,0.333,12,4,8,1
770,restaurant,0.435,23,10,13,1
770,room_service,0.6,5,3,2,1
770,event_space,0.429,7,3,4,1
770,staff,0.772,79,61,18,0
770,cleanliness,0.878,41,36,5,0
770,location,0.866,82,71,11,0
770,room_comfort,0.612,121,74,47,0
770,value,0.324,34,11,23,0
770,noise,0.667,15,10,5,0
770,breakfast,0.728,81,59,22,0
771,wifi,0.2,5,1,4,1
771,pool,0.0,2,0,2,1
771,gym,0.0,3,0,3,1
771,sauna,0.5,4,2,2,1
771,restaurant,0.643,14,9,5,1
771,room_service,0.5,4,2,2,1
771,lounge,1.0,1,1,0,1
771,staff,0.893,84,75,9,0
771,cleanliness,0.6,10,6,4,0
771,location,0.963,80,77,3,0
771,room_comfort,0.453,75,34,41,0
771,value,0.091,22,2,20,0
771,noise,0.308,13,4,9,0
771,breakfast,0.441,34,15,19,0
772,wifi,0.25,4,1,3,1
772,pool,0.375,8,3,5,1
772,gym,0.25,4,1,3,1
772,restaurant,0.625,8,5,3,1
772,room_service,0.333,3,1,2,1
772,event_space,1.0,1,1,0,1
772,staff,0.786,28,22,6,0
772,cleanliness,0.8,20,16,4,0
772,location,0.741,27,20,7,0
772,room_comfort,0.488,41,20,21,0
772,value,0.556,9,5,4,0
772,noise,0.615,13,8,5,0
772,breakfast,0.5,6,3,3,0
773,wifi,0.15,20,3,17,1
773,restaurant,0.6,10,6,4,1
773,staff,0.932,73,68,5,0
773,cleanliness,0.979,48,47,1,0
773,location,0.975,79,77,2,0
773,room_comfort,0.702,124,87,37,0
773,value,0.2,10,2,8,0
773,noise,0.688,16,11,5,0
773,breakfast,0.435,23,10,13,0
774,wifi,0.095,263,25,238,1
774,pool,0.0,6,0,6,1
774,gym,0.524,21,11,10,1
774,sauna,0.0,1,0,1,1
774,restaurant,0.772,158,122,36,1
774,room_service,0.25,44,11,33,1
774,lounge,0.54,50,27,23,1
774,event_space,0.389,18,7,11,1
774,staff,0.673,1099,740,359,0
774,cleanliness,0.492,431,212,219,0
774,location,0.957,1378,1319,59,0
774,room_comfort,0.441,1841,812,1029,0
774,value,0.394,398,157,241,0
774,noise,0.311,251,78,173,0
774,breakfast,0.585,615,360,255,0
775,wifi,0.5,2,1,1,1
775,gym,0.333,3,1,2,1
775,sauna,1.0,6,6,0,1
775,restaurant,0.667,6,4,2,1
775,room_service,0.0,1,0,1,1
775,lounge,1.0,1,1,0,1
775,staff,0.821,28,23,5,0
775,cleanliness,0.917,12,11,1,0
775,location,0.933,30,28,2,0
775,room_comfort,0.562,32,18,14,0
775,value,0.714,7,5,2,0
775,noise,1.0,3,3,0,0
775,breakfast,0.7,20,14,6,0
776,wifi,0.375,32,12,20,1
776,pool,0.4,5,2,3,1
776,gym,0.444,9,4,5,1
776,sauna,0.333,3,1,2,1
776,restaurant,0.623,146,91,55,1
776,room_service,0.316,19,6,13,1
776,lounge,1.0,8,8,0,1
776,event_space,0.333,6,2,4,1
776,staff,0.753,385,290,95,0
776,cleanliness,0.825,137,113,24,0
776,location,0.819,271,222,49,0
776,room_comfort,0.628,543,341,202,0
776,value,0.224,196,44,152,0
776,noise,0.557,97,54,43,0
776,breakfast,0.553,235,130,105,0
777,wifi,0.25,20,5,15,1
777,pool,0.0,2,0,2,1
777,gym,1.0,6,6,0,1
777,restaurant,0.633,30,19,11,1
777,room_service,0.412,17,7,10,1
777,lounge,1.0,1,1,0,1
777,event_space,0.333,3,1,2,1
777,staff,0.837,374,313,61,0
777,cleanliness,0.845,168,142,26,0
777,location,0.88,200,176,24,0
777,room_comfort,0.553,483,267,216,0
777,value,0.306,98,30,68,0
777,noise,0.338,68,23,45,0
777,breakfast,0.682,239,163,76,0
778,wifi,0.0,1,0,1,1
778,restaurant,0.667,3,2,1,1
778,staff,0.867,15,13,2,0
778,cleanliness,1.0,3,3,0,0
778,location,0.8,10,8,2,0
778,room_comfort,0.579,19,11,8,0
778,value,0.5,2,1,1,0
778,noise,0.0,2,0,2,0
778,breakfast,0.2,5,1,4,0
779,wifi,0.0,2,0,2,1
779,pool,0.8,5,4,1,1
779,gym,1.0,5,5,0,1
779,sauna,0.8,10,8,2,1
779,restaurant,0.667,27,18,9,1
779,room_service,0.75,4,3,1,1
779,lounge,0.5,2,1,1,1
779,staff,0.817,71,58,13,0
779,cleanliness,0.667,6,4,2,0
779,location,0.917,48,44,4,0
779,room_comfort,0.468,79,37,42,0
779,value,0.125,16,2,14,0
779,noise,0.667,3,2,1,0
779,breakfast,0.467,30,14,16,0
780,pool,0.0,1,0,1,1
780,restaurant,0.692,13,9,4,1
780,room_service,0.6,5,3,2,1
780,lounge,0.0,1,0,1,1
780,staff,0.89,82,73,9,0
780,cleanliness,0.857,7,6,1,0
780,location,0.941,17,16,1,0
780,room_comfort,0.538,65,35,30,0
780,value,0.25,20,5,15,0
780,noise,0.286,7,2,5,0
780,breakfast,0.588,34,20,14,0
781,wifi,0.375,8,3,5,1
781,restaurant,0.474,19,9,10,1
781,room_service,0.429,7,3,4,1
781,event_space,0.0,2,0,2,1
781,staff,0.652,161,105,56,0
781,cleanliness,0.652,69,45,24,0
781,location,0.78,109,85,24,0
781,room_comfort,0.482,228,110,118,0
781,value,0.479,48,23,25,0
781,noise,0.37,73,27,46,0
781,breakfast,0.455,88,40,48,0
782,wifi,0.476,21,10,11,1
782,pool,0.0,3,0,3,1
782,gym,0.2,5,1,4,1
782,sauna,0.6,5,3,2,1
782,restaurant,0.525,59,31,28,1
782,room_service,0.417,36,15,21,1
782,lounge,0.385,13,5,8,1
782,staff,0.835,539,450,89,0
782,cleanliness,0.837,104,87,17,0
782,location,0.966,473,457,16,0
782,room_comfort,0.554,662,367,295,0
782,value,0.219,137,30,107,0
782,noise,0.481,52,25,27,0
782,breakfast,0.494,243,120,123,0
783,wifi,0.857,7,6,1,1
783,sauna,0.0,1,0,1,1
783,restaurant,0.733,15,11,4,1
783,room_service,0.5,2,1,1,1
783,lounge,0.5,2,1,1,1
783,staff,0.814,145,118,27,0
783,cleanliness,0.833,60,50,10,0
783,location,0.938,177,166,11,0
783,room_comfort,0.426,256,109,147,0
783,value,0.404,47,19,28,0
783,noise,0.471,34,16,18,0
783,breakfast,0.469,49,23,26,0
784,wifi,0.077,13,1,12,1
784,pool,0.0,1,0,1,1
784,gym,0.333,3,1,2,1
784,sauna,0.562,16,9,7,1
784,restaurant,0.7,10,7,3,1
784,room_service,0.5,8,4,4,1
784,staff,0.711,97,69,28,0
784,cleanliness,0.565,23,13,10,0
784,location,0.893,56,50,6,0
784,room_comfort,0.674,129,87,42,0
784,value,0.192,26,5,21,0
784,noise,0.733,15,11,4,0
784,breakfast,0.452,42,19,23,0
785,sauna,1.0,1,1,0,1
785,restaurant,0.333,3,1,2,1
785,staff,0.944,18,17,1,0
785,cleanliness,1.0,1,1,0,0
785,location,0.889,9,8,1,0
785,room_comfort,0.667,12,8,4,0
785,value,0.0,2,0,2,0
785,noise,0.667,6,4,2,0
785,breakfast,0.75,8,6,2,0
786,wifi,0.375,8,3,5,1
786,pool,0.353,17,6,11,1
786,gym,0.0,1,0,1,1
786,sauna,0.5,2,1,1,1
786,restaurant,0.846,13,11,2,1
786,room_service,0.667,3,2,1,1
786,lounge,0.0,1,0,1,1
786,staff,0.93,86,80,6,0
786,cleanliness,0.864,22,19,3,0
786,location,0.938,65,61,4,0
786,room_comfort,0.575,113,65,48,0
786,value,0.368,19,7,12,0
786,noise,0.474,19,9,10,0
786,breakfast,0.676,37,25,12,0
787,wifi,0.24,50,12,38,1
787,pool,0.333,3,1,2,1
787,gym,0.0,1,0,1,1
787,restaurant,0.647,34,22,12,1
787,room_service,0.333,3,1,2,1
787,staff,0.695,128,89,39,0
787,cleanliness,0.946,112,106,6,0
787,location,0.871,209,182,27,0
787,room_comfort,0.811,280,227,53,0
787,value,0.468,47,22,25,0
787,noise,0.833,24,20,4,0
787,breakfast,0.714,161,115,46,0
788,wifi,0.135,52,7,45,1
788,pool,0.564,78,44,34,1
788,gym,0.556,9,5,4,1
788,sauna,0.7,10,7,3,1
788,restaurant,0.739,23,17,6,1
788,room_service,0.6,5,3,2,1
788,lounge,0.5,2,1,1,1
788,event_space,0.333,3,1,2,1
788,staff,0.682,107,73,34,0
788,cleanliness,0.667,51,34,17,0
788,location,0.867,105,91,14,0
788,room_comfort,0.421,190,80,110,0
788,value,0.25,36,9,27,0
788,noise,0.188,16,3,13,0
788,breakfast,0.615,78,48,30,0
789,wifi,0.333,6,2,4,1
789,gym,0.429,7,3,4,1
789,sauna,0.333,3,1,2,1
789,restaurant,0.667,12,8,4,1
789,room_service,0.75,4,3,1,1
789,lounge,0.0,1,0,1,1
789,staff,0.896,67,60,7,0
789,cleanliness,0.949,39,37,2,0
789,location,0.92,50,46,4,0
789,room_comfort,0.725,102,74,28,0
789,value,0.562,16,9,7,0
789,noise,0.905,21,19,2,0
789,breakfast,0.621,29,18,11,0
790,wifi,0.118,17,2,15,1
790,pool,0.593,59,35,24,1
790,gym,0.25,16,4,12,1
790,sauna,0.577,52,30,22,1
790,restaurant,0.768,112,86,26,1
790,room_service,0.316,19,6,13,1
790,lounge,0.462,13,6,7,1
790,event_space,0.0,3,0,3,1
790,staff,0.821,218,179,39,0
790,cleanliness,0.651,63,41,22,0
790,location,0.633,98,62,36,0
790,room_comfort,0.645,251,162,89,0
790,value,0.275,80,22,58,0
790,noise,0.8,20,16,4,0
790,breakfast,0.672,119,80,39,0
791,wifi,0.667,9,6,3,1
791,pool,0.0,3,0,3,1
791,gym,0.429,7,3,4,1
791,sauna,0.0,1,0,1,1
791,restaurant,0.611,36,22,14,1
791,room_service,0.667,15,10,5,1
791,lounge,0.75,8,6,2,1
791,event_space,1.0,1,1,0,1
791,staff,0.83,182,151,31,0
791,cleanliness,0.931,102,95,7,0
791,location,0.834,151,126,25,0
791,room_comfort,0.703,273,192,81,0
791,value,0.494,83,41,42,0
791,noise,0.667,39,26,13,0
791,breakfast,0.669,154,103,51,0
792,wifi,0.438,32,14,18,1
792,pool,0.0,4,0,4,1
792,gym,0.0,8,0,8,1
792,sauna,0.167,6,1,5,1
792,restaurant,0.667,30,20,10,1
792,room_service,0.0,2,0,2,1
792,lounge,0.5,4,2,2,1
792,staff,0.798,173,138,35,0
792,cleanliness,0.897,78,70,8,0
792,location,0.971,241,234,7,0
792,room_comfort,0.593,241,143,98,0
792,value,0.362,58,21,37,0
792,noise,0.533,30,16,14,0
792,breakfast,0.685,162,111,51,0
793,wifi,1.0,2,2,0,1
793,restaurant,0.917,12,11,1,1
793,lounge,1.0,2,2,0,1
793,staff,0.87,69,60,9,0
793,cleanliness,0.824,34,28,6,0
793,location,0.984,61,60,1,0
793,room_comfort,0.544,79,43,36,0
793,value,0.375,16,6,10,0
793,noise,0.962,26,25,1,0
793,breakfast,0.697,33,23,10,0
794,wifi,0.386,44,17,27,1
794,pool,0.725,189,137,52,1
794,gym,0.6,40,24,16,1
794,sauna,0.763,418,319,99,1
794,restaurant,0.521,121,63,58,1
794,room_service,0.328,67,22,45,1
794,lounge,0.824,17,14,3,1
794,event_space,0.0,2,0,2,1
794,staff,0.768,939,721,218,0
794,cleanliness,0.824,335,276,59,0
794,location,0.893,438,391,47,0
794,room_comfort,0.687,1599,1098,501,0
794,value,0.343,283,97,186,0
794,noise,0.461,89,41,48,0
794,breakfast,0.395,441,174,267,0
795,wifi,0.095,84,8,76,1
795,pool,0.0,5,0,5,1
795,gym,1.0,5,5,0,1
795,sauna,0.0,3,0,3,1
795,restaurant,0.6,25,15,10,1
795,room_service,0.125,8,1,7,1
795,lounge,0.483,29,14,15,1
795,event_space,0.333,3,1,2,1
795,staff,0.709,220,156,64,0
795,cleanliness,0.805,77,62,15,0
795,location,0.941,290,273,17,0
795,room_comfort,0.482,400,193,207,0
795,value,0.118,136,16,120,0
795,noise,0.341,44,15,29,0
795,breakfast,0.462,117,54,63,0
796,wifi,0.267,15,4,11,1
796,gym,0.0,4,0,4,1
796,sauna,1.0,1,1,0,1
796,restaurant,0.471,17,8,9,1
796,room_service,0.0,8,0,8,1
796,lounge,0.143,7,1,6,1
796,staff,0.57,100,57,43,0
796,cleanliness,0.706,34,24,10,0
796,location,0.966,149,144,5,0
796,room_comfort,0.521,146,76,70,0
796,value,0.259,27,7,20,0
796,noise,0.417,12,5,7,0
796,breakfast,0.7,40,28,12,0
797,wifi,0.0,1,0,1,1
797,restaurant,0.5,2,1,1,1
797,room_service,0.5,4,2,2,1
797,staff,0.765,17,13,4,0
797,cleanliness,1.0,4,4,0,0
797,location,1.0,5,5,0,0
797,room_comfort,0.588,17,10,7,0
797,noise,0.5,2,1,1,0
797,breakfast,0.5,10,5,5,0
798,wifi,0.455,11,5,6,1
798,restaurant,0.75,8,6,2,1
798,room_service,1.0,3,3,0,1
798,lounge,0.0,1,0,1,1
798,staff,0.821,56,46,10,0
798,cleanliness,0.595,42,25,17,0
798,location,0.925,107,99,8,0
798,room_comfort,0.345,110,38,72,0
798,value,0.684,19,13,6,0
798,noise,0.368,19,7,12,0
798,breakfast,0.733,90,66,24,0
799,wifi,1.0,1,1,0,1
799,restaurant,1.0,8,8,0,1
799,staff,0.818,22,18,4,0
799,cleanliness,1.0,2,2,0,0
799,location,1.0,14,14,0,0
799,room_comfort,0.586,29,17,12,0
799,value,0.667,3,2,1,0
799,noise,0.75,4,3,1,0
799,breakfast,0.5,6,3,3,0
800,wifi,0.143,14,2,12,1
800,pool,0.786,14,11,3,1
800,gym,1.0,6,6,0,1
800,sauna,0.867,15,13,2,1
800,restaurant,0.8,25,20,5,1
800,room_service,0.5,8,4,4,1
800,lounge,0.5,4,2,2,1
800,staff,0.929,113,105,8,0
800,cleanliness,0.895,19,17,2,0
800,location,0.87,46,40,6,0
800,room_comfort,0.661,124,82,42,0
800,value,0.162,37,6,31,0
800,noise,0.25,8,2,6,0
800,breakfast,0.628,86,54,32,0
801,wifi,0.412,17,7,10,1
801,pool,0.0,1,0,1,1
801,gym,0.5,2,1,1,1
801,sauna,0.0,1,0,1,1
801,restaurant,0.682,22,15,7,1
801,room_service,0.5,2,1,1,1
801,lounge,0.667,3,2,1,1
801,staff,0.81,121,98,23,0
801,cleanliness,0.915,71,65,6,0
801,location,0.935,107,100,7,0
801,room_comfort,0.703,195,137,58,0
801,value,0.371,35,13,22,0
801,noise,0.825,40,33,7,0
801,breakfast,0.393,56,22,34,0
802,wifi,0.4,10,4,6,1
802,gym,0.5,2,1,1,1
802,sauna,0.0,1,0,1,1
802,restaurant,0.6,5,3,2,1
802,room_service,0.0,1,0,1,1
802,staff,0.774,53,41,12,0
802,cleanliness,0.667,21,14,7,0
802,location,0.645,31,20,11,0
802,room_comfort,0.607,56,34,22,0
802,value,0.308,13,4,9,0
802,noise,0.25,8,2,6,0
802,breakfast,0.562,16,9,7,0
803,wifi,0.095,21,2,19,1
803,pool,0.405,42,17,25,1
803,gym,0.25,4,1,3,1
803,sauna,0.0,2,0,2,1
803,restaurant,0.909,11,10,1,1
803,room_service,0.4,5,2,3,1
803,lounge,0.667,6,4,2,1
803,event_space,0.5,4,2,2,1
803,staff,0.658,76,50,26,0
803,cleanliness,0.6,25,15,10,0
803,location,0.815,54,44,10,0
803,room_comfort,0.422,83,35,48,0
803,value,0.115,26,3,23,0
803,noise,0.364,11,4,7,0
803,breakfast,0.634,41,26,15,0
804,wifi,0.312,16,5,11,1
804,pool,0.0,1,0,1,1
804,gym,0.0,2,0,2,1
804,sauna,1.0,1,1,0,1
804,restaurant,0.444,27,12,15,1
804,room_service,0.5,6,3,3,1
804,staff,0.745,106,79,27,0
804,cleanliness,0.689,61,42,19,0
804,location,0.937,158,148,10,0
804,room_comfort,0.471,157,74,83,0
804,value,0.289,45,13,32,0
804,noise,0.615,13,8,5,0
804,breakfast,0.564,101,57,44,0
805,wifi,0.273,66,18,48,1
805,pool,0.619,194,120,74,1
805,gym,0.636,22,14,8,1
805,sauna,0.385,52,20,32,1
805,restaurant,0.618,89,55,34,1
805,room_service,0.471,17,8,9,1
805,lounge,0.5,4,2,2,1
805,event_space,1.0,2,2,0,1
805,staff,0.763,371,283,88,0
805,cleanliness,0.758,194,147,47,0
805,location,0.879,438,385,53,0
805,room_comfort,0.536,474,254,220,0
805,value,0.471,140,66,74,0
805,noise,0.3,100,30,70,0
805,breakfast,0.684,301,206,95,0
806,wifi,0.083,12,1,11,1
806,gym,0.5,2,1,1,1
806,restaurant,0.719,32,23,9,1
806,room_service,0.333,3,1,2,1
806,lounge,1.0,6,6,0,1
806,staff,0.787,150,118,32,0
806,cleanliness,0.741,27,20,7,0
806,location,0.896,154,138,16,0
806,room_comfort,0.514,210,108,102,0
806,value,0.206,34,7,27,0
806,noise,0.529,34,18,16,0
806,breakfast,0.492,59,29,30,0
807,wifi,0.125,8,1,7,1
807,restaurant,0.75,4,3,1,1
807,staff,0.808,26,21,5,0
807,cleanliness,0.923,13,12,1,0
807,location,0.976,41,40,1,0
807,room_comfort,0.586,29,17,12,0
807,value,0.25,4,1,3,0
807,noise,0.75,4,3,1,0
807,breakfast,0.759,29,22,7,0
808,wifi,0.471,68,32,36,1
808,pool,0.0,2,0,2,1
808,gym,0.0,4,0,4,1
808,sauna,0.0,2,0,2,1
808,restaurant,0.833,42,35,7,1
808,room_service,0.273,22,6,16,1
808,lounge,0.0,2,0,2,1
808,staff,0.605,461,279,182,0
808,cleanliness,0.792,289,229,60,0
808,location,0.903,657,593,64,0
808,room_comfort,0.49,800,392,408,0
808,value,0.468,124,58,66,0
808,noise,0.512,82,42,40,0
808,breakfast,0.61,251,153,98,0
809,wifi,0.75,4,3,1,1
809,restaurant,1.0,6,6,0,1
809,staff,0.882,34,30,4,0
809,cleanliness,1.0,14,14,0,0
809,location,0.857,28,24,4,0
809,room_comfort,0.681,47,32,15,0
809,value,0.6,5,3,2,0
809,noise,0.875,8,7,1,0
809,breakfast,0.588,17,10,7,0
810,wifi,0.273,11,3,8,1
810,gym,0.0,1,0,1,1
810,restaurant,0.929,14,13,1,1
810,room_service,0.0,2,0,2,1
810,staff,0.758,33,25,8,0
810,cleanliness,0.875,16,14,2,0
810,location,0.93,43,40,3,0
810,room_comfort,0.453,53,24,29,0
810,value,0.2,10,2,8,0
810,noise,0.2,10,2,8,0
810,breakfast,0.778,45,35,10,0
811,wifi,1.0,2,2,0,1
811,sauna,1.0,8,8,0,1
811,restaurant,0.889,9,8,1,1
811,room_service,0.0,2,0,2,1
811,lounge,1.0,1,1,0,1
811,staff,0.93,71,66,5,0
811,cleanliness,1.0,22,22,0,0
811,location,0.935,62,58,4,0
811,room_comfort,0.728,81,59,22,0
811,value,0.583,12,7,5,0
811,noise,1.0,9,9,0,0
811,breakfast,0.788,33,26,7,0
812,wifi,0.114,35,4,31,1
812,gym,0.0,1,0,1,1
812,sauna,0.0,1,0,1,1
812,restaurant,0.92,25,23,2,1
812,room_service,0.0,2,0,2,1
812,lounge,1.0,1,1,0,1
812,staff,0.851,154,131,23,0
812,cleanliness,0.873,71,62,9,0
812,location,0.949,195,185,10,0
812,room_comfort,0.587,252,148,104,0
812,value,0.385,39,15,24,0
812,noise,0.564,39,22,17,0
812,breakfast,0.597,62,37,25,0
813,wifi,0.231,13,3,10,1
813,pool,0.679,28,19,9,1
813,gym,0.417,12,5,7,1
813,restaurant,0.455,11,5,6,1
813,room_service,0.0,2,0,2,1
813,lounge,0.0,1,0,1,1
813,staff,0.746,63,47,16,0
813,cleanliness,0.827,52,43,9,0
813,location,0.88,75,66,9,0
813,room_comfort,0.57,100,57,43,0
813,value,0.323,31,10,21,0
813,noise,0.167,12,2,10,0
813,breakfast,0.646,48,31,17,0
814,pool,0.0,1,0,1,1
814,gym,0.0,1,0,1,1
814,restaurant,1.0,4,4,0,1
814,staff,0.75,16,12,4,0
814,cleanliness,0.25,4,1,3,0
814,location,0.909,11,10,1,0
814,room_comfort,0.5,16,8,8,0
814,value,0.5,2,1,1,0
814,noise,1.0,3,3,0,0
814,breakfast,0.5,2,1,1,0
815,wifi,1.0,1,1,0,1
815,sauna,0.0,1,0,1,1
815,restaurant,0.75,4,3,1,1
815,staff,0.714,28,20,8,0
815,cleanliness,0.941,17,16,1,0
815,location,0.84,50,42,8,0
815,room_comfort,0.526,57,30,27,0
815,value,0.2,5,1,4,0
815,noise,0.556,9,5,4,0
815,breakfast,0.222,9,2,7,0
816,wifi,0.429,7,3,4,1
816,gym,0.0,4,0,4,1
816,sauna,0.0,2,0,2,1
816,restaurant,0.333,6,2,4,1
816,room_service,0.0,1,0,1,1
816,staff,0.848,33,28,5,0
816,cleanliness,0.811,37,30,7,0
816,location,0.903,31,28,3,0
816,room_comfort,0.472,72,34,38,0
816,value,0.389,18,7,11,0
816,noise,0.615,13,8,5,0
816,breakfast,0.4,15,6,9,0
817,restaurant,1.0,5,5,0,1
817,room_service,0.0,1,0,1,1
817,staff,0.933,15,14,1,0
817,cleanliness,0.778,9,7,2,0
817,location,1.0,21,21,0,0
817,room_comfort,0.6,25,15,10,0
817,noise,0.375,8,3,5,0
817,breakfast,0.786,14,11,3,0
818,wifi,0.308,13,4,9,1
818,pool,0.706,85,60,25,1
818,gym,0.3,10,3,7,1
818,sauna,0.5,2,1,1,1
818,restaurant,0.833,60,50,10,1
818,room_service,1.0,2,2,0,1
818,lounge,0.4,5,2,3,1
818,staff,0.825,234,193,41,0
818,cleanliness,0.941,34,32,2,0
818,location,0.942,207,195,12,0
818,room_comfort,0.608,194,118,76,0
818,value,0.178,45,8,37,0
818,noise,0.345,29,10,19,0
818,breakfast,0.578,128,74,54,0
819,wifi,0.889,9,8,1,1
819,restaurant,0.9,10,9,1,1
819,room_service,1.0,1,1,0,1
819,staff,0.803,61,49,12,0
819,cleanliness,0.7,20,14,6,0
819,location,0.883,60,53,7,0
819,room_comfort,0.569,102,58,44,0
819,value,0.421,19,8,11,0
819,noise,0.5,12,6,6,0
819,breakfast,0.645,31,20,11,0
820,wifi,0.08,25,2,23,1
820,gym,0.0,1,0,1,1
820,restaurant,0.833,6,5,1,1
820,room_service,0.0,2,0,2,1
820,lounge,1.0,1,1,0,1
820,staff,0.819,105,86,19,0
820,cleanliness,0.882,68,60,8,0
820,location,0.931,102,95,7,0
820,room_comfort,0.628,145,91,54,0
820,value,0.261,23,6,17,0
820,noise,0.435,23,10,13,0
820,breakfast,0.611,36,22,14,0
821,wifi,0.435,23,10,13,1
821,pool,0.92,50,46,4,1
821,gym,0.733,15,11,4,1
821,sauna,0.867,90,78,12,1
821,restaurant,0.367,30,11,19,1
821,room_service,0.214,14,3,11,1
821,lounge,0.0,6,0,6,1
821,staff,0.688,263,181,82,0
821,cleanliness,0.333,66,22,44,0
821,location,0.936,219,205,14,0
821,room_comfort,0.573,440,252,188,0
821,value,0.212,85,18,67,0
821,noise,0.446,56,25,31,0
821,breakfast,0.393,145,57,88,0
822,wifi,0.679,28,19,9,1
822,pool,0.654,78,51,27,1
822,gym,0.5,18,9,9,1
822,sauna,0.0,1,0,1,1
822,restaurant,0.765,34,26,8,1
822,room_service,0.0,4,0,4,1
822,lounge,0.6,5,3,2,1
822,staff,0.875,232,203,29,0
822,cleanliness,0.816,103,84,19,0
822,location,0.888,170,151,19,0
822,room_comfort,0.622,286,178,108,0
822,value,0.383,60,23,37,0
822,noise,0.76,50,38,12,0
822,breakfast,0.596,104,62,42,0
823,wifi,0.118,17,2,15,1
823,restaurant,0.7,10,7,3,1
823,room_service,0.0,1,0,1,1
823,event_space,1.0,1,1,0,1
823,staff,0.865,37,32,5,0
823,cleanliness,0.833,24,20,4,0
823,location,0.926,54,50,4,0
823,room_comfort,0.708,72,51,21,0
823,value,0.2,20,4,16,0
823,noise,0.875,8,7,1,0
823,breakfast,0.467,30,14,16,0
824,wifi,1.0,2,2,0,1
824,pool,0.6,5,3,2,1
824,gym,0.667,3,2,1,1
824,sauna,0.7,10,7,3,1
824,restaurant,0.692,13,9,4,1
824,room_service,0.6,5,3,2,1
824,event_space,1.0,1,1,0,1
824,staff,0.976,42,41,1,0
824,cleanliness,1.0,5,5,0,0
824,location,0.941,17,16,1,0
824,room_comfort,0.7,30,21,9,0
824,value,0.25,20,5,15,0
824,noise,1.0,1,1,0,0
824,breakfast,0.533,15,8,7,0
825,wifi,0.5,2,1,1,1
825,gym,1.0,1,1,0,1
825,sauna,0.0,1,0,1,1
825,restaurant,0.786,14,11,3,1
825,lounge,0.0,1,0,1,1
825,staff,0.75,44,33,11,0
825,cleanliness,0.9,10,9,1,0
825,location,0.895,19,17,2,0
825,room_comfort,0.718,39,28,11,0
825,value,0.667,3,2,1,0
825,noise,0.4,5,2,3,0
825,breakfast,0.364,11,4,7,0
826,wifi,0.931,58,54,4,1
826,pool,0.0,3,0,3,1
826,gym,0.053,19,1,18,1
826,sauna,0.0,3,0,3,1
826,restaurant,0.677,62,42,20,1
826,room_service,0.1,10,1,9,1
826,lounge,0.908,65,59,6,1
826,event_space,0.667,3,2,1,1
826,staff,0.909,606,551,55,0
826,cleanliness,0.826,167,138,29,0
826,location,0.892,444,396,48,0
826,room_comfort,0.6,1259,756,503,0
826,value,0.462,182,84,98,0
826,noise,0.583,84,49,35,0
826,breakfast,0.622,251,156,95,0
827,wifi,0.0,1,0,1,1
827,pool,0.647,17,11,6,1
827,gym,1.0,1,1,0,1
827,sauna,0.857,7,6,1,1
827,restaurant,0.538,13,7,6,1
827,room_service,0.4,5,2,3,1
827,lounge,0.667,6,4,2,1
827,event_space,1.0,1,1,0,1
827,staff,0.885,87,77,10,0
827,cleanliness,0.857,7,6,1,0
827,location,0.98,49,48,1,0
827,room_comfort,0.489,88,43,45,0
827,value,0.176,17,3,14,0
827,noise,0.429,21,9,12,0
827,breakfast,0.444,27,12,15,0
828,wifi,0.273,11,3,8,1
828,gym,0.5,4,2,2,1
828,restaurant,0.714,14,10,4,1
828,room_service,0.375,8,3,5,1
828,lounge,0.571,7,4,3,1
828,event_space,0.0,1,0,1,1
828,staff,0.863,95,82,13,0
828,cleanliness,0.875,24,21,3,0
828,location,0.957,93,89,4,0
828,room_comfort,0.599,147,88,59,0
828,value,0.321,28,9,19,0
828,noise,0.615,13,8,5,0
828,breakfast,0.783,60,47,13,0
829,wifi,0.444,9,4,5,1
829,room_service,1.0,1,1,0,1
829,lounge,1.0,1,1,0,1
829,staff,0.84,50,42,8,0
829,cleanliness,0.583,12,7,5,0
829,location,0.897,29,26,3,0
829,room_comfort,0.433,67,29,38,0
829,value,0.222,9,2,7,0
829,noise,0.25,4,1,3,0
829,breakfast,0.633,30,19,11,0
830,wifi,0.667,6,4,2,1
830,pool,0.727,66,48,18,1
830,gym,1.0,9,9,0,1
830,sauna,0.7,30,21,9,1
830,restaurant,0.692,13,9,4,1
830,room_service,0.5,6,3,3,1
830,lounge,0.5,2,1,1,1
830,event_space,0.0,1,0,1,1
830,staff,0.8,175,140,35,0
830,cleanliness,0.593,59,35,24,0
830,location,0.941,170,160,10,0
830,room_comfort,0.553,244,135,109,0
830,value,0.307,75,23,52,0
830,noise,0.308,39,12,27,0
830,breakfast,0.328,61,20,41,0
831,wifi,0.25,16,4,12,1
831,pool,0.0,4,0,4,1
831,gym,0.333,3,1,2,1
831,sauna,0.4,5,2,3,1
831,restaurant,0.586,29,17,12,1
831,room_service,0.25,8,2,6,1
831,staff,0.866,112,97,15,0
831,cleanliness,0.87,23,20,3,0
831,location,0.941,136,128,8,0
831,room_comfort,0.644,149,96,53,0
831,value,0.182,33,6,27,0
831,noise,0.714,14,10,4,0
831,breakfast,0.394,66,26,40,0
832,wifi,0.75,4,3,1,1
832,restaurant,1.0,2,2,0,1
832,room_service,0.0,2,0,2,1
832,staff,0.958,48,46,2,0
832,cleanliness,0.765,17,13,4,0
832,location,0.944,54,51,3,0
832,room_comfort,0.6,55,33,22,0
832,value,0.533,15,8,7,0
832,noise,0.8,10,8,2,0
832,breakfast,0.55,20,11,9,0
833,wifi,0.306,36,11,25,1
833,gym,0.571,7,4,3,1
833,sauna,0.0,1,0,1,1
833,restaurant,0.706,34,24,10,1
833,room_service,0.333,9,3,6,1
833,lounge,1.0,4,4,0,1
833,event_space,1.0,1,1,0,1
833,staff,0.808,364,294,70,0
833,cleanliness,0.839,192,161,31,0
833,location,0.914,430,393,37,0
833,room_comfort,0.438,705,309,396,0
833,value,0.533,107,57,50,0
833,noise,0.393,140,55,85,0
833,breakfast,0.784,306,240,66,0
834,wifi,0.333,27,9,18,1
834,gym,0.4,5,2,3,1
834,restaurant,0.55,20,11,9,1
834,room_service,0.286,7,2,5,1
834,lounge,0.8,5,4,1,1
834,event_space,0.5,2,1,1,1
834,staff,0.802,338,271,67,0
834,cleanliness,0.903,154,139,15,0
834,location,0.946,391,370,21,0
834,room_comfort,0.658,444,292,152,0
834,value,0.224,98,22,76,0
834,noise,0.287,94,27,67,0
834,breakfast,0.701,211,148,63,0
835,restaurant,0.5,4,2,2,1
835,room_service,1.0,1,1,0,1
835,staff,0.714,14,10,4,0
835,cleanliness,0.667,3,2,1,0
835,location,1.0,14,14,0,0
835,room_comfort,0.667,18,12,6,0
835,value,0.0,4,0,4,0
835,noise,1.0,1,1,0,0
835,breakfast,0.625,8,5,3,0
836,wifi,0.533,15,8,7,1
836,pool,0.0,1,0,1,1
836,gym,0.0,2,0,2,1
836,restaurant,0.846,13,11,2,1
836,room_service,0.0,2,0,2,1
836,lounge,1.0,2,2,0,1
836,event_space,1.0,1,1,0,1
836,staff,0.789,109,86,23,0
836,cleanliness,0.848,46,39,7,0
836,location,0.949,158,150,8,0
836,room_comfort,0.587,167,98,69,0
836,value,0.357,28,10,18,0
836,noise,0.818,22,18,4,0
836,breakfast,0.565,46,26,20,0
837,wifi,0.333,39,13,26,1
837,gym,0.0,3,0,3,1
837,sauna,0.0,1,0,1,1
837,restaurant,0.767,73,56,17,1
837,room_service,0.5,2,1,1,1
837,staff,0.658,196,129,67,0
837,cleanliness,0.892,111,99,12,0
837,location,0.894,227,203,24,0
837,room_comfort,0.569,320,182,138,0
837,value,0.547,53,29,24,0
837,noise,0.147,68,10,58,0
837,breakfast,0.849,251,213,38,0
838,pool,0.0,1,0,1,1
838,gym,0.0,1,0,1,1
838,sauna,0.0,1,0,1,1
838,restaurant,0.6,5,3,2,1
838,room_service,0.0,2,0,2,1
838,lounge,1.0,2,2,0,1
838,staff,0.976,41,40,1,0
838,cleanliness,1.0,7,7,0,0
838,location,0.971,34,33,1,0
838,room_comfort,0.649,57,37,20,0
838,value,0.429,7,3,4,0
838,noise,1.0,4,4,0,0
838,breakfast,0.231,13,3,10,0
839,wifi,0.2,5,1,4,1
839,sauna,1.0,1,1,0,1
839,restaurant,0.8,10,8,2,1
839,room_service,0.0,1,0,1,1
839,lounge,0.0,3,0,3,1
839,staff,0.91,111,101,10,0
839,cleanliness,0.867,30,26,4,0
839,location,0.991,117,116,1,0
839,room_comfort,0.631,130,82,48,0
839,value,0.263,19,5,14,0
839,noise,0.375,16,6,10,0
839,breakfast,0.212,33,7,26,0
840,wifi,0.06,50,3,47,1
840,pool,0.0,1,0,1,1
840,gym,0.2,5,1,4,1
840,sauna,0.429,7,3,4,1
840,restaurant,0.774,62,48,14,1
840,room_service,0.111,18,2,16,1
840,lounge,0.5,2,1,1,1
840,event_space,0.833,6,5,1,1
840,staff,0.735,446,328,118,0
840,cleanliness,0.913,208,190,18,0
840,location,0.96,478,459,19,0
840,room_comfort,0.614,552,339,213,0
840,value,0.321,131,42,89,0
840,noise,0.73,63,46,17,0
840,breakfast,0.77,322,248,74,0
841,wifi,0.167,6,1,5,1
841,restaurant,0.5,6,3,3,1
841,room_service,0.2,5,1,4,1
841,staff,0.931,29,27,2,0
841,cleanliness,0.7,10,7,3,0
841,location,0.967,30,29,1,0
841,room_comfort,0.586,29,17,12,0
841,value,0.2,5,1,4,0
841,noise,0.5,2,1,1,0
841,breakfast,0.222,9,2,7,0
842,wifi,0.722,18,13,5,1
842,pool,0.167,6,1,5,1
842,gym,0.286,7,2,5,1
842,sauna,0.0,2,0,2,1
842,restaurant,0.561,66,37,29,1
842,room_service,0.4,25,10,15,1
842,lounge,0.667,3,2,1,1
842,event_space,0.333,3,1,2,1
842,staff,0.653,360,235,125,0
842,cleanliness,0.831,213,177,36,0
842,location,0.859,283,243,40,0
842,room_comfort,0.672,747,502,245,0
842,value,0.469,128,60,68,0
842,noise,0.615,104,64,40,0
842,breakfast,0.54,272,147,125,0
843,wifi,0.4,5,2,3,1
843,restaurant,0.5,2,1,1,1
843,staff,0.625,16,10,6,0
843,cleanliness,0.909,11,10,1,0
843,location,0.865,37,32,5,0
843,room_comfort,0.286,28,8,20,0
843,value,0.5,4,2,2,0
843,noise,0.4,5,2,3,0
843,breakfast,0.429,7,3,4,0
844,wifi,0.844,45,38,7,1
844,pool,0.0,1,0,1,1
844,gym,0.727,22,16,6,1
844,sauna,0.5,2,1,1,1
844,restaurant,0.539,89,48,41,1
844,room_service,0.235,17,4,13,1
844,lounge,0.841,44,37,7,1
844,staff,0.734,380,279,101,0
844,cleanliness,0.824,187,154,33,0
844,location,0.946,606,573,33,0
844,room_comfort,0.555,752,417,335,0
844,value,0.563,199,112,87,0
844,noise,0.493,134,66,68,0
844,breakfast,0.343,140,48,92,0
845,wifi,0.833,6,5,1,1
845,restaurant,1.0,1,1,0,1
845,room_service,0.0,1,0,1,1
845,lounge,0.0,1,0,1,1
845,event_space,1.0,1,1,0,1
845,staff,0.592,49,29,20,0
845,cleanliness,0.778,36,28,8,0
845,location,0.933,75,70,5,0
845,room_comfort,0.419,105,44,61,0
845,value,0.5,14,7,7,0
845,noise,0.3,30,9,21,0
845,breakfast,0.409,22,9,13,0
846,wifi,0.143,14,2,12,1
846,gym,0.0,3,0,3,1
846,sauna,0.333,9,3,6,1
846,restaurant,0.25,4,1,3,1
846,room_service,0.5,2,1,1,1
846,staff,0.759,29,22,7,0
846,cleanliness,1.0,9,9,0,0
846,location,0.952,42,40,2,0
846,room_comfort,0.6,40,24,16,0
846,value,0.158,19,3,16,0
846,noise,0.0,4,0,4,0
846,breakfast,0.562,16,9,7,0
847,wifi,0.667,6,4,2,1
847,pool,0.607,28,17,11,1
847,gym,1.0,1,1,0,1
847,sauna,0.7,10,7,3,1
847,restaurant,0.706,17,12,5,1
847,room_service,1.0,2,2,0,1
847,lounge,0.5,2,1,1,1
847,staff,0.944,107,101,6,0
847,cleanliness,0.882,34,30,4,0
847,location,0.954,109,104,5,0
847,room_comfort,0.568,111,63,48,0
847,value,0.455,22,10,12,0
847,noise,0.6,15,9,6,0
847,breakfast,0.729,48,35,13,0
848,wifi,0.0,2,0,2,1
848,gym,1.0,3,3,0,1
848,restaurant,1.0,2,2,0,1
848,staff,0.8,15,12,3,0
848,cleanliness,0.5,4,2,2,0
848,location,0.947,19,18,1,0
848,room_comfort,0.5,20,10,10,0
848,value,0.0,1,0,1,0
848,noise,0.5,2,1,1,0
848,breakfast,0.5,2,1,1,0
849,wifi,0.333,6,2,4,1
849,restaurant,0.8,5,4,1,1
849,room_service,0.0,1,0,1,1
849,staff,0.778,36,28,8,0
849,cleanliness,0.75,32,24,8,0
849,location,0.838,37,31,6,0
849,room_comfort,0.453,64,29,35,0
849,value,0.462,13,6,7,0
849,noise,0.417,12,5,7,0
849,breakfast,0.619,21,13,8,0
850,wifi,0.29,31,9,22,1
850,gym,0.2,5,1,4,1
850,sauna,0.0,1,0,1,1
850,restaurant,1.0,8,8,0,1
850,staff,0.696,92,64,28,0
850,cleanliness,0.384,73,28,45,0
850,location,0.954,175,167,8,0
850,room_comfort,0.348,178,62,116,0
850,value,0.357,42,15,27,0
850,noise,0.227,44,10,34,0
850,breakfast,0.522,46,24,22,0
851,wifi,0.75,8,6,2,1
851,gym,0.0,2,0,2,1
851,sauna,1.0,1,1,0,1
851,restaurant,0.731,26,19,7,1
851,room_service,0.286,7,2,5,1
851,lounge,0.75,4,3,1,1
851,staff,0.898,245,220,25,0
851,cleanliness,0.623,61,38,23,0
851,location,0.94,266,250,16,0
851,room_comfort,0.473,292,138,154,0
851,value,0.302,63,19,44,0
851,noise,0.262,65,17,48,0
851,breakfast,0.583,60,35,25,0
852,wifi,0.571,7,4,3,1
852,pool,0.0,1,0,1,1
852,gym,0.5,2,1,1,1
852,restaurant,0.875,24,21,3,1
852,room_service,0.0,2,0,2,1
852,lounge,0.5,2,1,1,1
852,event_space,0.0,1,0,1,1
852,staff,0.698,116,81,35,0
852,cleanliness,0.667,57,38,19,0
852,location,0.948,154,146,8,0
852,room_comfort,0.605,205,124,81,0
852,value,0.386,44,17,27,0
852,noise,0.7,20,14,6,0
852,breakfast,0.56,84,47,37,0
853,wifi,0.667,3,2,1,1
853,restaurant,0.889,9,8,1,1
853,lounge,1.0,1,1,0,1
853,staff,0.889,27,24,3,0
853,cleanliness,0.917,12,11,1,0
853,location,0.976,42,41,1,0
853,room_comfort,0.381,42,16,26,0
853,value,0.5,4,2,2,0
853,noise,0.667,6,4,2,0
853,breakfast,0.875,8,7,1,0
854,wifi,0.75,8,6,2,1
854,pool,0.618,68,42,26,1
854,gym,0.16,25,4,21,1
854,sauna,0.736,125,92,33,1
854,restaurant,0.463,41,19,22,1
854,room_service,0.667,24,16,8,1
854,lounge,0.5,2,1,1,1
854,event_space,0.5,2,1,1,1
854,staff,0.691,285,197,88,0
854,cleanliness,0.831,136,113,23,0
854,location,0.691,217,150,67,0
854,room_comfort,0.707,501,354,147,0
854,value,0.373,126,47,79,0
854,noise,0.519,54,28,26,0
854,breakfast,0.465,200,93,107,0
855,wifi,0.833,6,5,1,1
855,pool,0.0,1,0,1,1
855,gym,0.0,2,0,2,1
855,sauna,0.0,1,0,1,1
855,restaurant,0.778,18,14,4,1
855,room_service,0.0,2,0,2,1
855,event_space,1.0,1,1,0,1
855,staff,0.954,65,62,3,0
855,cleanliness,0.909,22,20,2,0
855,location,0.966,87,84,3,0
855,room_comfort,0.705,88,62,26,0
855,value,0.364,11,4,7,0
855,noise,0.533,15,8,7,0
855,breakfast,0.894,66,59,7,0
856,wifi,0.0,3,0,3,1
856,restaurant,0.667,9,6,3,1
856,staff,0.815,27,22,5,0
856,cleanliness,0.8,10,8,2,0
856,location,1.0,16,16,0,0
856,room_comfort,0.71,31,22,9,0
856,value,0.25,4,1,3,0
856,noise,0.667,9,6,3,0
856,breakfast,0.625,16,10,6,0
857,wifi,0.6,10,6,4,1
857,gym,1.0,1,1,0,1
857,restaurant,0.667,6,4,2,1
857,room_service,0.0,1,0,1,1
857,staff,0.848,46,39,7,0
857,cleanliness,0.95,20,19,1,0
857,location,0.7,30,21,9,0
857,room_comfort,0.604,48,29,19,0
857,value,0.762,21,16,5,0
857,noise,0.083,12,1,11,0
857,breakfast,0.718,39,28,11,0
858,wifi,0.429,28,12,16,1
858,pool,0.463,123,57,66,1
858,gym,0.52,25,13,12,1
858,sauna,0.4,25,10,15,1
858,restaurant,0.605,43,26,17,1
858,room_service,0.364,11,4,7,1
858,lounge,0.444,9,4,5,1
858,event_space,0.75,8,6,2,1
858,staff,0.716,208,149,59,0
858,cleanliness,0.756,119,90,29,0
858,location,0.823,226,186,40,0
858,room_comfort,0.58,352,204,148,0
858,value,0.345,84,29,55,0
858,noise,0.44,50,22,28,0
858,breakfast,0.733,146,107,39,0
859,wifi,0.333,3,1,2,1
859,gym,0.0,1,0,1,1
859,sauna,0.667,3,2,1,1
859,restaurant,0.5,8,4,4,1
859,room_service,0.5,6,3,3,1
859,lounge,0.667,6,4,2,1
859,event_space,1.0,1,1,0,1
859,staff,0.818,55,45,10,0
859,cleanliness,0.75,8,6,2,0
859,location,0.897,58,52,6,0
859,room_comfort,0.512,80,41,39,0
859,value,0.2,15,3,12,0
859,noise,0.333,9,3,6,0
859,breakfast,0.844,45,38,7,0
860,wifi,0.278,18,5,13,1
860,pool,0.0,1,0,1,1
860,gym,0.0,1,0,1,1
860,restaurant,0.231,13,3,10,1
860,room_service,0.0,7,0,7,1
860,staff,0.603,78,47,31,0
860,cleanliness,0.525,40,21,19,0
860,location,0.927,123,114,9,0
860,room_comfort,0.526,137,72,65,0
860,value,0.487,39,19,20,0
860,noise,0.55,20,11,9,0
860,breakfast,0.409,44,18,26,0
861,wifi,0.0,6,0,6,1
861,gym,0.0,1,0,1,1
861,restaurant,0.375,8,3,5,1
861,room_service,0.0,1,0,1,1
861,staff,0.8,40,32,8,0
861,cleanliness,0.824,17,14,3,0
861,location,0.865,37,32,5,0
861,room_comfort,0.438,48,21,27,0
861,value,0.111,9,1,8,0
861,noise,0.375,8,3,5,0
861,breakfast,0.455,22,10,12,0
862,wifi,0.038,26,1,25,1
862,gym,0.111,9,1,8,1
862,sauna,0.0,2,0,2,1
862,restaurant,0.438,16,7,9,1
862,room_service,0.5,8,4,4,1
862,lounge,0.333,3,1,2,1
862,staff,0.674,190,128,62,0
862,cleanliness,0.772,79,61,18,0
862,location,0.91,166,151,15,0
862,room_comfort,0.485,367,178,189,0
862,value,0.115,52,6,46,0
862,noise,0.197,71,14,57,0
862,breakfast,0.741,143,106,37,0
863,wifi,0.808,26,21,5,1
863,pool,0.0,1,0,1,1
863,gym,0.25,8,2,6,1
863,restaurant,0.64,75,48,27,1
863,room_service,0.381,21,8,13,1
863,lounge,0.0,1,0,1,1
863,staff,0.823,481,396,85,0
863,cleanliness,0.759,145,110,35,0
863,location,0.927,465,431,34,0
863,room_comfort,0.421,822,346,476,0
863,value,0.246,130,32,98,0
863,noise,0.372,113,42,71,0
863,breakfast,0.762,382,291,91,0
864,wifi,0.407,27,11,16,1
864,pool,0.0,2,0,2,1
864,gym,0.125,8,1,7,1
864,sauna,0.0,1,0,1,1
864,restaurant,0.778,63,49,14,1
864,room_service,0.571,14,8,6,1
864,lounge,0.667,9,6,3,1
864,event_space,0.5,2,1,1,1
864,staff,0.864,295,255,40,0
864,cleanliness,0.857,112,96,16,0
864,location,0.963,244,235,9,0
864,room_comfort,0.663,419,278,141,0
864,value,0.28,100,28,72,0
864,noise,0.678,59,40,19,0
864,breakfast,0.706,221,156,65,0
865,wifi,0.758,33,25,8,1
865,pool,0.0,1,0,1,1
865,restaurant,0.633,30,19,11,1
865,room_service,0.667,6,4,2,1
865,lounge,0.167,6,1,5,1
865,event_space,0.0,1,0,1,1
865,staff,0.934,393,367,26,0
865,cleanliness,0.938,130,122,8,0
865,location,0.884,224,198,26,0
865,room_comfort,0.461,475,219,256,0
865,value,0.443,61,27,34,0
865,noise,0.471,70,33,37,0
865,breakfast,0.61,82,50,32,0
866,wifi,0.143,14,2,12,1
866,restaurant,1.0,8,8,0,1
866,room_service,0.333,3,1,2,1
866,staff,0.894,47,42,5,0
866,cleanliness,0.8,20,16,4,0
866,location,0.958,71,68,3,0
866,room_comfort,0.5,68,34,34,0
866,value,0.316,19,6,13,0
866,noise,0.444,9,4,5,0
866,breakfast,0.375,16,6,10,0
867,wifi,1.0,2,2,0,1
867,gym,0.0,1,0,1,1
867,restaurant,1.0,10,10,0,1
867,lounge,1.0,2,2,0,1
867,staff,0.902,51,46,5,0
867,cleanliness,0.885,26,23,3,0
867,location,0.97,33,32,1,0
867,room_comfort,0.687,67,46,21,0
867,value,0.125,8,1,7,0
867,noise,0.905,21,19,2,0
867,breakfast,0.545,22,12,10,0
868,wifi,0.333,3,1,2,1
868,gym,0.333,3,1,2,1
868,restaurant,0.818,11,9,2,1
868,room_service,0.75,4,3,1,1
868,lounge,1.0,1,1,0,1
868,staff,0.892,102,91,11,0
868,cleanliness,0.333,6,2,4,0
868,location,0.94,67,63,4,0
868,room_comfort,0.524,103,54,49,0
868,value,0.438,16,7,9,0
868,noise,0.5,20,10,10,0
868,breakfast,0.625,32,20,12,0
869,wifi,0.273,11,3,8,1
869,gym,0.714,7,5,2,1
869,sauna,0.5,4,2,2,1
869,restaurant,0.941,17,16,1,1
869,staff,0.929,98,91,7,0
869,cleanliness,0.862,29,25,4,0
869,location,0.975,81,79,2,0
869,room_comfort,0.538,106,57,49,0
869,value,0.696,23,16,7,0
869,noise,0.471,17,8,9,0
869,breakfast,0.824,51,42,9,0
870,wifi,0.478,46,22,24,1
870,pool,0.0,1,0,1,1
870,gym,0.704,27,19,8,1
870,sauna,0.763,38,29,9,1
870,restaurant,0.479,119,57,62,1
870,room_service,0.054,37,2,35,1
870,lounge,1.0,4,4,0,1
870,event_space,0.737,19,14,5,1
870,staff,0.743,448,333,115,0
870,cleanliness,0.822,208,171,37,0
870,location,0.754,456,344,112,0
870,room_comfort,0.774,797,617,180,0
870,value,0.367,128,47,81,0
870,noise,0.628,86,54,32,0
870,breakfast,0.658,570,375,195,0
871,wifi,0.0,54,0,54,1
871,gym,0.0,5,0,5,1
871,sauna,0.0,2,0,2,1
871,restaurant,0.588,17,10,7,1
871,room_service,0.143,14,2,12,1
871,lounge,1.0,3,3,0,1
871,staff,0.781,128,100,28,0
871,cleanliness,0.7,20,14,6,0
871,location,0.965,171,165,6,0
871,room_comfort,0.384,190,73,117,0
871,value,0.128,47,6,41,0
871,noise,0.292,24,7,17,0
871,breakfast,0.333,48,16,32,0
872,wifi,0.7,10,7,3,1
872,pool,0.667,51,34,17,1
872,gym,0.667,9,6,3,1
872,restaurant,0.882,34,30,4,1
872,room_service,0.0,2,0,2,1
872,lounge,0.75,4,3,1,1
872,staff,0.867,158,137,21,0
872,cleanliness,0.887,80,71,9,0
872,location,0.924,144,133,11,0
872,room_comfort,0.496,236,117,119,0
872,value,0.457,46,21,25,0
872,noise,0.5,38,19,19,0
872,breakfast,0.778,99,77,22,0
873,wifi,0.216,51,11,40,1
873,pool,0.0,2,0,2,1
873,gym,0.0,4,0,4,1
873,sauna,0.0,1,0,1,1
873,restaurant,0.675,123,83,40,1
873,room_service,0.385,13,5,8,1
873,lounge,0.0,1,0,1,1
873,event_space,0.846,13,11,2,1
873,staff,0.798,568,453,115,0
873,cleanliness,0.904,353,319,34,0
873,location,0.888,348,309,39,0
873,room_comfort,0.724,952,689,263,0
873,value,0.562,208,117,91,0
873,noise,0.395,76,30,46,0
873,breakfast,0.464,349,162,187,0
874,wifi,0.167,24,4,20,1
874,pool,0.0,2,0,2,1
874,gym,0.0,1,0,1,1
874,restaurant,0.72,25,18,7,1
874,room_service,0.0,3,0,3,1
874,staff,0.803,76,61,15,0
874,cleanliness,0.696,46,32,14,0
874,location,0.946,112,106,6,0
874,room_comfort,0.483,118,57,61,0
874,value,0.632,19,12,7,0
874,noise,0.409,22,9,13,0
874,breakfast,0.718,39,28,11,0
875,wifi,0.25,24,6,18,1
875,pool,0.0,1,0,1,1
875,gym,0.25,4,1,3,1
875,restaurant,0.842,57,48,9,1
875,room_service,0.5,4,2,2,1
875,lounge,1.0,1,1,0,1
875,staff,0.872,226,197,29,0
875,cleanliness,0.875,40,35,5,0
875,location,0.973,185,180,5,0
875,room_comfort,0.612,263,161,102,0
875,value,0.588,34,20,14,0
875,noise,0.525,61,32,29,0
875,breakfast,0.721,140,101,39,0
876,wifi,0.25,4,1,3,1
876,gym,0.0,1,0,1,1
876,restaurant,0.75,4,3,1,1
876,room_service,0.0,2,0,2,1
876,staff,0.793,29,23,6,0
876,cleanliness,0.85,20,17,3,0
876,location,0.978,45,44,1,0
876,room_comfort,0.431,58,25,33,0
876,value,0.273,11,3,8,0
876,noise,0.25,8,2,6,0
876,breakfast,0.714,7,5,2,0
877,wifi,0.444,9,4,5,1
877,pool,0.0,1,0,1,1
877,gym,0.0,5,0,5,1
877,sauna,0.0,2,0,2,1
877,restaurant,0.611,36,22,14,1
877,room_service,0.5,8,4,4,1
877,lounge,0.0,1,0,1,1
877,staff,0.824,170,140,30,0
877,cleanliness,0.821,56,46,10,0
877,location,0.933,149,139,10,0
877,room_comfort,0.554,224,124,100,0
877,value,0.245,49,12,37,0
877,noise,0.098,41,4,37,0
877,breakfast,0.722,108,78,30,0
878,wifi,0.182,11,2,9,1
878,gym,0.0,1,0,1,1
878,restaurant,0.333,3,1,2,1
878,room_service,0.5,2,1,1,1
878,lounge,0.5,4,2,2,1
878,staff,0.702,57,40,17,0
878,cleanliness,0.632,19,12,7,0
878,location,0.956,68,65,3,0
878,room_comfort,0.506,85,43,42,0
878,value,0.438,16,7,9,0
878,noise,1.0,5,5,0,0
878,breakfast,0.343,35,12,23,0
879,wifi,0.375,24,9,15,1
879,pool,0.0,6,0,6,1
879,gym,0.083,12,1,11,1
879,sauna,0.556,9,5,4,1
879,restaurant,0.675,83,56,27,1
879,room_service,0.188,16,3,13,1
879,lounge,0.889,9,8,1,1
879,event_space,0.333,3,1,2,1
879,staff,0.753,283,213,70,0
879,cleanliness,0.706,119,84,35,0
879,location,0.815,232,189,43,0
879,room_comfort,0.567,372,211,161,0
879,value,0.254,138,35,103,0
879,noise,0.652,115,75,40,0
879,breakfast,0.415,130,54,76,0
880,wifi,0.5,4,2,2,1
880,restaurant,0.375,8,3,5,1
880,room_service,0.333,6,2,4,1
880,staff,0.886,35,31,4,0
880,cleanliness,0.857,7,6,1,0
880,location,0.939,33,31,2,0
880,room_comfort,0.681,47,32,15,0
880,value,0.2,10,2,8,0
880,noise,0.5,6,3,3,0
880,breakfast,0.429,14,6,8,0
881,wifi,0.361,72,26,46,1
881,pool,0.0,4,0,4,1
881,gym,0.0,3,0,3,1
881,sauna,0.0,1,0,1,1
881,restaurant,0.393,84,33,51,1
881,room_service,0.571,7,4,3,1
881,lounge,0.0,2,0,2,1
881,event_space,1.0,1,1,0,1
881,staff,0.724,351,254,97,0
881,cleanliness,0.689,264,182,82,0
881,location,0.693,261,181,80,0
881,room_comfort,0.578,628,363,265,0
881,value,0.476,145,69,76,0
881,noise,0.508,61,31,30,0
881,breakfast,0.589,175,103,72,0
882,wifi,0.25,4,1,3,1
882,pool,0.0,3,0,3,1
882,gym,1.0,2,2,0,1
882,sauna,0.0,5,0,5,1
882,restaurant,0.444,9,4,5,1
882,room_service,0.0,2,0,2,1
882,lounge,1.0,5,5,0,1
882,staff,0.565,46,26,20,0
882,cleanliness,0.556,18,10,8,0
882,location,0.724,29,21,8,0
882,room_comfort,0.537,67,36,31,0
882,value,0.333,18,6,12,0
882,noise,0.8,5,4,1,0
882,breakfast,0.45,40,18,22,0
883,wifi,0.302,43,13,30,1
883,pool,0.0,2,0,2,1
883,gym,0.0,6,0,6,1
883,restaurant,0.79,62,49,13,1
883,room_service,0.308,13,4,9,1
883,lounge,0.333,3,1,2,1
883,event_space,1.0,3,3,0,1
883,staff,0.891,395,352,43,0
883,cleanliness,0.812,207,168,39,0
883,location,0.965,403,389,14,0
883,room_comfort,0.514,558,287,271,0
883,value,0.333,126,42,84,0
883,noise,0.57,86,49,37,0
883,breakfast,0.777,287,223,64,0
884,wifi,0.5,14,7,7,1
884,restaurant,1.0,11,11,0,1
884,room_service,0.5,2,1,1,1
884,event_space,0.75,4,3,1,1
884,staff,0.914,58,53,5,0
884,cleanliness,0.959,49,47,2,0
884,location,0.892,93,83,10,0
884,room_comfort,0.566,106,60,46,0
884,value,0.333,30,10,20,0
884,noise,0.385,13,5,8,0
884,breakfast,0.15,20,3,17,0
885,wifi,0.091,11,1,10,1
885,pool,0.585,41,24,17,1
885,gym,0.0,5,0,5,1
885,sauna,0.615,13,8,5,1
885,restaurant,0.667,57,38,19,1
885,room_service,0.667,9,6,3,1
885,lounge,0.6,5,3,2,1
885,event_space,1.0,1,1,0,1
885,staff,0.929,196,182,14,0
885,cleanliness,0.938,32,30,2,0
885,location,0.973,113,110,3,0
885,room_comfort,0.81,163,132,31,0
885,value,0.259,58,15,43,0
885,noise,0.824,17,14,3,0
885,breakfast,0.626,91,57,34,0
886,wifi,0.476,42,20,22,1
886,pool,0.0,2,0,2,1
886,gym,0.143,14,2,12,1
886,sauna,0.6,15,9,6,1
886,restaurant,0.446,56,25,31,1
886,room_service,0.333,6,2,4,1
886,lounge,0.71,31,22,9,1
886,event_space,0.5,4,2,2,1
886,staff,0.66,159,105,54,0
886,cleanliness,0.844,128,108,20,0
886,location,0.754,171,129,42,0
886,room_comfort,0.694,317,220,97,0
886,value,0.343,105,36,69,0
886,noise,0.595,42,25,17,0
886,breakfast,0.669,163,109,54,0
887,wifi,0.4,10,4,6,1
887,pool,0.0,3,0,3,1
887,gym,0.667,3,2,1,1
887,restaurant,0.724,29,21,8,1
887,room_service,0.333,3,1,2,1
887,lounge,0.0,1,0,1,1
887,staff,0.845,71,60,11,0
887,cleanliness,0.85,40,34,6,0
887,location,0.635,52,33,19,0
887,room_comfort,0.716,74,53,21,0
887,value,0.524,21,11,10,0
887,noise,0.571,21,12,9,0
887,breakfast,0.659,44,29,15,0
888,wifi,0.419,31,13,18,1
888,pool,0.0,2,0,2,1
888,gym,0.5,8,4,4,1
888,restaurant,0.697,66,46,20,1
888,room_service,1.0,3,3,0,1
888,lounge,0.667,3,2,1,1
888,event_space,0.0,1,0,1,1
888,staff,0.832,388,323,65,0
888,cleanliness,0.724,152,110,42,0
888,location,0.893,270,241,29,0
888,room_comfort,0.581,511,297,214,0
888,value,0.198,116,23,93,0
888,noise,0.415,82,34,48,0
888,breakfast,0.4,140,56,84,0
889,wifi,0.0,7,0,7,1
889,pool,0.333,3,1,2,1
889,gym,0.0,1,0,1,1
889,sauna,0.25,4,1,3,1
889,restaurant,0.5,4,2,2,1
889,room_service,0.25,4,1,3,1
889,staff,0.75,52,39,13,0
889,cleanliness,0.632,19,12,7,0
889,location,0.983,60,59,1,0
889,room_comfort,0.491,57,28,29,0
889,value,0.2,15,3,12,0
889,noise,0.571,7,4,3,0
889,breakfast,0.529,17,9,8,0
890,wifi,0.222,9,2,7,1
890,gym,0.0,1,0,1,1
890,restaurant,0.875,8,7,1,1
890,staff,0.63,46,29,17,0
890,cleanliness,0.897,29,26,3,0
890,location,0.921,38,35,3,0
890,room_comfort,0.607,61,37,24,0
890,value,0.778,9,7,2,0
890,noise,0.4,5,2,3,0
890,breakfast,0.667,15,10,5,0
891,pool,1.0,2,2,0,1
891,gym,0.5,2,1,1,1
891,sauna,0.0,1,0,1,1
891,restaurant,0.87,23,20,3,1
891,room_service,0.5,2,1,1,1
891,staff,0.746,59,44,15,0
891,cleanliness,0.917,36,33,3,0
891,location,0.868,53,46,7,0
891,room_comfort,0.635,96,61,35,0
891,value,0.471,17,8,9,0
891,noise,0.714,14,10,4,0
891,breakfast,0.556,18,10,8,0
892,wifi,0.333,12,4,8,1
892,gym,0.667,3,2,1,1
892,sauna,1.0,1,1,0,1
892,restaurant,0.87,23,20,3,1
892,staff,0.883,120,106,14,0
892,cleanliness,0.857,42,36,6,0
892,location,0.962,156,150,6,0
892,room_comfort,0.479,169,81,88,0
892,value,0.241,29,7,22,0
892,noise,0.481,27,13,14,0
892,breakfast,0.558,43,24,19,0
893,wifi,0.875,8,7,1,1
893,pool,0.0,2,0,2,1
893,gym,0.75,4,3,1,1
893,sauna,0.5,2,1,1,1
893,restaurant,0.65,20,13,7,1
893,room_service,0.5,4,2,2,1
893,lounge,1.0,12,12,0,1
893,event_space,0.667,3,2,1,1
893,staff,0.939,147,138,9,0
893,cleanliness,0.944,54,51,3,0
893,location,0.743,105,78,27,0
893,room_comfort,0.816,163,133,30,0
893,value,0.281,57,16,41,0
893,noise,0.87,23,20,3,0
893,breakfast,0.675,83,56,27,0
894,wifi,0.25,4,1,3,1
894,restaurant,1.0,1,1,0,1
894,lounge,1.0,1,1,0,1
894,staff,0.85,20,17,3,0
894,cleanliness,0.7,10,7,3,0
894,location,1.0,21,21,0,0
894,room_comfort,0.393,28,11,17,0
894,value,0.1,10,1,9,0
894,noise,1.0,4,4,0,0
894,breakfast,0.353,17,6,11,0
895,wifi,0.351,37,13,24,1
895,pool,0.0,5,0,5,1
895,gym,0.077,13,1,12,1
895,sauna,0.0,4,0,4,1
895,restaurant,0.649,37,24,13,1
895,room_service,0.138,29,4,25,1
895,lounge,0.417,12,5,7,1
895,event_space,0.556,9,5,4,1
895,staff,0.682,311,212,99,0
895,cleanliness,0.358,123,44,79,0
895,location,0.948,363,344,19,0
895,room_comfort,0.325,587,191,396,0
895,value,0.23,139,32,107,0
895,noise,0.119,101,12,89,0
895,breakfast,0.453,150,68,82,0
896,wifi,0.556,9,5,4,1
896,restaurant,0.812,16,13,3,1
896,room_service,0.0,1,0,1,1
896,staff,0.855,83,71,12,0
896,cleanliness,0.886,35,31,4,0
896,location,0.939,115,108,7,0
896,room_comfort,0.594,96,57,39,0
896,value,0.375,16,6,10,0
896,noise,0.182,22,4,18,0
896,breakfast,0.829,76,63,13,0
897,wifi,0.25,4,1,3,1
897,sauna,0.4,5,2,3,1
897,restaurant,0.8,5,4,1,1
897,room_service,0.5,2,1,1,1
897,staff,0.761,46,35,11,0
897,cleanliness,0.556,18,10,8,0
897,location,0.929,85,79,6,0
897,room_comfort,0.461,89,41,48,0
897,value,0.222,18,4,14,0
897,noise,0.667,6,4,2,0
897,breakfast,0.263,19,5,14,0
898,wifi,0.667,3,2,1,1
898,gym,0.0,1,0,1,1
898,restaurant,0.5,4,2,2,1
898,room_service,0.0,2,0,2,1
898,staff,0.833,12,10,2,0
898,cleanliness,0.833,6,5,1,0
898,location,1.0,13,13,0,0
898,room_comfort,0.533,15,8,7,0
898,value,0.0,2,0,2,0
898,noise,0.5,2,1,1,0
898,breakfast,0.25,4,1,3,0
899,wifi,0.579,19,11,8,1
899,pool,0.5,2,1,1,1
899,gym,0.143,7,1,6,1
899,sauna,0.0,4,0,4,1
899,restaurant,0.779,86,67,19,1
899,room_service,0.167,18,3,15,1
899,lounge,0.727,11,8,3,1
899,event_space,0.0,1,0,1,1
899,staff,0.599,212,127,85,0
899,cleanliness,0.574,115,66,49,0
899,location,0.474,232,110,122,0
899,room_comfort,0.529,461,244,217,0
899,value,0.305,105,32,73,0
899,noise,0.667,21,14,7,0
899,breakfast,0.63,135,85,50,0
900,wifi,0.333,6,2,4,1
900,restaurant,1.0,4,4,0,1
900,room_service,0.0,1,0,1,1
900,staff,0.906,32,29,3,0
900,cleanliness,0.429,7,3,4,0
900,location,1.0,28,28,0,0
900,room_comfort,0.424,33,14,19,0
900,value,0.25,8,2,6,0
900,noise,0.5,8,4,4,0
900,breakfast,0.538,13,7,6,0
901,wifi,1.0,1,1,0,1
901,gym,1.0,1,1,0,1
901,sauna,1.0,1,1,0,1
901,restaurant,1.0,1,1,0,1
901,lounge,1.0,1,1,0,1
901,staff,0.895,19,17,2,0
901,cleanliness,0.923,13,12,1,0
901,location,0.75,16,12,4,0
901,room_comfort,0.76,25,19,6,0
901,value,0.333,3,1,2,0
901,noise,0.25,4,1,3,0
901,breakfast,0.8,15,12,3,0
902,wifi,0.122,41,5,36,1
902,pool,0.0,9,0,9,1
902,gym,0.273,11,3,8,1
902,sauna,0.0,7,0,7,1
902,restaurant,0.63,27,17,10,1
902,room_service,0.286,7,2,5,1
902,lounge,0.824,17,14,3,1
902,event_space,0.0,1,0,1,1
902,staff,0.813,134,109,25,0
902,cleanliness,0.795,39,31,8,0
902,location,0.821,95,78,17,0
902,room_comfort,0.558,163,91,72,0
902,value,0.188,64,12,52,0
902,noise,0.727,22,16,6,0
902,breakfast,0.74,100,74,26,0
903,wifi,0.561,41,23,18,1
903,pool,0.0,1,0,1,1
903,gym,0.786,14,11,3,1
903,sauna,0.333,3,1,2,1
903,restaurant,0.551,127,70,57,1
903,room_service,0.652,23,15,8,1
903,lounge,0.375,8,3,5,1
903,event_space,0.333,3,1,2,1
903,staff,0.793,685,543,142,0
903,cleanliness,0.815,216,176,40,0
903,location,0.928,671,623,48,0
903,room_comfort,0.499,1103,550,553,0
903,value,0.395,167,66,101,0
903,noise,0.277,271,75,196,0
903,breakfast,0.664,616,409,207,0
904,wifi,0.433,30,13,17,1
904,gym,0.3,10,3,7,1
904,sauna,0.667,6,4,2,1
904,restaurant,0.864,59,51,8,1
904,room_service,0.5,4,2,2,1
904,lounge,1.0,5,5,0,1
904,staff,0.841,270,227,43,0
904,cleanliness,0.842,133,112,21,0
904,location,0.94,335,315,20,0
904,room_comfort,0.515,433,223,210,0
904,value,0.519,81,42,39,0
904,noise,0.77,113,87,26,0
904,breakfast,0.733,247,181,66,0
905,wifi,0.585,65,38,27,1
905,pool,0.0,3,0,3,1
905,gym,0.0,8,0,8,1
905,sauna,0.0,1,0,1,1
905,restaurant,0.644,180,116,64,1
905,room_service,0.263,38,10,28,1
905,lounge,0.733,60,44,16,1
905,event_space,0.4,5,2,3,1
905,staff,0.797,1440,1147,293,0
905,cleanliness,0.663,531,352,179,0
905,location,0.934,1357,1268,89,0
905,room_comfort,0.327,2557,835,1722,0
905,value,0.416,380,158,222,0
905,noise,0.459,194,89,105,0
905,breakfast,0.727,649,472,177,0
906,wifi,0.6,5,3,2,1
906,restaurant,0.857,14,12,2,1
906,room_service,0.25,4,1,3,1
906,lounge,0.5,2,1,1,1
906,staff,0.891,101,90,11,0
906,cleanliness,1.0,12,12,0,0
906,location,0.963,109,105,4,0
906,room_comfort,0.624,178,111,67,0
906,value,0.208,24,5,19,0
906,noise,0.559,34,19,15,0
906,breakfast,0.5,42,21,21,0
907,wifi,0.1,10,1,9,1
907,pool,0.727,11,8,3,1
907,sauna,0.75,12,9,3,1
907,restaurant,0.692,13,9,4,1
907,room_service,1.0,1,1,0,1
907,lounge,0.533,15,8,7,1
907,staff,0.831,65,54,11,0
907,cleanliness,0.909,11,10,1,0
907,location,0.903,31,28,3,0
907,room_comfort,0.678,59,40,19,0
907,value,0.273,22,6,16,0
907,noise,1.0,3,3,0,0
907,breakfast,0.583,36,21,15,0
908,wifi,0.167,6,1,5,1
908,gym,0.0,1,0,1,1
908,restaurant,0.889,9,8,1,1
908,staff,0.805,41,33,8,0
908,cleanliness,0.857,14,12,2,0
908,location,0.976,42,41,1,0
908,room_comfort,0.538,39,21,18,0
908,value,0.1,10,1,9,0
908,noise,0.667,9,6,3,0
908,breakfast,0.55,20,11,9,0
909,wifi,0.533,15,8,7,1
909,pool,0.0,1,0,1,1
909,gym,0.0,1,0,1,1
909,restaurant,0.727,11,8,3,1
909,room_service,0.0,3,0,3,1
909,lounge,1.0,1,1,0,1
909,event_space,0.0,1,0,1,1
909,staff,0.855,83,71,12,0
909,cleanliness,0.815,65,53,12,0
909,location,0.939,98,92,6,0
909,room_comfort,0.664,128,85,43,0
909,value,0.476,21,10,11,0
909,noise,0.714,14,10,4,0
909,breakfast,0.308,26,8,18,0
910,wifi,1.0,5,5,0,1
910,pool,0.0,1,0,1,1
910,gym,0.5,2,1,1,1
910,sauna,0.0,1,0,1,1
910,restaurant,0.444,9,4,5,1
910,room_service,0.2,5,1,4,1
910,lounge,0.0,1,0,1,1
910,staff,0.867,75,65,10,0
910,cleanliness,0.775,40,31,9,0
910,location,0.906,53,48,5,0
910,room_comfort,0.56,91,51,40,0
910,value,0.375,16,6,10,0
910,noise,0.75,4,3,1,0
910,breakfast,0.48,25,12,13,0
911,wifi,0.211,38,8,30,1
911,pool,0.0,2,0,2,1
911,gym,0.0,7,0,7,1
911,sauna,0.0,1,0,1,1
911,restaurant,0.452,42,19,23,1
911,room_service,0.25,4,1,3,1
911,lounge,1.0,2,2,0,1
911,staff,0.822,157,129,28,0
911,cleanliness,0.835,91,76,15,0
911,location,0.903,216,195,21,0
911,room_comfort,0.51,263,134,129,0
911,value,0.381,42,16,26,0
911,noise,0.38,50,19,31,0
911,breakfast,0.457,94,43,51,0
912,wifi,0.205,39,8,31,1
912,pool,0.0,2,0,2,1
912,sauna,0.0,1,0,1,1
912,restaurant,0.6,15,9,6,1
912,room_service,0.333,6,2,4,1
912,lounge,0.222,9,2,7,1
912,staff,0.724,116,84,32,0
912,cleanliness,0.62,50,31,19,0
912,location,0.897,126,113,13,0
912,room_comfort,0.629,143,90,53,0
912,value,0.261,46,12,34,0
912,noise,0.714,7,5,2,0
912,breakfast,0.8,80,64,16,0
913,wifi,0.615,13,8,5,1
913,gym,1.0,3,3,0,1
913,sauna,1.0,1,1,0,1
913,restaurant,0.778,18,14,4,1
913,room_service,0.385,13,5,8,1
913,event_space,1.0,1,1,0,1
913,staff,0.872,156,136,20,0
913,cleanliness,0.821,84,69,15,0
913,location,0.895,172,154,18,0
913,room_comfort,0.535,273,146,127,0
913,value,0.354,48,17,31,0
913,noise,0.764,55,42,13,0
913,breakfast,0.419,62,26,36,0
914,wifi,0.0,6,0,6,1
914,pool,0.667,3,2,1,1
914,sauna,1.0,2,2,0,1
914,restaurant,0.778,9,7,2,1
914,room_service,0.333,3,1,2,1
914,staff,0.919,37,34,3,0
914,cleanliness,0.333,3,1,2,0
914,location,0.943,35,33,2,0
914,room_comfort,0.357,42,15,27,0
914,value,0.111,9,1,8,0
914,noise,0.25,4,1,3,0
914,breakfast,0.684,19,13,6,0
915,wifi,0.571,7,4,3,1
915,pool,0.0,1,0,1,1
915,gym,0.333,3,1,2,1
915,restaurant,0.684,19,13,6,1
915,room_service,0.286,7,2,5,1
915,lounge,1.0,4,4,0,1
915,staff,0.783,143,112,31,0
915,cleanliness,0.806,31,25,6,0
915,location,0.972,107,104,3,0
915,room_comfort,0.569,202,115,87,0
915,value,0.125,32,4,28,0
915,noise,0.556,27,15,12,0
915,breakfast,0.471,68,32,36,0
916,wifi,0.6,5,3,2,1
916,pool,0.385,26,10,16,1
916,gym,0.75,8,6,2,1
916,sauna,0.405,42,17,25,1
916,restaurant,0.826,46,38,8,1
916,room_service,0.727,11,8,3,1
916,lounge,0.848,33,28,5,1
916,staff,0.898,293,263,30,0
916,cleanliness,0.867,30,26,4,0
916,location,0.967,152,147,5,0
916,room_comfort,0.683,281,192,89,0
916,value,0.288,59,17,42,0
916,noise,0.5,28,14,14,0
916,breakfast,0.742,128,95,33,0
917,wifi,0.288,52,15,37,1
917,gym,0.0,1,0,1,1
917,sauna,0.0,1,0,1,1
917,restaurant,0.8,50,40,10,1
917,room_service,0.0,2,0,2,1
917,lounge,0.25,4,1,3,1
917,staff,0.732,231,169,62,0
917,cleanliness,0.838,148,124,24,0
917,location,0.96,322,309,13,0
917,room_comfort,0.401,514,206,308,0
917,value,0.532,77,41,36,0
917,noise,0.551,98,54,44,0
917,breakfast,0.709,175,124,51,0
918,wifi,0.267,15,4,11,1
918,restaurant,0.8,15,12,3,1
918,room_service,0.0,1,0,1,1
918,staff,0.862,94,81,13,0
918,cleanliness,0.825,40,33,7,0
918,location,0.796,93,74,19,0
918,room_comfort,0.463,136,63,73,0
918,value,0.735,34,25,9,0
918,noise,0.476,21,10,11,0
918,breakfast,0.648,54,35,19,0
919,wifi,0.833,6,5,1,1
919,gym,0.5,2,1,1,1
919,sauna,1.0,1,1,0,1
919,restaurant,0.818,11,9,2,1
919,room_service,0.0,2,0,2,1
919,lounge,0.0,1,0,1,1
919,staff,0.758,95,72,23,0
919,cleanliness,0.333,18,6,12,0
919,location,0.957,116,111,5,0
919,room_comfort,0.559,118,66,52,0
919,value,0.1,20,2,18,0
919,noise,0.455,11,5,6,0
919,breakfast,0.5,34,17,17,0
920,wifi,0.429,14,6,8,1
920,sauna,0.0,4,0,4,1
920,restaurant,0.741,27,20,7,1
920,room_service,0.0,4,0,4,1
920,lounge,1.0,2,2,0,1
920,staff,0.858,183,157,26,0
920,cleanliness,0.825,63,52,11,0
920,location,0.963,242,233,9,0
920,room_comfort,0.479,259,124,135,0
920,value,0.111,63,7,56,0
920,noise,0.603,68,41,27,0
920,breakfast,0.424,99,42,57,0
921,wifi,0.098,183,18,165,1
921,pool,0.333,3,1,2,1
921,gym,0.8,10,8,2,1
921,sauna,0.462,13,6,7,1
921,restaurant,0.643,42,27,15,1
921,room_service,0.273,11,3,8,1
921,lounge,0.655,29,19,10,1
921,event_space,0.0,1,0,1,1
921,staff,0.561,180,101,79,0
921,cleanliness,0.482,85,41,44,0
921,location,0.955,313,299,14,0
921,room_comfort,0.386,363,140,223,0
921,value,0.176,102,18,84,0
921,noise,0.286,21,6,15,0
921,breakfast,0.698,179,125,54,0
922,wifi,0.25,4,1,3,1
922,gym,0.0,3,0,3,1
922,sauna,1.0,1,1,0,1
922,restaurant,0.8,55,44,11,1
922,room_service,0.8,5,4,1,1
922,lounge,0.25,4,1,3,1
922,staff,0.924,158,146,12,0
922,cleanliness,0.857,35,30,5,0
922,location,0.988,167,165,2,0
922,room_comfort,0.681,213,145,68,0
922,value,0.44,25,11,14,0
922,noise,0.864,22,19,3,0
922,breakfast,0.671,82,55,27,0
923,wifi,0.792,24,19,5,1
923,pool,0.286,35,10,25,1
923,gym,0.357,14,5,9,1
923,sauna,0.448,29,13,16,1
923,restaurant,0.671,70,47,23,1
923,room_service,0.316,19,6,13,1
923,lounge,0.688,32,22,10,1
923,event_space,0.0,1,0,1,1
923,staff,0.796,314,250,64,0
923,cleanliness,0.779,104,81,23,0
923,location,0.968,345,334,11,0
923,room_comfort,0.553,499,276,223,0
923,value,0.425,80,34,46,0
923,noise,0.45,60,27,33,0
923,breakfast,0.681,326,222,104,0
924,wifi,0.1,10,1,9,1
924,pool,0.421,19,8,11,1
924,gym,0.0,3,0,3,1
924,sauna,0.25,8,2,6,1
924,restaurant,0.45,20,9,11,1
924,room_service,0.333,9,3,6,1
924,lounge,0.0,4,0,4,1
924,staff,0.797,118,94,24,0
924,cleanliness,0.593,27,16,11,0
924,location,0.957,94,90,4,0
924,room_comfort,0.556,169,94,75,0
924,value,0.152,33,5,28,0
924,noise,0.474,19,9,10,0
924,breakfast,0.375,72,27,45,0
925,wifi,0.197,66,13,53,1
925,gym,0.0,2,0,2,1
925,sauna,0.0,2,0,2,1
925,restaurant,0.882,51,45,6,1
925,room_service,0.444,9,4,5,1
925,event_space,0.0,1,0,1,1
925,staff,0.604,318,192,126,0
925,cleanliness,0.529,170,90,80,0
925,location,0.953,486,463,23,0
925,room_comfort,0.435,581,253,328,0
925,value,0.275,102,28,74,0
925,noise,0.34,100,34,66,0
925,breakfast,0.653,147,96,51,0
926,wifi,0.783,23,18,5,1
926,pool,0.0,1,0,1,1
926,gym,0.0,2,0,2,1
926,sauna,0.0,1,0,1,1
926,restaurant,0.783,23,18,5,1
926,room_service,0.0,2,0,2,1
926,lounge,0.0,1,0,1,1
926,staff,0.879,141,124,17,0
926,cleanliness,0.856,97,83,14,0
926,location,0.884,155,137,18,0
926,room_comfort,0.626,211,132,79,0
926,value,0.528,36,19,17,0
926,noise,0.788,33,26,7,0
926,breakfast,0.597,159,95,64,0
927,wifi,0.385,13,5,8,1
927,pool,0.637,102,65,37,1
927,gym,0.412,17,7,10,1
927,sauna,0.133,30,4,26,1
927,restaurant,0.366,101,37,64,1
927,room_service,0.4,30,12,18,1
927,lounge,0.2,5,1,4,1
927,staff,0.836,470,393,77,0
927,cleanliness,0.619,63,39,24,0
927,location,0.792,130,103,27,0
927,room_comfort,0.731,591,432,159,0
927,value,0.258,194,50,144,0
927,noise,0.5,14,7,7,0
927,breakfast,0.415,236,98,138,0
928,wifi,0.0,11,0,11,1
928,restaurant,0.4,10,4,6,1
928,staff,0.632,38,24,14,0
928,cleanliness,0.75,16,12,4,0
928,location,0.943,35,33,2,0
928,room_comfort,0.482,56,27,29,0
928,value,0.571,7,4,3,0
928,noise,0.444,9,4,5,0
928,breakfast,0.444,27,12,15,0
929,wifi,0.0,1,0,1,1
929,restaurant,1.0,1,1,0,1
929,staff,0.667,12,8,4,0
929,cleanliness,0.667,3,2,1,0
929,location,0.9,10,9,1,0
929,room_comfort,0.7,10,7,3,0
929,value,0.0,2,0,2,0
929,noise,0.333,3,1,2,0
929,breakfast,0.333,3,1,2,0
930,wifi,0.0,2,0,2,1
930,restaurant,0.5,2,1,1,1
930,room_service,0.0,1,0,1,1
930,lounge,1.0,2,2,0,1
930,staff,0.75,12,9,3,0
930,cleanliness,0.75,4,3,1,0
930,location,0.933,15,14,1,0
930,room_comfort,0.333,18,6,12,0
930,value,0.25,4,1,3,0
930,noise,1.0,1,1,0,0
930,breakfast,0.429,7,3,4,0
931,wifi,0.0,1,0,1,1
931,gym,0.0,2,0,2,1
931,restaurant,0.0,1,0,1,1
931,room_service,1.0,1,1,0,1
931,staff,0.538,13,7,6,0
931,cleanliness,0.4,5,2,3,0
931,location,0.125,8,1,7,0
931,room_comfort,0.588,17,10,7,0
931,value,0.5,2,1,1,0
931,noise,0.0,1,0,1,0
931,breakfast,0.0,4,0,4,0
932,wifi,0.367,30,11,19,1
932,restaurant,0.625,16,10,6,1
932,lounge,0.0,1,0,1,1
932,staff,0.777,197,153,44,0
932,cleanliness,0.893,131,117,14,0
932,location,0.934,259,242,17,0
932,room_comfort,0.546,337,184,153,0
932,value,0.525,59,31,28,0
932,noise,0.419,86,36,50,0
932,breakfast,0.466,174,81,93,0
933,wifi,1.0,1,1,0,1
933,restaurant,0.75,4,3,1,1
933,lounge,0.0,1,0,1,1
933,staff,0.885,26,23,3,0
933,cleanliness,0.667,12,8,4,0
933,location,1.0,26,26,0,0
933,room_comfort,0.564,39,22,17,0
933,value,0.6,10,6,4,0
933,noise,0.5,8,4,4,0
933,breakfast,0.591,22,13,9,0
934,wifi,1.0,16,16,0,1
934,pool,0.542,24,13,11,1
934,gym,0.0,4,0,4,1
934,sauna,0.5,2,1,1,1
934,restaurant,0.412,17,7,10,1
934,room_service,0.333,9,3,6,1
934,lounge,1.0,1,1,0,1
934,staff,0.878,123,108,15,0
934,cleanliness,0.934,61,57,4,0
934,location,0.811,122,99,23,0
934,room_comfort,0.629,205,129,76,0
934,value,0.333,36,12,24,0
934,noise,0.654,26,17,9,0
934,breakfast,0.532,77,41,36,0
935,wifi,0.2,10,2,8,1
935,gym,0.667,3,2,1,1
935,restaurant,1.0,11,11,0,1
935,room_service,0.333,3,1,2,1
935,staff,0.811,106,86,20,0
935,cleanliness,0.892,74,66,8,0
935,location,0.912,137,125,12,0
935,room_comfort,0.588,177,104,73,0
935,value,0.312,32,10,22,0
935,noise,0.167,30,5,25,0
935,breakfast,0.415,53,22,31,0
936,wifi,0.714,7,5,2,1
936,restaurant,0.833,6,5,1,1
936,staff,0.897,29,26,3,0
936,cleanliness,0.8,20,16,4,0
936,location,0.939,49,46,3,0
936,room_comfort,0.479,48,23,25,0
936,value,0.667,12,8,4,0
936,noise,0.5,8,4,4,0
936,breakfast,0.733,30,22,8,0
937,wifi,0.2,5,1,4,1
937,gym,0.5,2,1,1,1
937,sauna,0.0,1,0,1,1
937,restaurant,0.333,9,3,6,1
937,room_service,0.0,2,0,2,1
937,lounge,0.0,1,0,1,1
937,staff,0.574,68,39,29,0
937,cleanliness,0.793,58,46,12,0
937,location,0.233,116,27,89,0
937,room_comfort,0.76,125,95,30,0
937,value,0.32,25,8,17,0
937,noise,0.5,8,4,4,0
937,breakfast,0.579,38,22,16,0
938,wifi,0.4,5,2,3,1
938,restaurant,0.0,1,0,1,1
938,staff,0.524,21,11,10,0
938,cleanliness,0.857,21,18,3,0
938,location,1.0,22,22,0,0
938,room_comfort,0.585,41,24,17,0
938,value,0.7,10,7,3,0
938,noise,0.231,13,3,10,0
938,breakfast,0.667,9,6,3,0
939,wifi,0.25,4,1,3,1
939,restaurant,0.0,1,0,1,1
939,staff,0.952,21,20,1,0
939,cleanliness,0.889,18,16,2,0
939,location,0.864,22,19,3,0
939,room_comfort,0.704,27,19,8,0
939,value,0.667,3,2,1,0
939,noise,0.4,5,2,3,0
939,breakfast,0.944,18,17,1,0
940,wifi,0.278,18,5,13,1
940,pool,0.364,33,12,21,1
940,gym,0.556,9,5,4,1
940,sauna,0.353,17,6,11,1
940,restaurant,0.6,25,15,10,1
940,room_service,0.4,5,2,3,1
940,lounge,0.75,4,3,1,1
940,event_space,0.0,2,0,2,1
940,staff,0.84,206,173,33,0
940,cleanliness,0.695,59,41,18,0
940,location,0.967,241,233,8,0
940,room_comfort,0.472,233,110,123,0
940,value,0.291,55,16,39,0
940,noise,0.333,24,8,16,0
940,breakfast,0.522,67,35,32,0
941,wifi,0.289,45,13,32,1
941,pool,0.0,1,0,1,1
941,gym,0.2,10,2,8,1
941,sauna,1.0,3,3,0,1
941,restaurant,0.605,38,23,15,1
941,room_service,0.375,8,3,5,1
941,lounge,1.0,1,1,0,1
941,event_space,1.0,1,1,0,1
941,staff,0.631,241,152,89,0
941,cleanliness,0.78,82,64,18,0
941,location,0.961,363,349,14,0
941,room_comfort,0.525,297,156,141,0
941,value,0.466,58,27,31,0
941,noise,0.471,51,24,27,0
941,breakfast,0.848,237,201,36,0
942,wifi,0.083,24,2,22,1
942,sauna,1.0,1,1,0,1
942,restaurant,0.667,3,2,1,1
942,lounge,1.0,1,1,0,1
942,staff,0.849,53,45,8,0
942,cleanliness,0.5,14,7,7,0
942,location,0.955,67,64,3,0
942,room_comfort,0.311,45,14,31,0
942,value,0.357,14,5,9,0
942,noise,0.444,9,4,5,0
942,breakfast,0.25,12,3,9,0
943,wifi,0.568,74,42,32,1
943,gym,0.0,2,0,2,1
943,sauna,0.778,36,28,8,1
943,restaurant,0.509,57,29,28,1
943,room_service,0.0,11,0,11,1
943,event_space,0.0,1,0,1,1
943,staff,0.68,203,138,65,0
943,cleanliness,0.871,93,81,12,0
943,location,0.948,426,404,22,0
943,room_comfort,0.621,356,221,135,0
943,value,0.539,76,41,35,0
943,noise,0.8,30,24,6,0
943,breakfast,0.725,233,169,64,0
944,wifi,0.429,7,3,4,1
944,pool,0.0,1,0,1,1
944,gym,0.0,2,0,2,1
944,sauna,0.0,1,0,1,1
944,restaurant,0.852,27,23,4,1
944,room_service,0.5,4,2,2,1
944,lounge,0.833,24,20,4,1
944,event_space,1.0,1,1,0,1
944,staff,0.934,226,211,15,0
944,cleanliness,0.704,27,19,8,0
944,location,0.966,147,142,5,0
944,room_comfort,0.608,199,121,78,0
944,value,0.55,40,22,18,0
944,noise,0.579,19,11,8,0
944,breakfast,0.91,156,142,14,0
945,wifi,1.0,24,24,0,1
945,pool,0.0,1,0,1,1
945,sauna,1.0,2,2,0,1
945,restaurant,0.485,33,16,17,1
945,room_service,0.25,4,1,3,1
945,lounge,1.0,4,4,0,1
945,staff,0.836,269,225,44,0
945,cleanliness,0.738,122,90,32,0
945,location,0.76,183,139,44,0
945,room_comfort,0.607,377,229,148,0
945,value,0.464,69,32,37,0
945,noise,0.744,39,29,10,0
945,breakfast,0.717,120,86,34,0
946,wifi,0.083,12,1,11,1
946,pool,0.0,1,0,1,1
946,gym,0.75,4,3,1,1
946,restaurant,0.875,40,35,5,1
946,room_service,0.0,1,0,1,1
946,staff,0.887,80,71,9,0
946,cleanliness,0.917,24,22,2,0
946,location,0.979,97,95,2,0
946,room_comfort,0.527,91,48,43,0
946,value,0.25,16,4,12,0
946,noise,0.273,22,6,16,0
946,breakfast,0.526,38,20,18,0
947,wifi,0.162,37,6,31,1
947,pool,0.584,89,52,37,1
947,gym,0.15,20,3,17,1
947,sauna,0.561,98,55,43,1
947,restaurant,0.549,71,39,32,1
947,room_service,0.471,17,8,9,1
947,lounge,0.167,6,1,5,1
947,event_space,0.333,3,1,2,1
947,staff,0.765,345,264,81,0
947,cleanliness,0.488,82,40,42,0
947,location,0.943,438,413,25,0
947,room_comfort,0.411,511,210,301,0
947,value,0.279,111,31,80,0
947,noise,0.397,73,29,44,0
947,breakfast,0.593,150,89,61,0
948,wifi,0.857,7,6,1,1
948,gym,0.25,4,1,3,1
948,restaurant,0.794,34,27,7,1
948,room_service,0.25,4,1,3,1
948,lounge,0.2,5,1,4,1
948,staff,0.836,201,168,33,0
948,cleanliness,0.712,66,47,19,0
948,location,0.928,320,297,23,0
948,room_comfort,0.46,348,160,188,0
948,value,0.361,72,26,46,0
948,noise,0.377,61,23,38,0
948,breakfast,0.571,56,32,24,0
949,wifi,1.0,2,2,0,1
949,pool,0.52,25,13,12,1
949,gym,0.667,3,2,1,1
949,sauna,0.5,4,2,2,1
949,restaurant,0.429,14,6,8,1
949,room_service,0.667,3,2,1,1
949,staff,0.82,61,50,11,0
949,cleanliness,0.848,33,28,5,0
949,location,0.565,46,26,20,0
949,room_comfort,0.629,62,39,23,0
949,value,0.684,19,13,6,0
949,noise,0.6,10,6,4,0
949,breakfast,0.812,48,39,9,0
950,wifi,0.8,10,8,2,1
950,pool,0.641,39,25,14,1
950,gym,0.286,7,2,5,1
950,restaurant,0.958,24,23,1,1
950,room_service,0.0,2,0,2,1
950,lounge,1.0,3,3,0,1
950,event_space,0.0,1,0,1,1
950,staff,0.947,226,214,12,0
950,cleanliness,0.833,60,50,10,0
950,location,0.974,193,188,5,0
950,room_comfort,0.619,210,130,80,0
950,value,0.286,56,16,40,0
950,noise,0.345,29,10,19,0
950,breakfast,0.721,111,80,31,0
951,wifi,0.333,6,2,4,1
951,restaurant,0.923,13,12,1,1
951,room_service,0.5,2,1,1,1
951,staff,0.987,76,75,1,0
951,cleanliness,0.844,32,27,5,0
951,location,0.949,99,94,5,0
951,room_comfort,0.534,116,62,54,0
951,value,0.3,20,6,14,0
951,noise,0.944,18,17,1,0
951,breakfast,0.524,21,11,10,0
952,wifi,0.333,3,1,2,1
952,restaurant,0.714,7,5,2,1
952,room_service,0.0,1,0,1,1
952,lounge,0.5,2,1,1,1
952,staff,0.844,32,27,5,0
952,cleanliness,0.727,11,8,3,0
952,location,0.93,43,40,3,0
952,room_comfort,0.5,42,21,21,0
952,value,0.3,10,3,7,0
952,noise,1.0,2,2,0,0
952,breakfast,0.389,18,7,11,0
953,pool,0.688,16,11,5,1
953,gym,0.0,1,0,1,1
953,sauna,0.0,2,0,2,1
953,restaurant,1.0,4,4,0,1
953,room_service,0.0,1,0,1,1
953,lounge,1.0,1,1,0,1
953,staff,0.8,25,20,5,0
953,cleanliness,0.25,4,1,3,0
953,location,0.7,10,7,3,0
953,room_comfort,0.5,32,16,16,0
953,value,0.154,13,2,11,0
953,noise,1.0,1,1,0,0
953,breakfast,0.462,13,6,7,0
954,wifi,0.688,16,11,5,1
954,pool,0.0,3,0,3,1
954,gym,0.0,3,0,3,1
954,sauna,0.0,1,0,1,1
954,restaurant,0.438,16,7,9,1
954,staff,0.812,101,82,19,0
954,cleanliness,0.923,65,60,5,0
954,location,0.766,124,95,29,0
954,room_comfort,0.741,143,106,37,0
954,value,0.577,26,15,11,0
954,noise,0.857,14,12,2,0
954,breakfast,0.768,112,86,26,0
955,wifi,1.0,1,1,0,1
955,restaurant,1.0,1,1,0,1
955,room_service,0.0,1,0,1,1
955,staff,0.875,8,7,1,0
955,cleanliness,0.571,7,4,3,0
955,location,1.0,9,9,0,0
955,room_comfort,0.417,12,5,7,0
955,value,1.0,1,1,0,0
955,breakfast,1.0,2,2,0,0
956,wifi,0.346,26,9,17,1
956,pool,0.0,3,0,3,1
956,gym,0.25,4,1,3,1
956,sauna,0.0,1,0,1,1
956,restaurant,0.655,55,36,19,1
956,room_service,0.318,22,7,15,1
956,lounge,0.4,10,4,6,1
956,event_space,1.0,2,2,0,1
956,staff,0.735,358,263,95,0
956,cleanliness,0.774,159,123,36,0
956,location,0.933,356,332,24,0
956,room_comfort,0.54,591,319,272,0
956,value,0.39,177,69,108,0
956,noise,0.574,68,39,29,0
956,breakfast,0.495,208,103,105,0
957,wifi,0.391,69,27,42,1
957,pool,0.0,1,0,1,1
957,restaurant,0.381,21,8,13,1
957,room_service,1.0,2,2,0,1
957,lounge,0.667,3,2,1,1
957,staff,0.617,141,87,54,0
957,cleanliness,0.794,155,123,32,0
957,location,0.647,133,86,47,0
957,room_comfort,0.689,302,208,94,0
957,value,0.75,100,75,25,0
957,noise,0.859,64,55,9,0
957,breakfast,0.646,79,51,28,0
958,wifi,0.0,1,0,1,1
958,sauna,1.0,1,1,0,1
958,restaurant,0.6,5,3,2,1
958,room_service,0.5,2,1,1,1
958,staff,0.895,19,17,2,0
958,cleanliness,1.0,3,3,0,0
958,location,0.889,9,8,1,0
958,room_comfort,0.5,20,10,10,0
958,value,0.4,10,4,6,0
958,noise,1.0,2,2,0,0
958,breakfast,0.625,8,5,3,0
959,wifi,0.417,12,5,7,1
959,pool,0.0,3,0,3,1
959,gym,0.0,5,0,5,1
959,sauna,0.0,4,0,4,1
959,restaurant,0.657,99,65,34,1
959,room_service,0.333,9,3,6,1
959,lounge,1.0,1,1,0,1
959,staff,0.871,202,176,26,0
959,cleanliness,0.652,46,30,16,0
959,location,0.949,118,112,6,0
959,room_comfort,0.608,293,178,115,0
959,value,0.22,59,13,46,0
959,noise,0.341,41,14,27,0
959,breakfast,0.646,65,42,23,0
960,wifi,0.167,12,2,10,1
960,sauna,1.0,1,1,0,1
960,restaurant,0.688,16,11,5,1
960,room_service,1.0,6,6,0,1
960,staff,0.826,161,133,28,0
960,cleanliness,0.878,82,72,10,0
960,location,0.935,168,157,11,0
960,room_comfort,0.63,297,187,110,0
960,value,0.314,70,22,48,0
960,noise,0.649,57,37,20,0
960,breakfast,0.281,64,18,46,0
961,wifi,0.615,13,8,5,1
961,pool,0.807,83,67,16,1
961,gym,0.735,34,25,9,1
961,sauna,0.25,16,4,12,1
961,restaurant,0.652,69,45,24,1
961,room_service,0.545,22,12,10,1
961,lounge,0.762,42,32,10,1
961,event_space,0.5,2,1,1,1
961,staff,0.872,475,414,61,0
961,cleanliness,0.87,138,120,18,0
961,location,0.848,270,229,41,0
961,room_comfort,0.735,626,460,166,0
961,value,0.312,138,43,95,0
961,noise,0.657,67,44,23,0
961,breakfast,0.677,282,191,91,0
962,wifi,0.0,1,0,1,1
962,pool,0.0,1,0,1,1
962,sauna,0.0,1,0,1,1
962,restaurant,0.5,8,4,4,1
962,room_service,0.0,2,0,2,1
962,staff,0.896,48,43,5,0
962,cleanliness,0.625,8,5,3,0
962,location,0.975,40,39,1,0
962,room_comfort,0.52,50,26,24,0
962,value,0.25,16,4,12,0
962,noise,0.714,7,5,2,0
962,breakfast,0.75,16,12,4,0
963,gym,0.0,4,0,4,1
963,sauna,0.0,7,0,7,1
963,restaurant,0.417,12,5,7,1
963,room_service,0.25,4,1,3,1
963,lounge,0.0,3,0,3,1
963,staff,0.644,101,65,36,0
963,cleanliness,0.6,25,15,10,0
963,location,0.926,81,75,6,0
963,room_comfort,0.586,133,78,55,0
963,value,0.265,34,9,25,0
963,noise,0.562,16,9,7,0
963,breakfast,0.441,34,15,19,0
964,wifi,1.0,1,1,0,1
964,pool,0.0,2,0,2,1
964,gym,0.0,1,0,1,1
964,sauna,0.0,3,0,3,1
964,restaurant,0.0,4,0,4,1
964,room_service,0.0,1,0,1,1
964,staff,0.774,62,48,14,0
964,cleanliness,0.364,11,4,7,0
964,location,0.98,49,48,1,0
964,room_comfort,0.49,49,24,25,0
964,value,0.167,6,1,5,0
964,noise,0.667,3,2,1,0
964,breakfast,0.333,12,4,8,0
965,wifi,0.421,19,8,11,1
965,pool,1.0,1,1,0,1
965,gym,0.0,1,0,1,1
965,sauna,0.667,3,2,1,1
965,restaurant,0.4,20,8,12,1
965,room_service,0.0,2,0,2,1
965,lounge,0.0,2,0,2,1
965,staff,0.672,122,82,40,0
965,cleanliness,0.663,83,55,28,0
965,location,0.955,200,191,9,0
965,room_comfort,0.541,222,120,102,0
965,value,0.415,53,22,31,0
965,noise,0.167,36,6,30,0
965,breakfast,0.591,132,78,54,0
966,wifi,0.273,11,3,8,1
966,restaurant,0.4,5,2,3,1
966,room_service,1.0,1,1,0,1
966,lounge,0.0,1,0,1,1
966,staff,0.5,26,13,13,0
966,cleanliness,0.882,17,15,2,0
966,location,0.609,23,14,9,0
966,room_comfort,0.652,46,30,16,0
966,value,0.667,9,6,3,0
966,noise,0.875,8,7,1,0
966,breakfast,0.5,34,17,17,0
967,wifi,0.333,84,28,56,1
967,pool,0.0,1,0,1,1
967,gym,0.091,11,1,10,1
967,sauna,0.333,3,1,2,1
967,restaurant,0.537,80,43,37,1
967,room_service,0.308,52,16,36,1
967,lounge,0.604,48,29,19,1
967,event_space,0.0,1,0,1,1
967,staff,0.625,728,455,273,0
967,cleanliness,0.481,266,128,138,0
967,location,0.952,1019,970,49,0
967,room_comfort,0.343,1179,404,775,0
967,value,0.246,240,59,181,0
967,noise,0.171,146,25,121,0
967,breakfast,0.617,431,266,165,0
968,wifi,0.3,10,3,7,1
968,sauna,0.0,1,0,1,1
968,restaurant,1.0,3,3,0,1
968,lounge,0.0,1,0,1,1
968,staff,0.71,31,22,9,0
968,cleanliness,0.867,15,13,2,0
968,location,0.926,27,25,2,0
968,room_comfort,0.594,32,19,13,0
968,value,0.429,7,3,4,0
968,noise,0.333,3,1,2,0
968,breakfast,0.333,9,3,6,0
969,wifi,0.188,16,3,13,1
969,restaurant,0.636,11,7,4,1
969,staff,0.941,119,112,7,0
969,cleanliness,0.923,26,24,2,0
969,location,0.953,148,141,7,0
969,room_comfort,0.678,115,78,37,0
969,value,0.765,17,13,4,0
969,noise,0.1,20,2,18,0
969,breakfast,0.843,83,70,13,0
970,gym,0.0,2,0,2,1
970,restaurant,1.0,5,5,0,1
970,room_service,0.0,1,0,1,1
970,staff,0.854,41,35,6,0
970,cleanliness,0.75,4,3,1,0
970,location,0.971,34,33,1,0
970,room_comfort,0.529,34,18,16,0
970,value,0.6,5,3,2,0
970,noise,0.75,4,3,1,0
970,breakfast,0.5,8,4,4,0
971,wifi,0.0,14,0,14,1
971,gym,0.5,2,1,1,1
971,restaurant,0.667,9,6,3,1
971,room_service,0.25,4,1,3,1
971,lounge,0.667,12,8,4,1
971,event_space,0.0,1,0,1,1
971,staff,0.846,104,88,16,0
971,cleanliness,0.828,29,24,5,0
971,location,0.866,82,71,11,0
971,room_comfort,0.504,131,66,65,0
971,value,0.103,29,3,26,0
971,noise,0.267,15,4,11,0
971,breakfast,0.557,61,34,27,0
972,wifi,0.545,11,6,5,1
972,pool,0.471,17,8,9,1
972,gym,0.0,3,0,3,1
972,sauna,0.682,44,30,14,1
972,restaurant,0.706,34,24,10,1
972,room_service,1.0,2,2,0,1
972,lounge,0.0,1,0,1,1
972,event_space,0.0,1,0,1,1
972,staff,0.852,182,155,27,0
972,cleanliness,0.875,48,42,6,0
972,location,0.955,291,278,13,0
972,room_comfort,0.575,268,154,114,0
972,value,0.21,62,13,49,0
972,noise,0.436,55,24,31,0
972,breakfast,0.442,77,34,43,0
973,wifi,0.2,5,1,4,1
973,restaurant,0.75,8,6,2,1
973,room_service,0.0,1,0,1,1
973,staff,0.788,33,26,7,0
973,cleanliness,0.5,8,4,4,0
973,location,0.833,42,35,7,0
973,room_comfort,0.434,53,23,30,0
973,value,0.2,5,1,4,0
973,noise,0.8,5,4,1,0
973,breakfast,0.385,13,5,8,0
974,wifi,0.0,1,0,1,1
974,gym,0.667,3,2,1,1
974,sauna,0.667,3,2,1,1
974,restaurant,0.8,5,4,1,1
974,room_service,0.0,1,0,1,1
974,staff,0.893,56,50,6,0
974,cleanliness,0.786,14,11,3,0
974,location,0.979,47,46,1,0
974,room_comfort,0.4,75,30,45,0
974,value,0.125,16,2,14,0
974,noise,0.375,8,3,5,0
974,breakfast,0.481,27,13,14,0
975,gym,0.333,3,1,2,1
975,sauna,1.0,7,7,0,1
975,restaurant,0.8,5,4,1,1
975,staff,0.962,78,75,3,0
975,cleanliness,0.75,8,6,2,0
975,location,0.854,41,35,6,0
975,room_comfort,0.633,60,38,22,0
975,value,0.412,17,7,10,0
975,noise,0.8,10,8,2,0
975,breakfast,0.667,21,14,7,0
976,wifi,0.5,72,36,36,1
976,pool,0.0,1,0,1,1
976,gym,0.0,3,0,3,1
976,sauna,0.0,4,0,4,1
976,restaurant,0.488,43,21,22,1
976,room_service,0.25,4,1,3,1
976,lounge,0.0,4,0,4,1
976,event_space,0.0,1,0,1,1
976,staff,0.693,505,350,155,0
976,cleanliness,0.641,348,223,125,0
976,location,0.936,672,629,43,0
976,room_comfort,0.303,1180,358,822,0
976,value,0.639,191,122,69,0
976,noise,0.209,234,49,185,0
976,breakfast,0.598,644,385,259,0
977,wifi,0.133,15,2,13,1
977,gym,0.667,3,2,1,1
977,sauna,0.667,12,8,4,1
977,restaurant,0.5,8,4,4,1
977,room_service,1.0,2,2,0,1
977,lounge,0.625,8,5,3,1
977,event_space,0.75,4,3,1,1
977,staff,0.625,48,30,18,0
977,cleanliness,0.926,27,25,2,0
977,location,0.945,73,69,4,0
977,room_comfort,0.602,83,50,33,0
977,value,0.407,27,11,16,0
977,noise,0.4,5,2,3,0
977,breakfast,0.656,61,40,21,0
978,wifi,0.333,3,1,2,1
978,pool,0.0,1,0,1,1
978,gym,0.0,1,0,1,1
978,sauna,0.5,4,2,2,1
978,restaurant,0.809,47,38,9,1
978,room_service,0.2,5,1,4,1
978,staff,0.875,120,105,15,0
978,cleanliness,0.773,22,17,5,0
978,location,0.976,84,82,2,0
978,room_comfort,0.634,142,90,52,0
978,value,0.182,22,4,18,0
978,noise,0.421,19,8,11,0
978,breakfast,0.591,44,26,18,0
979,wifi,0.214,28,6,22,1
979,gym,0.2,5,1,4,1
979,sauna,0.667,6,4,2,1
979,restaurant,0.727,11,8,3,1
979,room_service,0.0,2,0,2,1
979,lounge,1.0,1,1,0,1
979,staff,0.735,83,61,22,0
979,cleanliness,0.833,42,35,7,0
979,location,0.928,153,142,11,0
979,room_comfort,0.652,161,105,56,0
979,value,0.275,40,11,29,0
979,noise,0.708,24,17,7,0
979,breakfast,0.629,70,44,26,0
980,wifi,0.2,10,2,8,1
980,sauna,0.0,1,0,1,1
980,restaurant,0.636,22,14,8,1
980,room_service,0.5,2,1,1,1
980,lounge,0.0,1,0,1,1
980,event_space,1.0,1,1,0,1
980,staff,0.828,192,159,33,0
980,cleanliness,0.904,83,75,8,0
980,location,0.916,131,120,11,0
980,room_comfort,0.502,301,151,150,0
980,value,0.625,32,20,12,0
980,noise,0.528,53,28,25,0
980,breakfast,0.801,191,153,38,0
981,wifi,0.333,12,4,8,1
981,gym,0.5,2,1,1,1
981,restaurant,0.741,27,20,7,1
981,room_service,0.4,5,2,3,1
981,lounge,1.0,3,3,0,1
981,staff,0.772,149,115,34,0
981,cleanliness,0.871,62,54,8,0
981,location,0.904,94,85,9,0
981,room_comfort,0.523,237,124,113,0
981,value,0.216,37,8,29,0
981,noise,0.463,54,25,29,0
981,breakfast,0.471,87,41,46,0
982,wifi,0.308,13,4,9,1
982,restaurant,0.778,9,7,2,1
982,room_service,0.5,2,1,1,1
982,lounge,1.0,1,1,0,1
982,staff,0.857,63,54,9,0
982,cleanliness,0.844,32,27,5,0
982,location,0.94,67,63,4,0
982,room_comfort,0.629,70,44,26,0
982,value,0.263,19,5,14,0
982,noise,0.7,20,14,6,0
982,breakfast,0.394,33,13,20,0
983,staff,1.0,6,6,0,0
983,cleanliness,0.333,3,1,2,0
983,location,0.75,8,6,2,0
983,room_comfort,0.545,11,6,5,0
983,value,0.0,2,0,2,0
983,noise,0.0,2,0,2,0
983,breakfast,0.5,6,3,3,0
984,wifi,0.652,23,15,8,1
984,pool,0.333,3,1,2,1
984,gym,0.75,12,9,3,1
984,sauna,0.0,1,0,1,1
984,restaurant,0.484,62,30,32,1
984,room_service,0.4,15,6,9,1
984,lounge,0.692,39,27,12,1
984,event_space,0.5,2,1,1,1
984,staff,0.88,502,442,60,0
984,cleanliness,0.937,205,192,13,0
984,location,0.925,467,432,35,0
984,room_comfort,0.779,760,592,168,0
984,value,0.316,174,55,119,0
984,noise,0.928,153,142,11,0
984,breakfast,0.478,226,108,118,0
985,wifi,0.5,4,2,2,1
985,restaurant,0.333,3,1,2,1
985,staff,0.676,34,23,11,0
985,cleanliness,0.564,39,22,17,0
985,location,0.875,48,42,6,0
985,room_comfort,0.545,77,42,35,0
985,value,0.733,15,11,4,0
985,noise,0.533,15,8,7,0
985,breakfast,0.286,7,2,5,0
986,wifi,0.8,40,32,8,1
986,pool,0.167,6,1,5,1
986,gym,0.467,15,7,8,1
986,sauna,0.475,40,19,21,1
986,restaurant,0.631,122,77,45,1
986,room_service,0.512,43,22,21,1
986,lounge,0.429,7,3,4,1
986,event_space,0.0,1,0,1,1
986,staff,0.716,564,404,160,0
986,cleanliness,0.873,299,261,38,0
986,location,0.929,510,474,36,0
986,room_comfort,0.622,981,610,371,0
986,value,0.548,177,97,80,0
986,noise,0.511,88,45,43,0
986,breakfast,0.447,331,148,183,0
987,wifi,0.0,2,0,2,1
987,sauna,0.0,1,0,1,1
987,restaurant,0.75,8,6,2,1
987,room_service,0.333,3,1,2,1
987,staff,0.857,28,24,4,0
987,cleanliness,0.75,4,3,1,0
987,location,0.867,15,13,2,0
987,room_comfort,0.486,35,17,18,0
987,value,0.111,9,1,8,0
987,noise,0.25,4,1,3,0
987,breakfast,0.636,11,7,4,0
988,wifi,0.429,7,3,4,1
988,gym,0.0,1,0,1,1
988,restaurant,1.0,2,2,0,1
988,lounge,1.0,1,1,0,1
988,staff,0.956,45,43,2,0
988,cleanliness,0.941,17,16,1,0
988,location,0.867,30,26,4,0
988,room_comfort,0.593,54,32,22,0
988,value,0.714,7,5,2,0
988,noise,1.0,12,12,0,0
988,breakfast,0.462,13,6,7,0
989,wifi,0.625,40,25,15,1
989,pool,0.0,1,0,1,1
989,gym,0.375,8,3,5,1
989,sauna,1.0,1,1,0,1
989,restaurant,0.205,39,8,31,1
989,room_service,0.0,10,0,10,1
989,lounge,0.0,1,0,1,1
989,event_space,1.0,1,1,0,1
989,staff,0.433,194,84,110,0
989,cleanliness,0.707,157,111,46,0
989,location,0.726,223,162,61,0
989,room_comfort,0.565,336,190,146,0
989,value,0.337,92,31,61,0
989,noise,0.658,38,25,13,0
989,breakfast,0.443,115,51,64,0
990,wifi,0.333,12,4,8,1
990,sauna,1.0,1,1,0,1
990,restaurant,1.0,6,6,0,1
990,room_service,0.0,1,0,1,1
990,lounge,1.0,1,1,0,1
990,staff,0.635,85,54,31,0
990,cleanliness,0.319,47,15,32,0
990,location,0.947,113,107,6,0
990,room_comfort,0.24,146,35,111,0
990,value,0.1,20,2,18,0
990,noise,0.75,20,15,5,0
990,breakfast,0.24,25,6,19,0
991,wifi,0.412,68,28,40,1
991,pool,0.0,13,0,13,1
991,gym,0.389,18,7,11,1
991,sauna,0.0,6,0,6,1
991,restaurant,0.578,173,100,73,1
991,room_service,0.278,72,20,52,1
991,lounge,0.743,420,312,108,1
991,event_space,0.333,6,2,4,1
991,staff,0.771,1321,1019,302,0
991,cleanliness,0.859,526,452,74,0
991,location,0.946,1270,1202,68,0
991,room_comfort,0.55,1974,1086,888,0
991,value,0.245,576,141,435,0
991,noise,0.504,240,121,119,0
991,breakfast,0.579,1122,650,472,0
992,wifi,1.0,1,1,0,1
992,restaurant,0.6,5,3,2,1
992,staff,0.848,33,28,5,0
992,cleanliness,0.909,11,10,1,0
992,location,0.833,42,35,7,0
992,room_comfort,0.69,42,29,13,0
992,value,0.667,6,4,2,0
992,noise,0.333,15,5,10,0
992,breakfast,0.625,32,20,12,0
993,wifi,0.5,8,4,4,1
993,pool,1.0,1,1,0,1
993,gym,0.667,3,2,1,1
993,sauna,0.667,3,2,1,1
993,restaurant,0.889,27,24,3,1
993,room_service,0.0,2,0,2,1
993,event_space,0.0,1,0,1,1
993,staff,0.934,152,142,10,0
993,cleanliness,0.758,33,25,8,0
993,location,0.988,162,160,2,0
993,room_comfort,0.483,151,73,78,0
993,value,0.281,32,9,23,0
993,noise,0.379,29,11,18,0
993,breakfast,0.767,120,92,28,0
994,wifi,0.5,4,2,2,1
994,staff,0.818,22,18,4,0
994,cleanliness,0.909,11,10,1,0
994,location,0.969,32,31,1,0
994,room_comfort,0.781,32,25,7,0
994,value,0.273,11,3,8,0
994,noise,0.833,6,5,1,0
994,breakfast,0.222,9,2,7,0
995,wifi,0.0,1,0,1,1
995,pool,0.462,13,6,7,1
995,gym,0.429,7,3,4,1
995,sauna,0.625,8,5,3,1
995,restaurant,0.769,13,10,3,1
995,room_service,0.667,3,2,1,1
995,staff,0.967,60,58,2,0
995,cleanliness,0.923,13,12,1,0
995,location,1.0,26,26,0,0
995,room_comfort,0.655,58,38,20,0
995,value,0.25,16,4,12,0
995,noise,0.7,10,7,3,0
995,breakfast,0.529,34,18,16,0
996,wifi,0.45,60,27,33,1
996,pool,0.701,174,122,52,1
996,gym,0.769,52,40,12,1
996,sauna,0.75,56,42,14,1
996,restaurant,0.356,101,36,65,1
996,room_service,0.154,39,6,33,1
996,lounge,0.75,4,3,1,1
996,event_space,0.778,9,7,2,1
996,staff,0.724,402,291,111,0
996,cleanliness,0.89,237,211,26,0
996,location,0.806,366,295,71,0
996,room_comfort,0.697,822,573,249,0
996,value,0.254,236,60,176,0
996,noise,0.703,74,52,22,0
996,breakfast,0.458,277,127,150,0
997,wifi,0.571,7,4,3,1
997,sauna,1.0,2,2,0,1
997,restaurant,0.667,3,2,1,1
997,room_service,0.0,1,0,1,1
997,staff,0.788,33,26,7,0
997,cleanliness,0.684,19,13,6,0
997,location,0.86,43,37,6,0
997,room_comfort,0.516,62,32,30,0
997,value,0.538,13,7,6,0
997,noise,0.333,18,6,12,0
997,breakfast,0.472,36,17,19,0
998,pool,1.0,1,1,0,1
998,sauna,1.0,3,3,0,1
998,restaurant,0.667,6,4,2,1
998,room_service,0.0,1,0,1,1
998,lounge,0.5,2,1,1,1
998,staff,0.812,16,13,3,0
998,cleanliness,1.0,2,2,0,0
998,location,1.0,6,6,0,0
998,room_comfort,0.474,19,9,10,0
998,value,0.2,5,1,4,0
998,noise,0.667,3,2,1,0
998,breakfast,0.833,6,5,1,0
999,wifi,0.0,2,0,2,1
999,restaurant,0.929,14,13,1,1
999,room_service,0.0,1,0,1,1
999,staff,0.878,49,43,6,0
999,cleanliness,0.871,31,27,4,0
999,location,0.947,75,71,4,0
999,room_comfort,0.435,108,47,61,0
999,value,0.462,13,6,7,0
999,noise,0.588,17,10,7,0
999,breakfast,0.382,34,13,21,0
